270.0,700.0,270.0,700.0,270.0,700.0,270.0,700.0,270.0,700.0,270.0,700.0,270.0,700.0,270.0,700.0,270.0,700.0,270.0,700.0,270.0,700.0,270.0,700.0,270.0,700.0,270.0,700.0,270.0,700.0,270.0,700.0,270.0,700.0,270.0,700.0,270.0,700.0,270.0,700.0,270.0,700.0,270.0,700.0,270.0,700.0,270.0,700.0,270.0,700.0,270.0,700.0,270.0,700.0,270.0,700.0,270.0,700.0,270.0,700.0,270.0,700.0,270.0,700.0,270.0,700.0,270.0,700.0,270.0,700.0,270.0,700.0,270.0,700.0,270.0,700.0,270.0,700.0,270.0,700.0,270.0,700.0,270.0,700.0,270.0,700.0,270.0,700.0,270.0,700.0,270.0,700.0,270.0,700.0,270.0,700.0,270.0,700.0,270.0,700.0,270.0,700.0,270.0,700.0,270.0,700.0,270.0,700.0,270.0,700.0,270.0,700.0,270.0,700.0,270.0,700.0,270.0,700.0,270.0,700.0,270.0,700.0,270.0,700.0,270.0,700.0,270.0,700.0,270.0,700.0,270.0,700.0,270.0,700.0,270.0,700.0
750.0,880.0,750.0,880.0,750.0,880.0,750.0,880.0,750.0,880.0,750.0,880.0,750.0,880.0,750.0,880.0,750.0,880.0,750.0,880.0,750.0,880.0,750.0,880.0,750.0,880.0,750.0,880.0,750.0,880.0,750.0,880.0,750.0,880.0,750.0,880.0,750.0,880.0,750.0,880.0,750.0,880.0,750.0,880.0,750.0,880.0,750.0,880.0,750.0,880.0,750.0,880.0,750.0,880.0,750.0,880.0,750.0,880.0,750.0,880.0,750.0,880.0,750.0,880.0,750.0,880.0,750.0,880.0,750.0,880.0,750.0,880.0,750.0,880.0,750.0,880.0,750.0,880.0,750.0,880.0,750.0,880.0,750.0,880.0,750.0,880.0,750.0,880.0,750.0,880.0,750.0,880.0,750.0,880.0,750.0,880.0,750.0,880.0,750.0,880.0,750.0,880.0,750.0,880.0,750.0,880.0,750.0,880.0,750.0,880.0,750.0,880.0,750.0,880.0,750.0,880.0,750.0,880.0,750.0,880.0,750.0,880.0,750.0,880.0,750.0,880.0,750.0,880.0,750.0,880.0,750.0,880.0,750.0,880.0,750.0,880.0
640.0,870.0,640.0,870.0,640.0,870.0,640.0,870.0,640.0,870.0,640.0,870.0,640.0,870.0,640.0,870.0,640.0,870.0,640.0,870.0,640.0,870.0,640.0,870.0,640.0,870.0,640.0,870.0,640.0,870.0,640.0,870.0,640.0,870.0,640.0,870.0,640.0,870.0,640.0,870.0,640.0,870.0,640.0,870.0,640.0,870.0,640.0,870.0,640.0,870.0,640.0,870.0,640.0,870.0,640.0,870.0,640.0,870.0,640.0,870.0,640.0,870.0,640.0,870.0,640.0,870.0,640.0,870.0,640.0,870.0,640.0,870.0,640.0,870.0,640.0,870.0,640.0,870.0,640.0,870.0,640.0,870.0,640.0,870.0,640.0,870.0,640.0,870.0,640.0,870.0,640.0,870.0,640.0,870.0,640.0,870.0,640.0,870.0,640.0,870.0,640.0,870.0,640.0,870.0,640.0,870.0,640.0,870.0,640.0,870.0,640.0,870.0,640.0,870.0,640.0,870.0,640.0,870.0,640.0,870.0,640.0,870.0,640.0,870.0,640.0,870.0,640.0,870.0,640.0,870.0,640.0,870.0,640.0,870.0,640.0,870.0
510.0,880.0,510.0,880.0,510.0,880.0,510.0,880.0,510.0,880.0,510.0,880.0,510.0,880.0,510.0,880.0,510.0,880.0,510.0,880.0,510.0,880.0,510.0,880.0,510.0,880.0,510.0,880.0,510.0,880.0,510.0,880.0,510.0,880.0,510.0,880.0,510.0,880.0,510.0,880.0,510.0,880.0,510.0,880.0,510.0,880.0,510.0,880.0,510.0,880.0,510.0,880.0,510.0,880.0,510.0,880.0,510.0,880.0,510.0,880.0,510.0,880.0,510.0,880.0,510.0,880.0,510.0,880.0,510.0,880.0,510.0,880.0,510.0,880.0,510.0,880.0,510.0,880.0,510.0,880.0,510.0,880.0,510.0,880.0,510.0,880.0,510.0,880.0,510.0,880.0,510.0,880.0,510.0,880.0,510.0,880.0,510.0,880.0,510.0,880.0,510.0,880.0,510.0,880.0,510.0,880.0,510.0,880.0,510.0,880.0,510.0,880.0,510.0,880.0,510.0,880.0,510.0,880.0,510.0,880.0,510.0,880.0,510.0,880.0,510.0,880.0,510.0,880.0,510.0,880.0,510.0,880.0,510.0,880.0,510.0,880.0
800.0,920.0,800.0,920.0,800.0,920.0,800.0,920.0,800.0,920.0,800.0,920.0,800.0,920.0,800.0,920.0,800.0,920.0,800.0,920.0,800.0,920.0,800.0,920.0,800.0,920.0,800.0,920.0,800.0,920.0,800.0,920.0,800.0,920.0,800.0,920.0,800.0,920.0,800.0,920.0,800.0,920.0,800.0,920.0,800.0,920.0,800.0,920.0,800.0,920.0,800.0,920.0,800.0,920.0,800.0,920.0,800.0,920.0,800.0,920.0,800.0,920.0,800.0,920.0,800.0,920.0,800.0,920.0,800.0,920.0,800.0,920.0,800.0,920.0,800.0,920.0,800.0,920.0,800.0,920.0,800.0,920.0,800.0,920.0,800.0,920.0,800.0,920.0,800.0,920.0,800.0,920.0,800.0,920.0,800.0,920.0,800.0,920.0,800.0,920.0,800.0,920.0,800.0,920.0,800.0,920.0,800.0,920.0,800.0,920.0,800.0,920.0,800.0,920.0,800.0,920.0,800.0,920.0,800.0,920.0,800.0,920.0,800.0,920.0,800.0,920.0,800.0,920.0,800.0,920.0,800.0,920.0,800.0,920.0,800.0,920.0
680.0,1250.0,680.0,1250.0,680.0,1250.0,680.0,1250.0,680.0,1250.0,680.0,1250.0,680.0,1250.0,680.0,1250.0,680.0,1250.0,680.0,1250.0,680.0,1250.0,680.0,1250.0,680.0,1250.0,680.0,1250.0,680.0,1250.0,680.0,1250.0,680.0,1250.0,680.0,1250.0,680.0,1250.0,680.0,1250.0,680.0,1250.0,680.0,1250.0,680.0,1250.0,680.0,1250.0,680.0,1250.0,680.0,1250.0,680.0,1250.0,680.0,1250.0,680.0,1250.0,680.0,1250.0,680.0,1250.0,680.0,1250.0,680.0,1250.0,680.0,1250.0,680.0,1250.0,680.0,1250.0,680.0,1250.0,680.0,1250.0,680.0,1250.0,680.0,1250.0,680.0,1250.0,680.0,1250.0,680.0,1250.0,680.0,1250.0,680.0,1250.0,680.0,1250.0,680.0,1250.0,680.0,1250.0,680.0,1250.0,680.0,1250.0,680.0,1250.0,680.0,1250.0,680.0,1250.0,680.0,1250.0,680.0,1250.0,680.0,1250.0,680.0,1250.0,680.0,1250.0,680.0,1250.0,680.0,1250.0,680.0,1250.0,680.0,1250.0,680.0,1250.0,680.0,1250.0,680.0,1250.0,680.0,1250.0,680.0,1250.0,680.0,1250.0
700.0,670.0,700.0,670.0,700.0,670.0,700.0,670.0,700.0,670.0,700.0,670.0,700.0,670.0,700.0,670.0,700.0,670.0,700.0,670.0,700.0,670.0,700.0,670.0,700.0,670.0,700.0,670.0,700.0,670.0,700.0,670.0,700.0,670.0,700.0,670.0,700.0,670.0,700.0,670.0,700.0,670.0,700.0,670.0,700.0,670.0,700.0,670.0,700.0,670.0,700.0,670.0,700.0,670.0,700.0,670.0,700.0,670.0,700.0,670.0,700.0,670.0,700.0,670.0,700.0,670.0,700.0,670.0,700.0,670.0,700.0,670.0,700.0,670.0,700.0,670.0,700.0,670.0,700.0,670.0,700.0,670.0,700.0,670.0,700.0,670.0,700.0,670.0,700.0,670.0,700.0,670.0,700.0,670.0,700.0,670.0,700.0,670.0,700.0,670.0,700.0,670.0,700.0,670.0,700.0,670.0,700.0,670.0,700.0,670.0,700.0,670.0,700.0,670.0,700.0,670.0,700.0,670.0,700.0,670.0,700.0,670.0,700.0,670.0,700.0,670.0,700.0,670.0,700.0,670.0,700.0,670.0,700.0,670.0,700.0,670.0
470.0,1380.0,470.0,1380.0,470.0,1380.0,470.0,1380.0,470.0,1380.0,470.0,1380.0,470.0,1380.0,470.0,1380.0,470.0,1380.0,470.0,1380.0,470.0,1380.0,470.0,1380.0,470.0,1380.0,470.0,1380.0,470.0,1380.0,470.0,1380.0,470.0,1380.0,470.0,1380.0,470.0,1380.0,470.0,1380.0,470.0,1380.0,470.0,1380.0,470.0,1380.0,470.0,1380.0,470.0,1380.0,470.0,1380.0,470.0,1380.0,470.0,1380.0,470.0,1380.0,470.0,1380.0,470.0,1380.0,470.0,1380.0,470.0,1380.0,470.0,1380.0,470.0,1380.0,470.0,1380.0,470.0,1380.0,470.0,1380.0,470.0,1380.0,470.0,1380.0,470.0,1380.0,470.0,1380.0,470.0,1380.0,470.0,1380.0,470.0,1380.0,470.0,1380.0,470.0,1380.0,470.0,1380.0,470.0,1380.0,470.0,1380.0,470.0,1380.0,470.0,1380.0,470.0,1380.0,470.0,1380.0,470.0,1380.0,470.0,1380.0,470.0,1380.0,470.0,1380.0,470.0,1380.0,470.0,1380.0,470.0,1380.0,470.0,1380.0,470.0,1380.0,470.0,1380.0,470.0,1380.0,470.0,1380.0,470.0,1380.0,470.0,1380.0
314.0,582.0,314.0,582.0,314.0,582.0,314.0,582.0,314.0,582.0,314.0,582.0,314.0,582.0,314.0,582.0,314.0,582.0,314.0,582.0,314.0,582.0,314.0,582.0,314.0,582.0,314.0,582.0,314.0,582.0,314.0,582.0,314.0,582.0,314.0,582.0,314.0,582.0,314.0,582.0,314.0,582.0,314.0,582.0,314.0,582.0,314.0,582.0,314.0,582.0,314.0,582.0,314.0,582.0,314.0,582.0,314.0,582.0,314.0,582.0,314.0,582.0,314.0,582.0,314.0,582.0,314.0,582.0,314.0,582.0,314.0,582.0,314.0,582.0,314.0,582.0,314.0,582.0,314.0,582.0,314.0,582.0,314.0,582.0,314.0,582.0,314.0,582.0,314.0,582.0,314.0,582.0,314.0,582.0,314.0,582.0,314.0,582.0,314.0,582.0,314.0,582.0,314.0,582.0,314.0,582.0,314.0,582.0,314.0,582.0,314.0,582.0,314.0,582.0,314.0,582.0,314.0,582.0,314.0,582.0,314.0,582.0,314.0,582.0,314.0,582.0,314.0,582.0,314.0,582.0,314.0,582.0,314.0,582.0,314.0,582.0
97.0,148.0,97.0,148.0,97.0,148.0,97.0,148.0,97.0,148.0,97.0,148.0,97.0,148.0,97.0,148.0,97.0,148.0,97.0,148.0,97.0,148.0,97.0,148.0,97.0,148.0,97.0,148.0,97.0,148.0,97.0,148.0,97.0,148.0,97.0,148.0,97.0,148.0,97.0,148.0,97.0,148.0,97.0,148.0,97.0,148.0,97.0,148.0,97.0,148.0,97.0,148.0,97.0,148.0,97.0,148.0,97.0,148.0,97.0,148.0,97.0,148.0,97.0,148.0,97.0,148.0,97.0,148.0,97.0,148.0,97.0,148.0,97.0,148.0,97.0,148.0,97.0,148.0,97.0,148.0,97.0,148.0,97.0,148.0,97.0,148.0,97.0,148.0,97.0,148.0,97.0,148.0,97.0,148.0,97.0,148.0,97.0,148.0,97.0,148.0,97.0,148.0,97.0,148.0,97.0,148.0,97.0,148.0,97.0,148.0,97.0,148.0,97.0,148.0,97.0,148.0,97.0,148.0,97.0,148.0,97.0,148.0,97.0,148.0,97.0,148.0,97.0,148.0,97.0,148.0,97.0,148.0,97.0,148.0,97.0,148.0
876.0,642.0,876.0,642.0,876.0,642.0,876.0,642.0,876.0,642.0,876.0,642.0,876.0,642.0,876.0,642.0,876.0,642.0,876.0,642.0,876.0,642.0,876.0,642.0,876.0,642.0,876.0,642.0,876.0,642.0,876.0,642.0,876.0,642.0,876.0,642.0,876.0,642.0,876.0,642.0,876.0,642.0,876.0,642.0,876.0,642.0,876.0,642.0,876.0,642.0,876.0,642.0,876.0,642.0,876.0,642.0,876.0,642.0,876.0,642.0,876.0,642.0,876.0,642.0,876.0,642.0,876.0,642.0,876.0,642.0,876.0,642.0,876.0,642.0,876.0,642.0,876.0,642.0,876.0,642.0,876.0,642.0,876.0,642.0,876.0,642.0,876.0,642.0,876.0,642.0,876.0,642.0,876.0,642.0,876.0,642.0,876.0,642.0,876.0,642.0,876.0,642.0,876.0,642.0,876.0,642.0,876.0,642.0,876.0,642.0,876.0,642.0,876.0,642.0,876.0,642.0,876.0,642.0,876.0,642.0,876.0,642.0,876.0,642.0,876.0,642.0,876.0,642.0,876.0,642.0,876.0,642.0,876.0,642.0,876.0,642.0
490.0,790.0,490.0,790.0,490.0,790.0,490.0,790.0,490.0,790.0,490.0,790.0,490.0,790.0,490.0,790.0,490.0,790.0,490.0,790.0,490.0,790.0,490.0,790.0,490.0,790.0,490.0,790.0,490.0,790.0,490.0,790.0,490.0,790.0,490.0,790.0,490.0,790.0,490.0,790.0,490.0,790.0,490.0,790.0,490.0,790.0,490.0,790.0,490.0,790.0,490.0,790.0,490.0,790.0,490.0,790.0,490.0,790.0,490.0,790.0,490.0,790.0,490.0,790.0,490.0,790.0,490.0,790.0,490.0,790.0,490.0,790.0,490.0,790.0,490.0,790.0,490.0,790.0,490.0,790.0,490.0,790.0,490.0,790.0,490.0,790.0,490.0,790.0,490.0,790.0,490.0,790.0,490.0,790.0,490.0,790.0,490.0,790.0,490.0,790.0,490.0,790.0,490.0,790.0,490.0,790.0,490.0,790.0,490.0,790.0,490.0,790.0,490.0,790.0,490.0,790.0,490.0,790.0,490.0,790.0,490.0,790.0,490.0,790.0,490.0,790.0,490.0,790.0,490.0,790.0,490.0,790.0,490.0,790.0,490.0,790.0
600.0,510.0,600.0,510.0,600.0,510.0,600.0,510.0,600.0,510.0,600.0,510.0,600.0,510.0,600.0,510.0,600.0,510.0,600.0,510.0,600.0,510.0,600.0,510.0,600.0,510.0,600.0,510.0,600.0,510.0,600.0,510.0,600.0,510.0,600.0,510.0,600.0,510.0,600.0,510.0,600.0,510.0,600.0,510.0,600.0,510.0,600.0,510.0,600.0,510.0,600.0,510.0,600.0,510.0,600.0,510.0,600.0,510.0,600.0,510.0,600.0,510.0,600.0,510.0,600.0,510.0,600.0,510.0,600.0,510.0,600.0,510.0,600.0,510.0,600.0,510.0,600.0,510.0,600.0,510.0,600.0,510.0,600.0,510.0,600.0,510.0,600.0,510.0,600.0,510.0,600.0,510.0,600.0,510.0,600.0,510.0,600.0,510.0,600.0,510.0,600.0,510.0,600.0,510.0,600.0,510.0,600.0,510.0,600.0,510.0,600.0,510.0,600.0,510.0,600.0,510.0,600.0,510.0,600.0,510.0,600.0,510.0,600.0,510.0,600.0,510.0,600.0,510.0,600.0,510.0,600.0,510.0,600.0,510.0,600.0,510.0
135.0,21.0,135.0,21.0,135.0,21.0,135.0,21.0,135.0,21.0,135.0,21.0,135.0,21.0,135.0,21.0,135.0,21.0,135.0,21.0,135.0,21.0,135.0,21.0,135.0,21.0,135.0,21.0,135.0,21.0,135.0,21.0,135.0,21.0,135.0,21.0,135.0,21.0,135.0,21.0,135.0,21.0,135.0,21.0,135.0,21.0,135.0,21.0,135.0,21.0,135.0,21.0,135.0,21.0,135.0,21.0,135.0,21.0,135.0,21.0,135.0,21.0,135.0,21.0,135.0,21.0,135.0,21.0,135.0,21.0,135.0,21.0,135.0,21.0,135.0,21.0,135.0,21.0,135.0,21.0,135.0,21.0,135.0,21.0,135.0,21.0,135.0,21.0,135.0,21.0,135.0,21.0,135.0,21.0,135.0,21.0,135.0,21.0,135.0,21.0,135.0,21.0,135.0,21.0,135.0,21.0,135.0,21.0,135.0,21.0,135.0,21.0,135.0,21.0,135.0,21.0,135.0,21.0,135.0,21.0,135.0,21.0,135.0,21.0,135.0,21.0,135.0,21.0,135.0,21.0,135.0,21.0,135.0,21.0,135.0,21.0
118.0,217.0,118.0,217.0,118.0,217.0,118.0,217.0,118.0,217.0,118.0,217.0,118.0,217.0,118.0,217.0,118.0,217.0,118.0,217.0,118.0,217.0,118.0,217.0,118.0,217.0,118.0,217.0,118.0,217.0,118.0,217.0,118.0,217.0,118.0,217.0,118.0,217.0,118.0,217.0,118.0,217.0,118.0,217.0,118.0,217.0,118.0,217.0,118.0,217.0,118.0,217.0,118.0,217.0,118.0,217.0,118.0,217.0,118.0,217.0,118.0,217.0,118.0,217.0,118.0,217.0,118.0,217.0,118.0,217.0,118.0,217.0,118.0,217.0,118.0,217.0,118.0,217.0,118.0,217.0,118.0,217.0,118.0,217.0,118.0,217.0,118.0,217.0,118.0,217.0,118.0,217.0,118.0,217.0,118.0,217.0,118.0,217.0,118.0,217.0,118.0,217.0,118.0,217.0,118.0,217.0,118.0,217.0,118.0,217.0,118.0,217.0,118.0,217.0,118.0,217.0,118.0,217.0,118.0,217.0,118.0,217.0,118.0,217.0,118.0,217.0,118.0,217.0,118.0,217.0,118.0,217.0,118.0,217.0,118.0,217.0
170.0,920.0,170.0,920.0,170.0,920.0,170.0,920.0,170.0,920.0,170.0,920.0,170.0,920.0,170.0,920.0,170.0,920.0,170.0,920.0,170.0,920.0,170.0,920.0,170.0,920.0,170.0,920.0,170.0,920.0,170.0,920.0,170.0,920.0,170.0,920.0,170.0,920.0,170.0,920.0,170.0,920.0,170.0,920.0,170.0,920.0,170.0,920.0,170.0,920.0,170.0,920.0,170.0,920.0,170.0,920.0,170.0,920.0,170.0,920.0,170.0,920.0,170.0,920.0,170.0,920.0,170.0,920.0,170.0,920.0,170.0,920.0,170.0,920.0,170.0,920.0,170.0,920.0,170.0,920.0,170.0,920.0,170.0,920.0,170.0,920.0,170.0,920.0,170.0,920.0,170.0,920.0,170.0,920.0,170.0,920.0,170.0,920.0,170.0,920.0,170.0,920.0,170.0,920.0,170.0,920.0,170.0,920.0,170.0,920.0,170.0,920.0,170.0,920.0,170.0,920.0,170.0,920.0,170.0,920.0,170.0,920.0,170.0,920.0,170.0,920.0,170.0,920.0,170.0,920.0,170.0,920.0,170.0,920.0,170.0,920.0
666.0,940.0,666.0,940.0,666.0,940.0,666.0,940.0,666.0,940.0,666.0,940.0,666.0,940.0,666.0,940.0,666.0,940.0,666.0,940.0,666.0,940.0,666.0,940.0,666.0,940.0,666.0,940.0,666.0,940.0,666.0,940.0,666.0,940.0,666.0,940.0,666.0,940.0,666.0,940.0,666.0,940.0,666.0,940.0,666.0,940.0,666.0,940.0,666.0,940.0,666.0,940.0,666.0,940.0,666.0,940.0,666.0,940.0,666.0,940.0,666.0,940.0,666.0,940.0,666.0,940.0,666.0,940.0,666.0,940.0,666.0,940.0,666.0,940.0,666.0,940.0,666.0,940.0,666.0,940.0,666.0,940.0,666.0,940.0,666.0,940.0,666.0,940.0,666.0,940.0,666.0,940.0,666.0,940.0,666.0,940.0,666.0,940.0,666.0,940.0,666.0,940.0,666.0,940.0,666.0,940.0,666.0,940.0,666.0,940.0,666.0,940.0,666.0,940.0,666.0,940.0,666.0,940.0,666.0,940.0,666.0,940.0,666.0,940.0,666.0,940.0,666.0,940.0,666.0,940.0,666.0,940.0,666.0,940.0,666.0,940.0
519.0,699.0,519.0,699.0,519.0,699.0,519.0,699.0,519.0,699.0,519.0,699.0,519.0,699.0,519.0,699.0,519.0,699.0,519.0,699.0,519.0,699.0,519.0,699.0,519.0,699.0,519.0,699.0,519.0,699.0,519.0,699.0,519.0,699.0,519.0,699.0,519.0,699.0,519.0,699.0,519.0,699.0,519.0,699.0,519.0,699.0,519.0,699.0,519.0,699.0,519.0,699.0,519.0,699.0,519.0,699.0,519.0,699.0,519.0,699.0,519.0,699.0,519.0,699.0,519.0,699.0,519.0,699.0,519.0,699.0,519.0,699.0,519.0,699.0,519.0,699.0,519.0,699.0,519.0,699.0,519.0,699.0,519.0,699.0,519.0,699.0,519.0,699.0,519.0,699.0,519.0,699.0,519.0,699.0,519.0,699.0,519.0,699.0,519.0,699.0,519.0,699.0,519.0,699.0,519.0,699.0,519.0,699.0,519.0,699.0,519.0,699.0,519.0,699.0,519.0,699.0,519.0,699.0,519.0,699.0,519.0,699.0,519.0,699.0,519.0,699.0,519.0,699.0,519.0,699.0,519.0,699.0,519.0,699.0,519.0,699.0
721.0,295.0,721.0,295.0,721.0,295.0,721.0,295.0,721.0,295.0,721.0,295.0,721.0,295.0,721.0,295.0,721.0,295.0,721.0,295.0,721.0,295.0,721.0,295.0,721.0,295.0,721.0,295.0,721.0,295.0,721.0,295.0,721.0,295.0,721.0,295.0,721.0,295.0,721.0,295.0,721.0,295.0,721.0,295.0,721.0,295.0,721.0,295.0,721.0,295.0,721.0,295.0,721.0,295.0,721.0,295.0,721.0,295.0,721.0,295.0,721.0,295.0,721.0,295.0,721.0,295.0,721.0,295.0,721.0,295.0,721.0,295.0,721.0,295.0,721.0,295.0,721.0,295.0,721.0,295.0,721.0,295.0,721.0,295.0,721.0,295.0,721.0,295.0,721.0,295.0,721.0,295.0,721.0,295.0,721.0,295.0,721.0,295.0,721.0,295.0,721.0,295.0,721.0,295.0,721.0,295.0,721.0,295.0,721.0,295.0,721.0,295.0,721.0,295.0,721.0,295.0,721.0,295.0,721.0,295.0,721.0,295.0,721.0,295.0,721.0,295.0,721.0,295.0,721.0,295.0,721.0,295.0,721.0,295.0,721.0,295.0
103.0,87.0,103.0,87.0,103.0,87.0,103.0,87.0,103.0,87.0,103.0,87.0,103.0,87.0,103.0,87.0,103.0,87.0,103.0,87.0,103.0,87.0,103.0,87.0,103.0,87.0,103.0,87.0,103.0,87.0,103.0,87.0,103.0,87.0,103.0,87.0,103.0,87.0,103.0,87.0,103.0,87.0,103.0,87.0,103.0,87.0,103.0,87.0,103.0,87.0,103.0,87.0,103.0,87.0,103.0,87.0,103.0,87.0,103.0,87.0,103.0,87.0,103.0,87.0,103.0,87.0,103.0,87.0,103.0,87.0,103.0,87.0,103.0,87.0,103.0,87.0,103.0,87.0,103.0,87.0,103.0,87.0,103.0,87.0,103.0,87.0,103.0,87.0,103.0,87.0,103.0,87.0,103.0,87.0,103.0,87.0,103.0,87.0,103.0,87.0,103.0,87.0,103.0,87.0,103.0,87.0,103.0,87.0,103.0,87.0,103.0,87.0,103.0,87.0,103.0,87.0,103.0,87.0,103.0,87.0,103.0,87.0,103.0,87.0,103.0,87.0,103.0,87.0,103.0,87.0,103.0,87.0,103.0,87.0,103.0,87.0
460.0,820.0,460.0,820.0,460.0,820.0,460.0,820.0,460.0,820.0,460.0,820.0,460.0,820.0,460.0,820.0,460.0,820.0,460.0,820.0,460.0,820.0,460.0,820.0,460.0,820.0,460.0,820.0,460.0,820.0,460.0,820.0,460.0,820.0,460.0,820.0,460.0,820.0,460.0,820.0,460.0,820.0,460.0,820.0,460.0,820.0,460.0,820.0,460.0,820.0,460.0,820.0,460.0,820.0,460.0,820.0,460.0,820.0,460.0,820.0,460.0,820.0,460.0,820.0,460.0,820.0,460.0,820.0,460.0,820.0,460.0,820.0,460.0,820.0,460.0,820.0,460.0,820.0,460.0,820.0,460.0,820.0,460.0,820.0,460.0,820.0,460.0,820.0,460.0,820.0,460.0,820.0,460.0,820.0,460.0,820.0,460.0,820.0,460.0,820.0,460.0,820.0,460.0,820.0,460.0,820.0,460.0,820.0,460.0,820.0,460.0,820.0,460.0,820.0,460.0,820.0,460.0,820.0,460.0,820.0,460.0,820.0,460.0,820.0,460.0,820.0,460.0,820.0,460.0,820.0,460.0,820.0,460.0,820.0,460.0,820.0
700.0,1030.0,700.0,1030.0,700.0,1030.0,700.0,1030.0,700.0,1030.0,700.0,1030.0,700.0,1030.0,700.0,1030.0,700.0,1030.0,700.0,1030.0,700.0,1030.0,700.0,1030.0,700.0,1030.0,700.0,1030.0,700.0,1030.0,700.0,1030.0,700.0,1030.0,700.0,1030.0,700.0,1030.0,700.0,1030.0,700.0,1030.0,700.0,1030.0,700.0,1030.0,700.0,1030.0,700.0,1030.0,700.0,1030.0,700.0,1030.0,700.0,1030.0,700.0,1030.0,700.0,1030.0,700.0,1030.0,700.0,1030.0,700.0,1030.0,700.0,1030.0,700.0,1030.0,700.0,1030.0,700.0,1030.0,700.0,1030.0,700.0,1030.0,700.0,1030.0,700.0,1030.0,700.0,1030.0,700.0,1030.0,700.0,1030.0,700.0,1030.0,700.0,1030.0,700.0,1030.0,700.0,1030.0,700.0,1030.0,700.0,1030.0,700.0,1030.0,700.0,1030.0,700.0,1030.0,700.0,1030.0,700.0,1030.0,700.0,1030.0,700.0,1030.0,700.0,1030.0,700.0,1030.0,700.0,1030.0,700.0,1030.0,700.0,1030.0,700.0,1030.0,700.0,1030.0,700.0,1030.0,700.0,1030.0,700.0,1030.0,700.0,1030.0
642.0,812.0,642.0,812.0,642.0,812.0,642.0,812.0,642.0,812.0,642.0,812.0,642.0,812.0,642.0,812.0,642.0,812.0,642.0,812.0,642.0,812.0,642.0,812.0,642.0,812.0,642.0,812.0,642.0,812.0,642.0,812.0,642.0,812.0,642.0,812.0,642.0,812.0,642.0,812.0,642.0,812.0,642.0,812.0,642.0,812.0,642.0,812.0,642.0,812.0,642.0,812.0,642.0,812.0,642.0,812.0,642.0,812.0,642.0,812.0,642.0,812.0,642.0,812.0,642.0,812.0,642.0,812.0,642.0,812.0,642.0,812.0,642.0,812.0,642.0,812.0,642.0,812.0,642.0,812.0,642.0,812.0,642.0,812.0,642.0,812.0,642.0,812.0,642.0,812.0,642.0,812.0,642.0,812.0,642.0,812.0,642.0,812.0,642.0,812.0,642.0,812.0,642.0,812.0,642.0,812.0,642.0,812.0,642.0,812.0,642.0,812.0,642.0,812.0,642.0,812.0,642.0,812.0,642.0,812.0,642.0,812.0,642.0,812.0,642.0,812.0,642.0,812.0,642.0,812.0,642.0,812.0,642.0,812.0,642.0,812.0
63.0,127.0,63.0,127.0,63.0,127.0,63.0,127.0,63.0,127.0,63.0,127.0,63.0,127.0,63.0,127.0,63.0,127.0,63.0,127.0,63.0,127.0,63.0,127.0,63.0,127.0,63.0,127.0,63.0,127.0,63.0,127.0,63.0,127.0,63.0,127.0,63.0,127.0,63.0,127.0,63.0,127.0,63.0,127.0,63.0,127.0,63.0,127.0,63.0,127.0,63.0,127.0,63.0,127.0,63.0,127.0,63.0,127.0,63.0,127.0,63.0,127.0,63.0,127.0,63.0,127.0,63.0,127.0,63.0,127.0,63.0,127.0,63.0,127.0,63.0,127.0,63.0,127.0,63.0,127.0,63.0,127.0,63.0,127.0,63.0,127.0,63.0,127.0,63.0,127.0,63.0,127.0,63.0,127.0,63.0,127.0,63.0,127.0,63.0,127.0,63.0,127.0,63.0,127.0,63.0,127.0,63.0,127.0,63.0,127.0,63.0,127.0,63.0,127.0,63.0,127.0,63.0,127.0,63.0,127.0,63.0,127.0,63.0,127.0,63.0,127.0,63.0,127.0,63.0,127.0,63.0,127.0,63.0,127.0,63.0,127.0
590.0,920.0,590.0,920.0,590.0,920.0,590.0,920.0,590.0,920.0,590.0,920.0,590.0,920.0,590.0,920.0,590.0,920.0,590.0,920.0,590.0,920.0,590.0,920.0,590.0,920.0,590.0,920.0,590.0,920.0,590.0,920.0,590.0,920.0,590.0,920.0,590.0,920.0,590.0,920.0,590.0,920.0,590.0,920.0,590.0,920.0,590.0,920.0,590.0,920.0,590.0,920.0,590.0,920.0,590.0,920.0,590.0,920.0,590.0,920.0,590.0,920.0,590.0,920.0,590.0,920.0,590.0,920.0,590.0,920.0,590.0,920.0,590.0,920.0,590.0,920.0,590.0,920.0,590.0,920.0,590.0,920.0,590.0,920.0,590.0,920.0,590.0,920.0,590.0,920.0,590.0,920.0,590.0,920.0,590.0,920.0,590.0,920.0,590.0,920.0,590.0,920.0,590.0,920.0,590.0,920.0,590.0,920.0,590.0,920.0,590.0,920.0,590.0,920.0,590.0,920.0,590.0,920.0,590.0,920.0,590.0,920.0,590.0,920.0,590.0,920.0,590.0,920.0,590.0,920.0,590.0,920.0,590.0,920.0,590.0,920.0
730.0,760.0,730.0,760.0,730.0,760.0,730.0,760.0,730.0,760.0,730.0,760.0,730.0,760.0,730.0,760.0,730.0,760.0,730.0,760.0,730.0,760.0,730.0,760.0,730.0,760.0,730.0,760.0,730.0,760.0,730.0,760.0,730.0,760.0,730.0,760.0,730.0,760.0,730.0,760.0,730.0,760.0,730.0,760.0,730.0,760.0,730.0,760.0,730.0,760.0,730.0,760.0,730.0,760.0,730.0,760.0,730.0,760.0,730.0,760.0,730.0,760.0,730.0,760.0,730.0,760.0,730.0,760.0,730.0,760.0,730.0,760.0,730.0,760.0,730.0,760.0,730.0,760.0,730.0,760.0,730.0,760.0,730.0,760.0,730.0,760.0,730.0,760.0,730.0,760.0,730.0,760.0,730.0,760.0,730.0,760.0,730.0,760.0,730.0,760.0,730.0,760.0,730.0,760.0,730.0,760.0,730.0,760.0,730.0,760.0,730.0,760.0,730.0,760.0,730.0,760.0,730.0,760.0,730.0,760.0,730.0,760.0,730.0,760.0,730.0,760.0,730.0,760.0,730.0,760.0,730.0,760.0,730.0,760.0,730.0,760.0
660.0,1240.0,660.0,1240.0,660.0,1240.0,660.0,1240.0,660.0,1240.0,660.0,1240.0,660.0,1240.0,660.0,1240.0,660.0,1240.0,660.0,1240.0,660.0,1240.0,660.0,1240.0,660.0,1240.0,660.0,1240.0,660.0,1240.0,660.0,1240.0,660.0,1240.0,660.0,1240.0,660.0,1240.0,660.0,1240.0,660.0,1240.0,660.0,1240.0,660.0,1240.0,660.0,1240.0,660.0,1240.0,660.0,1240.0,660.0,1240.0,660.0,1240.0,660.0,1240.0,660.0,1240.0,660.0,1240.0,660.0,1240.0,660.0,1240.0,660.0,1240.0,660.0,1240.0,660.0,1240.0,660.0,1240.0,660.0,1240.0,660.0,1240.0,660.0,1240.0,660.0,1240.0,660.0,1240.0,660.0,1240.0,660.0,1240.0,660.0,1240.0,660.0,1240.0,660.0,1240.0,660.0,1240.0,660.0,1240.0,660.0,1240.0,660.0,1240.0,660.0,1240.0,660.0,1240.0,660.0,1240.0,660.0,1240.0,660.0,1240.0,660.0,1240.0,660.0,1240.0,660.0,1240.0,660.0,1240.0,660.0,1240.0,660.0,1240.0,660.0,1240.0,660.0,1240.0,660.0,1240.0,660.0,1240.0,660.0,1240.0,660.0,1240.0
624.0,811.0,624.0,811.0,624.0,811.0,624.0,811.0,624.0,811.0,624.0,811.0,624.0,811.0,624.0,811.0,624.0,811.0,624.0,811.0,624.0,811.0,624.0,811.0,624.0,811.0,624.0,811.0,624.0,811.0,624.0,811.0,624.0,811.0,624.0,811.0,624.0,811.0,624.0,811.0,624.0,811.0,624.0,811.0,624.0,811.0,624.0,811.0,624.0,811.0,624.0,811.0,624.0,811.0,624.0,811.0,624.0,811.0,624.0,811.0,624.0,811.0,624.0,811.0,624.0,811.0,624.0,811.0,624.0,811.0,624.0,811.0,624.0,811.0,624.0,811.0,624.0,811.0,624.0,811.0,624.0,811.0,624.0,811.0,624.0,811.0,624.0,811.0,624.0,811.0,624.0,811.0,624.0,811.0,624.0,811.0,624.0,811.0,624.0,811.0,624.0,811.0,624.0,811.0,624.0,811.0,624.0,811.0,624.0,811.0,624.0,811.0,624.0,811.0,624.0,811.0,624.0,811.0,624.0,811.0,624.0,811.0,624.0,811.0,624.0,811.0,624.0,811.0,624.0,811.0,624.0,811.0,624.0,811.0,624.0,811.0
380.0,865.0,380.0,865.0,380.0,865.0,380.0,865.0,380.0,865.0,380.0,865.0,380.0,865.0,380.0,865.0,380.0,865.0,380.0,865.0,380.0,865.0,380.0,865.0,380.0,865.0,380.0,865.0,380.0,865.0,380.0,865.0,380.0,865.0,380.0,865.0,380.0,865.0,380.0,865.0,380.0,865.0,380.0,865.0,380.0,865.0,380.0,865.0,380.0,865.0,380.0,865.0,380.0,865.0,380.0,865.0,380.0,865.0,380.0,865.0,380.0,865.0,380.0,865.0,380.0,865.0,380.0,865.0,380.0,865.0,380.0,865.0,380.0,865.0,380.0,865.0,380.0,865.0,380.0,865.0,380.0,865.0,380.0,865.0,380.0,865.0,380.0,865.0,380.0,865.0,380.0,865.0,380.0,865.0,380.0,865.0,380.0,865.0,380.0,865.0,380.0,865.0,380.0,865.0,380.0,865.0,380.0,865.0,380.0,865.0,380.0,865.0,380.0,865.0,380.0,865.0,380.0,865.0,380.0,865.0,380.0,865.0,380.0,865.0,380.0,865.0,380.0,865.0,380.0,865.0,380.0,865.0,380.0,865.0,380.0,865.0
310.0,730.0,310.0,730.0,310.0,730.0,310.0,730.0,310.0,730.0,310.0,730.0,310.0,730.0,310.0,730.0,310.0,730.0,310.0,730.0,310.0,730.0,310.0,730.0,310.0,730.0,310.0,730.0,310.0,730.0,310.0,730.0,310.0,730.0,310.0,730.0,310.0,730.0,310.0,730.0,310.0,730.0,310.0,730.0,310.0,730.0,310.0,730.0,310.0,730.0,310.0,730.0,310.0,730.0,310.0,730.0,310.0,730.0,310.0,730.0,310.0,730.0,310.0,730.0,310.0,730.0,310.0,730.0,310.0,730.0,310.0,730.0,310.0,730.0,310.0,730.0,310.0,730.0,310.0,730.0,310.0,730.0,310.0,730.0,310.0,730.0,310.0,730.0,310.0,730.0,310.0,730.0,310.0,730.0,310.0,730.0,310.0,730.0,310.0,730.0,310.0,730.0,310.0,730.0,310.0,730.0,310.0,730.0,310.0,730.0,310.0,730.0,310.0,730.0,310.0,730.0,310.0,730.0,310.0,730.0,310.0,730.0,310.0,730.0,310.0,730.0,310.0,730.0,310.0,730.0,310.0,730.0,310.0,730.0,310.0,730.0
640.0,790.0,640.0,790.0,640.0,790.0,640.0,790.0,640.0,790.0,640.0,790.0,640.0,790.0,640.0,790.0,640.0,790.0,640.0,790.0,640.0,790.0,640.0,790.0,640.0,790.0,640.0,790.0,640.0,790.0,640.0,790.0,640.0,790.0,640.0,790.0,640.0,790.0,640.0,790.0,640.0,790.0,640.0,790.0,640.0,790.0,640.0,790.0,640.0,790.0,640.0,790.0,640.0,790.0,640.0,790.0,640.0,790.0,640.0,790.0,640.0,790.0,640.0,790.0,640.0,790.0,640.0,790.0,640.0,790.0,640.0,790.0,640.0,790.0,640.0,790.0,640.0,790.0,640.0,790.0,640.0,790.0,640.0,790.0,640.0,790.0,640.0,790.0,640.0,790.0,640.0,790.0,640.0,790.0,640.0,790.0,640.0,790.0,640.0,790.0,640.0,790.0,640.0,790.0,640.0,790.0,640.0,790.0,640.0,790.0,640.0,790.0,640.0,790.0,640.0,790.0,640.0,790.0,640.0,790.0,640.0,790.0,640.0,790.0,640.0,790.0,640.0,790.0,640.0,790.0,640.0,790.0,640.0,790.0,640.0,790.0
656.0,856.0,656.0,856.0,656.0,856.0,656.0,856.0,656.0,856.0,656.0,856.0,656.0,856.0,656.0,856.0,656.0,856.0,656.0,856.0,656.0,856.0,656.0,856.0,656.0,856.0,656.0,856.0,656.0,856.0,656.0,856.0,656.0,856.0,656.0,856.0,656.0,856.0,656.0,856.0,656.0,856.0,656.0,856.0,656.0,856.0,656.0,856.0,656.0,856.0,656.0,856.0,656.0,856.0,656.0,856.0,656.0,856.0,656.0,856.0,656.0,856.0,656.0,856.0,656.0,856.0,656.0,856.0,656.0,856.0,656.0,856.0,656.0,856.0,656.0,856.0,656.0,856.0,656.0,856.0,656.0,856.0,656.0,856.0,656.0,856.0,656.0,856.0,656.0,856.0,656.0,856.0,656.0,856.0,656.0,856.0,656.0,856.0,656.0,856.0,656.0,856.0,656.0,856.0,656.0,856.0,656.0,856.0,656.0,856.0,656.0,856.0,656.0,856.0,656.0,856.0,656.0,856.0,656.0,856.0,656.0,856.0,656.0,856.0,656.0,856.0,656.0,856.0,656.0,856.0,656.0,856.0,656.0,856.0,656.0,856.0
417.0,511.0,417.0,511.0,417.0,511.0,417.0,511.0,417.0,511.0,417.0,511.0,417.0,511.0,417.0,511.0,417.0,511.0,417.0,511.0,417.0,511.0,417.0,511.0,417.0,511.0,417.0,511.0,417.0,511.0,417.0,511.0,417.0,511.0,417.0,511.0,417.0,511.0,417.0,511.0,417.0,511.0,417.0,511.0,417.0,511.0,417.0,511.0,417.0,511.0,417.0,511.0,417.0,511.0,417.0,511.0,417.0,511.0,417.0,511.0,417.0,511.0,417.0,511.0,417.0,511.0,417.0,511.0,417.0,511.0,417.0,511.0,417.0,511.0,417.0,511.0,417.0,511.0,417.0,511.0,417.0,511.0,417.0,511.0,417.0,511.0,417.0,511.0,417.0,511.0,417.0,511.0,417.0,511.0,417.0,511.0,417.0,511.0,417.0,511.0,417.0,511.0,417.0,511.0,417.0,511.0,417.0,511.0,417.0,511.0,417.0,511.0,417.0,511.0,417.0,511.0,417.0,511.0,417.0,511.0,417.0,511.0,417.0,511.0,417.0,511.0,417.0,511.0,417.0,511.0,417.0,511.0,417.0,511.0,417.0,511.0
490.0,960.0,490.0,960.0,490.0,960.0,490.0,960.0,490.0,960.0,490.0,960.0,490.0,960.0,490.0,960.0,490.0,960.0,490.0,960.0,490.0,960.0,490.0,960.0,490.0,960.0,490.0,960.0,490.0,960.0,490.0,960.0,490.0,960.0,490.0,960.0,490.0,960.0,490.0,960.0,490.0,960.0,490.0,960.0,490.0,960.0,490.0,960.0,490.0,960.0,490.0,960.0,490.0,960.0,490.0,960.0,490.0,960.0,490.0,960.0,490.0,960.0,490.0,960.0,490.0,960.0,490.0,960.0,490.0,960.0,490.0,960.0,490.0,960.0,490.0,960.0,490.0,960.0,490.0,960.0,490.0,960.0,490.0,960.0,490.0,960.0,490.0,960.0,490.0,960.0,490.0,960.0,490.0,960.0,490.0,960.0,490.0,960.0,490.0,960.0,490.0,960.0,490.0,960.0,490.0,960.0,490.0,960.0,490.0,960.0,490.0,960.0,490.0,960.0,490.0,960.0,490.0,960.0,490.0,960.0,490.0,960.0,490.0,960.0,490.0,960.0,490.0,960.0,490.0,960.0,490.0,960.0,490.0,960.0,490.0,960.0
470.0,920.0,470.0,920.0,470.0,920.0,470.0,920.0,470.0,920.0,470.0,920.0,470.0,920.0,470.0,920.0,470.0,920.0,470.0,920.0,470.0,920.0,470.0,920.0,470.0,920.0,470.0,920.0,470.0,920.0,470.0,920.0,470.0,920.0,470.0,920.0,470.0,920.0,470.0,920.0,470.0,920.0,470.0,920.0,470.0,920.0,470.0,920.0,470.0,920.0,470.0,920.0,470.0,920.0,470.0,920.0,470.0,920.0,470.0,920.0,470.0,920.0,470.0,920.0,470.0,920.0,470.0,920.0,470.0,920.0,470.0,920.0,470.0,920.0,470.0,920.0,470.0,920.0,470.0,920.0,470.0,920.0,470.0,920.0,470.0,920.0,470.0,920.0,470.0,920.0,470.0,920.0,470.0,920.0,470.0,920.0,470.0,920.0,470.0,920.0,470.0,920.0,470.0,920.0,470.0,920.0,470.0,920.0,470.0,920.0,470.0,920.0,470.0,920.0,470.0,920.0,470.0,920.0,470.0,920.0,470.0,920.0,470.0,920.0,470.0,920.0,470.0,920.0,470.0,920.0,470.0,920.0,470.0,920.0,470.0,920.0
454.0,681.0,454.0,681.0,454.0,681.0,454.0,681.0,454.0,681.0,454.0,681.0,454.0,681.0,454.0,681.0,454.0,681.0,454.0,681.0,454.0,681.0,454.0,681.0,454.0,681.0,454.0,681.0,454.0,681.0,454.0,681.0,454.0,681.0,454.0,681.0,454.0,681.0,454.0,681.0,454.0,681.0,454.0,681.0,454.0,681.0,454.0,681.0,454.0,681.0,454.0,681.0,454.0,681.0,454.0,681.0,454.0,681.0,454.0,681.0,454.0,681.0,454.0,681.0,454.0,681.0,454.0,681.0,454.0,681.0,454.0,681.0,454.0,681.0,454.0,681.0,454.0,681.0,454.0,681.0,454.0,681.0,454.0,681.0,454.0,681.0,454.0,681.0,454.0,681.0,454.0,681.0,454.0,681.0,454.0,681.0,454.0,681.0,454.0,681.0,454.0,681.0,454.0,681.0,454.0,681.0,454.0,681.0,454.0,681.0,454.0,681.0,454.0,681.0,454.0,681.0,454.0,681.0,454.0,681.0,454.0,681.0,454.0,681.0,454.0,681.0,454.0,681.0,454.0,681.0,454.0,681.0,454.0,681.0,454.0,681.0
198.0,147.0,198.0,147.0,198.0,147.0,198.0,147.0,198.0,147.0,198.0,147.0,198.0,147.0,198.0,147.0,198.0,147.0,198.0,147.0,198.0,147.0,198.0,147.0,198.0,147.0,198.0,147.0,198.0,147.0,198.0,147.0,198.0,147.0,198.0,147.0,198.0,147.0,198.0,147.0,198.0,147.0,198.0,147.0,198.0,147.0,198.0,147.0,198.0,147.0,198.0,147.0,198.0,147.0,198.0,147.0,198.0,147.0,198.0,147.0,198.0,147.0,198.0,147.0,198.0,147.0,198.0,147.0,198.0,147.0,198.0,147.0,198.0,147.0,198.0,147.0,198.0,147.0,198.0,147.0,198.0,147.0,198.0,147.0,198.0,147.0,198.0,147.0,198.0,147.0,198.0,147.0,198.0,147.0,198.0,147.0,198.0,147.0,198.0,147.0,198.0,147.0,198.0,147.0,198.0,147.0,198.0,147.0,198.0,147.0,198.0,147.0,198.0,147.0,198.0,147.0,198.0,147.0,198.0,147.0,198.0,147.0,198.0,147.0,198.0,147.0,198.0,147.0,198.0,147.0,198.0,147.0,198.0,147.0,198.0,147.0
620.0,780.0,620.0,780.0,620.0,780.0,620.0,780.0,620.0,780.0,620.0,780.0,620.0,780.0,620.0,780.0,620.0,780.0,620.0,780.0,620.0,780.0,620.0,780.0,620.0,780.0,620.0,780.0,620.0,780.0,620.0,780.0,620.0,780.0,620.0,780.0,620.0,780.0,620.0,780.0,620.0,780.0,620.0,780.0,620.0,780.0,620.0,780.0,620.0,780.0,620.0,780.0,620.0,780.0,620.0,780.0,620.0,780.0,620.0,780.0,620.0,780.0,620.0,780.0,620.0,780.0,620.0,780.0,620.0,780.0,620.0,780.0,620.0,780.0,620.0,780.0,620.0,780.0,620.0,780.0,620.0,780.0,620.0,780.0,620.0,780.0,620.0,780.0,620.0,780.0,620.0,780.0,620.0,780.0,620.0,780.0,620.0,780.0,620.0,780.0,620.0,780.0,620.0,780.0,620.0,780.0,620.0,780.0,620.0,780.0,620.0,780.0,620.0,780.0,620.0,780.0,620.0,780.0,620.0,780.0,620.0,780.0,620.0,780.0,620.0,780.0,620.0,780.0,620.0,780.0,620.0,780.0,620.0,780.0,620.0,780.0
466.0,853.0,466.0,853.0,466.0,853.0,466.0,853.0,466.0,853.0,466.0,853.0,466.0,853.0,466.0,853.0,466.0,853.0,466.0,853.0,466.0,853.0,466.0,853.0,466.0,853.0,466.0,853.0,466.0,853.0,466.0,853.0,466.0,853.0,466.0,853.0,466.0,853.0,466.0,853.0,466.0,853.0,466.0,853.0,466.0,853.0,466.0,853.0,466.0,853.0,466.0,853.0,466.0,853.0,466.0,853.0,466.0,853.0,466.0,853.0,466.0,853.0,466.0,853.0,466.0,853.0,466.0,853.0,466.0,853.0,466.0,853.0,466.0,853.0,466.0,853.0,466.0,853.0,466.0,853.0,466.0,853.0,466.0,853.0,466.0,853.0,466.0,853.0,466.0,853.0,466.0,853.0,466.0,853.0,466.0,853.0,466.0,853.0,466.0,853.0,466.0,853.0,466.0,853.0,466.0,853.0,466.0,853.0,466.0,853.0,466.0,853.0,466.0,853.0,466.0,853.0,466.0,853.0,466.0,853.0,466.0,853.0,466.0,853.0,466.0,853.0,466.0,853.0,466.0,853.0,466.0,853.0,466.0,853.0,466.0,853.0
83.0,132.0,83.0,132.0,83.0,132.0,83.0,132.0,83.0,132.0,83.0,132.0,83.0,132.0,83.0,132.0,83.0,132.0,83.0,132.0,83.0,132.0,83.0,132.0,83.0,132.0,83.0,132.0,83.0,132.0,83.0,132.0,83.0,132.0,83.0,132.0,83.0,132.0,83.0,132.0,83.0,132.0,83.0,132.0,83.0,132.0,83.0,132.0,83.0,132.0,83.0,132.0,83.0,132.0,83.0,132.0,83.0,132.0,83.0,132.0,83.0,132.0,83.0,132.0,83.0,132.0,83.0,132.0,83.0,132.0,83.0,132.0,83.0,132.0,83.0,132.0,83.0,132.0,83.0,132.0,83.0,132.0,83.0,132.0,83.0,132.0,83.0,132.0,83.0,132.0,83.0,132.0,83.0,132.0,83.0,132.0,83.0,132.0,83.0,132.0,83.0,132.0,83.0,132.0,83.0,132.0,83.0,132.0,83.0,132.0,83.0,132.0,83.0,132.0,83.0,132.0,83.0,132.0,83.0,132.0,83.0,132.0,83.0,132.0,83.0,132.0,83.0,132.0,83.0,132.0,83.0,132.0,83.0,132.0,83.0,132.0
588.0,620.0,588.0,620.0,588.0,620.0,588.0,620.0,588.0,620.0,588.0,620.0,588.0,620.0,588.0,620.0,588.0,620.0,588.0,620.0,588.0,620.0,588.0,620.0,588.0,620.0,588.0,620.0,588.0,620.0,588.0,620.0,588.0,620.0,588.0,620.0,588.0,620.0,588.0,620.0,588.0,620.0,588.0,620.0,588.0,620.0,588.0,620.0,588.0,620.0,588.0,620.0,588.0,620.0,588.0,620.0,588.0,620.0,588.0,620.0,588.0,620.0,588.0,620.0,588.0,620.0,588.0,620.0,588.0,620.0,588.0,620.0,588.0,620.0,588.0,620.0,588.0,620.0,588.0,620.0,588.0,620.0,588.0,620.0,588.0,620.0,588.0,620.0,588.0,620.0,588.0,620.0,588.0,620.0,588.0,620.0,588.0,620.0,588.0,620.0,588.0,620.0,588.0,620.0,588.0,620.0,588.0,620.0,588.0,620.0,588.0,620.0,588.0,620.0,588.0,620.0,588.0,620.0,588.0,620.0,588.0,620.0,588.0,620.0,588.0,620.0,588.0,620.0,588.0,620.0,588.0,620.0,588.0,620.0,588.0,620.0
534.0,1130.0,534.0,1130.0,534.0,1130.0,534.0,1130.0,534.0,1130.0,534.0,1130.0,534.0,1130.0,534.0,1130.0,534.0,1130.0,534.0,1130.0,534.0,1130.0,534.0,1130.0,534.0,1130.0,534.0,1130.0,534.0,1130.0,534.0,1130.0,534.0,1130.0,534.0,1130.0,534.0,1130.0,534.0,1130.0,534.0,1130.0,534.0,1130.0,534.0,1130.0,534.0,1130.0,534.0,1130.0,534.0,1130.0,534.0,1130.0,534.0,1130.0,534.0,1130.0,534.0,1130.0,534.0,1130.0,534.0,1130.0,534.0,1130.0,534.0,1130.0,534.0,1130.0,534.0,1130.0,534.0,1130.0,534.0,1130.0,534.0,1130.0,534.0,1130.0,534.0,1130.0,534.0,1130.0,534.0,1130.0,534.0,1130.0,534.0,1130.0,534.0,1130.0,534.0,1130.0,534.0,1130.0,534.0,1130.0,534.0,1130.0,534.0,1130.0,534.0,1130.0,534.0,1130.0,534.0,1130.0,534.0,1130.0,534.0,1130.0,534.0,1130.0,534.0,1130.0,534.0,1130.0,534.0,1130.0,534.0,1130.0,534.0,1130.0,534.0,1130.0,534.0,1130.0,534.0,1130.0,534.0,1130.0,534.0,1130.0,534.0,1130.0
820.0,1000.0,820.0,1000.0,820.0,1000.0,820.0,1000.0,820.0,1000.0,820.0,1000.0,820.0,1000.0,820.0,1000.0,820.0,1000.0,820.0,1000.0,820.0,1000.0,820.0,1000.0,820.0,1000.0,820.0,1000.0,820.0,1000.0,820.0,1000.0,820.0,1000.0,820.0,1000.0,820.0,1000.0,820.0,1000.0,820.0,1000.0,820.0,1000.0,820.0,1000.0,820.0,1000.0,820.0,1000.0,820.0,1000.0,820.0,1000.0,820.0,1000.0,820.0,1000.0,820.0,1000.0,820.0,1000.0,820.0,1000.0,820.0,1000.0,820.0,1000.0,820.0,1000.0,820.0,1000.0,820.0,1000.0,820.0,1000.0,820.0,1000.0,820.0,1000.0,820.0,1000.0,820.0,1000.0,820.0,1000.0,820.0,1000.0,820.0,1000.0,820.0,1000.0,820.0,1000.0,820.0,1000.0,820.0,1000.0,820.0,1000.0,820.0,1000.0,820.0,1000.0,820.0,1000.0,820.0,1000.0,820.0,1000.0,820.0,1000.0,820.0,1000.0,820.0,1000.0,820.0,1000.0,820.0,1000.0,820.0,1000.0,820.0,1000.0,820.0,1000.0,820.0,1000.0,820.0,1000.0,820.0,1000.0,820.0,1000.0,820.0,1000.0
225.0,551.0,225.0,551.0,225.0,551.0,225.0,551.0,225.0,551.0,225.0,551.0,225.0,551.0,225.0,551.0,225.0,551.0,225.0,551.0,225.0,551.0,225.0,551.0,225.0,551.0,225.0,551.0,225.0,551.0,225.0,551.0,225.0,551.0,225.0,551.0,225.0,551.0,225.0,551.0,225.0,551.0,225.0,551.0,225.0,551.0,225.0,551.0,225.0,551.0,225.0,551.0,225.0,551.0,225.0,551.0,225.0,551.0,225.0,551.0,225.0,551.0,225.0,551.0,225.0,551.0,225.0,551.0,225.0,551.0,225.0,551.0,225.0,551.0,225.0,551.0,225.0,551.0,225.0,551.0,225.0,551.0,225.0,551.0,225.0,551.0,225.0,551.0,225.0,551.0,225.0,551.0,225.0,551.0,225.0,551.0,225.0,551.0,225.0,551.0,225.0,551.0,225.0,551.0,225.0,551.0,225.0,551.0,225.0,551.0,225.0,551.0,225.0,551.0,225.0,551.0,225.0,551.0,225.0,551.0,225.0,551.0,225.0,551.0,225.0,551.0,225.0,551.0,225.0,551.0,225.0,551.0,225.0,551.0,225.0,551.0
405.0,918.0,405.0,918.0,405.0,918.0,405.0,918.0,405.0,918.0,405.0,918.0,405.0,918.0,405.0,918.0,405.0,918.0,405.0,918.0,405.0,918.0,405.0,918.0,405.0,918.0,405.0,918.0,405.0,918.0,405.0,918.0,405.0,918.0,405.0,918.0,405.0,918.0,405.0,918.0,405.0,918.0,405.0,918.0,405.0,918.0,405.0,918.0,405.0,918.0,405.0,918.0,405.0,918.0,405.0,918.0,405.0,918.0,405.0,918.0,405.0,918.0,405.0,918.0,405.0,918.0,405.0,918.0,405.0,918.0,405.0,918.0,405.0,918.0,405.0,918.0,405.0,918.0,405.0,918.0,405.0,918.0,405.0,918.0,405.0,918.0,405.0,918.0,405.0,918.0,405.0,918.0,405.0,918.0,405.0,918.0,405.0,918.0,405.0,918.0,405.0,918.0,405.0,918.0,405.0,918.0,405.0,918.0,405.0,918.0,405.0,918.0,405.0,918.0,405.0,918.0,405.0,918.0,405.0,918.0,405.0,918.0,405.0,918.0,405.0,918.0,405.0,918.0,405.0,918.0,405.0,918.0,405.0,918.0,405.0,918.0
192.0,133.0,192.0,133.0,192.0,133.0,192.0,133.0,192.0,133.0,192.0,133.0,192.0,133.0,192.0,133.0,192.0,133.0,192.0,133.0,192.0,133.0,192.0,133.0,192.0,133.0,192.0,133.0,192.0,133.0,192.0,133.0,192.0,133.0,192.0,133.0,192.0,133.0,192.0,133.0,192.0,133.0,192.0,133.0,192.0,133.0,192.0,133.0,192.0,133.0,192.0,133.0,192.0,133.0,192.0,133.0,192.0,133.0,192.0,133.0,192.0,133.0,192.0,133.0,192.0,133.0,192.0,133.0,192.0,133.0,192.0,133.0,192.0,133.0,192.0,133.0,192.0,133.0,192.0,133.0,192.0,133.0,192.0,133.0,192.0,133.0,192.0,133.0,192.0,133.0,192.0,133.0,192.0,133.0,192.0,133.0,192.0,133.0,192.0,133.0,192.0,133.0,192.0,133.0,192.0,133.0,192.0,133.0,192.0,133.0,192.0,133.0,192.0,133.0,192.0,133.0,192.0,133.0,192.0,133.0,192.0,133.0,192.0,133.0,192.0,133.0,192.0,133.0,192.0,133.0,192.0,133.0,192.0,133.0,192.0,133.0
340.0,720.0,340.0,720.0,340.0,720.0,340.0,720.0,340.0,720.0,340.0,720.0,340.0,720.0,340.0,720.0,340.0,720.0,340.0,720.0,340.0,720.0,340.0,720.0,340.0,720.0,340.0,720.0,340.0,720.0,340.0,720.0,340.0,720.0,340.0,720.0,340.0,720.0,340.0,720.0,340.0,720.0,340.0,720.0,340.0,720.0,340.0,720.0,340.0,720.0,340.0,720.0,340.0,720.0,340.0,720.0,340.0,720.0,340.0,720.0,340.0,720.0,340.0,720.0,340.0,720.0,340.0,720.0,340.0,720.0,340.0,720.0,340.0,720.0,340.0,720.0,340.0,720.0,340.0,720.0,340.0,720.0,340.0,720.0,340.0,720.0,340.0,720.0,340.0,720.0,340.0,720.0,340.0,720.0,340.0,720.0,340.0,720.0,340.0,720.0,340.0,720.0,340.0,720.0,340.0,720.0,340.0,720.0,340.0,720.0,340.0,720.0,340.0,720.0,340.0,720.0,340.0,720.0,340.0,720.0,340.0,720.0,340.0,720.0,340.0,720.0,340.0,720.0,340.0,720.0,340.0,720.0,340.0,720.0,340.0,720.0
553.0,778.0,553.0,778.0,553.0,778.0,553.0,778.0,553.0,778.0,553.0,778.0,553.0,778.0,553.0,778.0,553.0,778.0,553.0,778.0,553.0,778.0,553.0,778.0,553.0,778.0,553.0,778.0,553.0,778.0,553.0,778.0,553.0,778.0,553.0,778.0,553.0,778.0,553.0,778.0,553.0,778.0,553.0,778.0,553.0,778.0,553.0,778.0,553.0,778.0,553.0,778.0,553.0,778.0,553.0,778.0,553.0,778.0,553.0,778.0,553.0,778.0,553.0,778.0,553.0,778.0,553.0,778.0,553.0,778.0,553.0,778.0,553.0,778.0,553.0,778.0,553.0,778.0,553.0,778.0,553.0,778.0,553.0,778.0,553.0,778.0,553.0,778.0,553.0,778.0,553.0,778.0,553.0,778.0,553.0,778.0,553.0,778.0,553.0,778.0,553.0,778.0,553.0,778.0,553.0,778.0,553.0,778.0,553.0,778.0,553.0,778.0,553.0,778.0,553.0,778.0,553.0,778.0,553.0,778.0,553.0,778.0,553.0,778.0,553.0,778.0,553.0,778.0,553.0,778.0,553.0,778.0,553.0,778.0,553.0,778.0
278.0,270.0,278.0,270.0,278.0,270.0,278.0,270.0,278.0,270.0,278.0,270.0,278.0,270.0,278.0,270.0,278.0,270.0,278.0,270.0,278.0,270.0,278.0,270.0,278.0,270.0,278.0,270.0,278.0,270.0,278.0,270.0,278.0,270.0,278.0,270.0,278.0,270.0,278.0,270.0,278.0,270.0,278.0,270.0,278.0,270.0,278.0,270.0,278.0,270.0,278.0,270.0,278.0,270.0,278.0,270.0,278.0,270.0,278.0,270.0,278.0,270.0,278.0,270.0,278.0,270.0,278.0,270.0,278.0,270.0,278.0,270.0,278.0,270.0,278.0,270.0,278.0,270.0,278.0,270.0,278.0,270.0,278.0,270.0,278.0,270.0,278.0,270.0,278.0,270.0,278.0,270.0,278.0,270.0,278.0,270.0,278.0,270.0,278.0,270.0,278.0,270.0,278.0,270.0,278.0,270.0,278.0,270.0,278.0,270.0,278.0,270.0,278.0,270.0,278.0,270.0,278.0,270.0,278.0,270.0,278.0,270.0,278.0,270.0,278.0,270.0,278.0,270.0,278.0,270.0,278.0,270.0,278.0,270.0,278.0,270.0
728.0,720.0,728.0,720.0,728.0,720.0,728.0,720.0,728.0,720.0,728.0,720.0,728.0,720.0,728.0,720.0,728.0,720.0,728.0,720.0,728.0,720.0,728.0,720.0,728.0,720.0,728.0,720.0,728.0,720.0,728.0,720.0,728.0,720.0,728.0,720.0,728.0,720.0,728.0,720.0,728.0,720.0,728.0,720.0,728.0,720.0,728.0,720.0,728.0,720.0,728.0,720.0,728.0,720.0,728.0,720.0,728.0,720.0,728.0,720.0,728.0,720.0,728.0,720.0,728.0,720.0,728.0,720.0,728.0,720.0,728.0,720.0,728.0,720.0,728.0,720.0,728.0,720.0,728.0,720.0,728.0,720.0,728.0,720.0,728.0,720.0,728.0,720.0,728.0,720.0,728.0,720.0,728.0,720.0,728.0,720.0,728.0,720.0,728.0,720.0,728.0,720.0,728.0,720.0,728.0,720.0,728.0,720.0,728.0,720.0,728.0,720.0,728.0,720.0,728.0,720.0,728.0,720.0,728.0,720.0,728.0,720.0,728.0,720.0,728.0,720.0,728.0,720.0,728.0,720.0,728.0,720.0,728.0,720.0,728.0,720.0
163.0,69.0,163.0,69.0,163.0,69.0,163.0,69.0,163.0,69.0,163.0,69.0,163.0,69.0,163.0,69.0,163.0,69.0,163.0,69.0,163.0,69.0,163.0,69.0,163.0,69.0,163.0,69.0,163.0,69.0,163.0,69.0,163.0,69.0,163.0,69.0,163.0,69.0,163.0,69.0,163.0,69.0,163.0,69.0,163.0,69.0,163.0,69.0,163.0,69.0,163.0,69.0,163.0,69.0,163.0,69.0,163.0,69.0,163.0,69.0,163.0,69.0,163.0,69.0,163.0,69.0,163.0,69.0,163.0,69.0,163.0,69.0,163.0,69.0,163.0,69.0,163.0,69.0,163.0,69.0,163.0,69.0,163.0,69.0,163.0,69.0,163.0,69.0,163.0,69.0,163.0,69.0,163.0,69.0,163.0,69.0,163.0,69.0,163.0,69.0,163.0,69.0,163.0,69.0,163.0,69.0,163.0,69.0,163.0,69.0,163.0,69.0,163.0,69.0,163.0,69.0,163.0,69.0,163.0,69.0,163.0,69.0,163.0,69.0,163.0,69.0,163.0,69.0,163.0,69.0,163.0,69.0,163.0,69.0,163.0,69.0
0.0,330.0,0.0,330.0,0.0,330.0,0.0,330.0,0.0,330.0,0.0,330.0,0.0,330.0,0.0,330.0,0.0,330.0,0.0,330.0,0.0,330.0,0.0,330.0,0.0,330.0,0.0,330.0,0.0,330.0,0.0,330.0,0.0,330.0,0.0,330.0,0.0,330.0,0.0,330.0,0.0,330.0,0.0,330.0,0.0,330.0,0.0,330.0,0.0,330.0,0.0,330.0,0.0,330.0,0.0,330.0,0.0,330.0,0.0,330.0,0.0,330.0,0.0,330.0,0.0,330.0,0.0,330.0,0.0,330.0,0.0,330.0,0.0,330.0,0.0,330.0,0.0,330.0,0.0,330.0,0.0,330.0,0.0,330.0,0.0,330.0,0.0,330.0,0.0,330.0,0.0,330.0,0.0,330.0,0.0,330.0,0.0,330.0,0.0,330.0,0.0,330.0,0.0,330.0,0.0,330.0,0.0,330.0,0.0,330.0,0.0,330.0,0.0,330.0,0.0,330.0,0.0,330.0,0.0,330.0,0.0,330.0,0.0,330.0,0.0,330.0,0.0,330.0,0.0,330.0,0.0,330.0,0.0,330.0,0.0,330.0
565.0,624.0,565.0,624.0,565.0,624.0,565.0,624.0,565.0,624.0,565.0,624.0,565.0,624.0,565.0,624.0,565.0,624.0,565.0,624.0,565.0,624.0,565.0,624.0,565.0,624.0,565.0,624.0,565.0,624.0,565.0,624.0,565.0,624.0,565.0,624.0,565.0,624.0,565.0,624.0,565.0,624.0,565.0,624.0,565.0,624.0,565.0,624.0,565.0,624.0,565.0,624.0,565.0,624.0,565.0,624.0,565.0,624.0,565.0,624.0,565.0,624.0,565.0,624.0,565.0,624.0,565.0,624.0,565.0,624.0,565.0,624.0,565.0,624.0,565.0,624.0,565.0,624.0,565.0,624.0,565.0,624.0,565.0,624.0,565.0,624.0,565.0,624.0,565.0,624.0,565.0,624.0,565.0,624.0,565.0,624.0,565.0,624.0,565.0,624.0,565.0,624.0,565.0,624.0,565.0,624.0,565.0,624.0,565.0,624.0,565.0,624.0,565.0,624.0,565.0,624.0,565.0,624.0,565.0,624.0,565.0,624.0,565.0,624.0,565.0,624.0,565.0,624.0,565.0,624.0,565.0,624.0,565.0,624.0,565.0,624.0
103.0,643.0,103.0,643.0,103.0,643.0,103.0,643.0,103.0,643.0,103.0,643.0,103.0,643.0,103.0,643.0,103.0,643.0,103.0,643.0,103.0,643.0,103.0,643.0,103.0,643.0,103.0,643.0,103.0,643.0,103.0,643.0,103.0,643.0,103.0,643.0,103.0,643.0,103.0,643.0,103.0,643.0,103.0,643.0,103.0,643.0,103.0,643.0,103.0,643.0,103.0,643.0,103.0,643.0,103.0,643.0,103.0,643.0,103.0,643.0,103.0,643.0,103.0,643.0,103.0,643.0,103.0,643.0,103.0,643.0,103.0,643.0,103.0,643.0,103.0,643.0,103.0,643.0,103.0,643.0,103.0,643.0,103.0,643.0,103.0,643.0,103.0,643.0,103.0,643.0,103.0,643.0,103.0,643.0,103.0,643.0,103.0,643.0,103.0,643.0,103.0,643.0,103.0,643.0,103.0,643.0,103.0,643.0,103.0,643.0,103.0,643.0,103.0,643.0,103.0,643.0,103.0,643.0,103.0,643.0,103.0,643.0,103.0,643.0,103.0,643.0,103.0,643.0,103.0,643.0,103.0,643.0,103.0,643.0,103.0,643.0
405.0,646.0,405.0,646.0,405.0,646.0,405.0,646.0,405.0,646.0,405.0,646.0,405.0,646.0,405.0,646.0,405.0,646.0,405.0,646.0,405.0,646.0,405.0,646.0,405.0,646.0,405.0,646.0,405.0,646.0,405.0,646.0,405.0,646.0,405.0,646.0,405.0,646.0,405.0,646.0,405.0,646.0,405.0,646.0,405.0,646.0,405.0,646.0,405.0,646.0,405.0,646.0,405.0,646.0,405.0,646.0,405.0,646.0,405.0,646.0,405.0,646.0,405.0,646.0,405.0,646.0,405.0,646.0,405.0,646.0,405.0,646.0,405.0,646.0,405.0,646.0,405.0,646.0,405.0,646.0,405.0,646.0,405.0,646.0,405.0,646.0,405.0,646.0,405.0,646.0,405.0,646.0,405.0,646.0,405.0,646.0,405.0,646.0,405.0,646.0,405.0,646.0,405.0,646.0,405.0,646.0,405.0,646.0,405.0,646.0,405.0,646.0,405.0,646.0,405.0,646.0,405.0,646.0,405.0,646.0,405.0,646.0,405.0,646.0,405.0,646.0,405.0,646.0,405.0,646.0,405.0,646.0,405.0,646.0,405.0,646.0
430.0,840.0,430.0,840.0,430.0,840.0,430.0,840.0,430.0,840.0,430.0,840.0,430.0,840.0,430.0,840.0,430.0,840.0,430.0,840.0,430.0,840.0,430.0,840.0,430.0,840.0,430.0,840.0,430.0,840.0,430.0,840.0,430.0,840.0,430.0,840.0,430.0,840.0,430.0,840.0,430.0,840.0,430.0,840.0,430.0,840.0,430.0,840.0,430.0,840.0,430.0,840.0,430.0,840.0,430.0,840.0,430.0,840.0,430.0,840.0,430.0,840.0,430.0,840.0,430.0,840.0,430.0,840.0,430.0,840.0,430.0,840.0,430.0,840.0,430.0,840.0,430.0,840.0,430.0,840.0,430.0,840.0,430.0,840.0,430.0,840.0,430.0,840.0,430.0,840.0,430.0,840.0,430.0,840.0,430.0,840.0,430.0,840.0,430.0,840.0,430.0,840.0,430.0,840.0,430.0,840.0,430.0,840.0,430.0,840.0,430.0,840.0,430.0,840.0,430.0,840.0,430.0,840.0,430.0,840.0,430.0,840.0,430.0,840.0,430.0,840.0,430.0,840.0,430.0,840.0,430.0,840.0,430.0,840.0,430.0,840.0
465.0,921.0,465.0,921.0,465.0,921.0,465.0,921.0,465.0,921.0,465.0,921.0,465.0,921.0,465.0,921.0,465.0,921.0,465.0,921.0,465.0,921.0,465.0,921.0,465.0,921.0,465.0,921.0,465.0,921.0,465.0,921.0,465.0,921.0,465.0,921.0,465.0,921.0,465.0,921.0,465.0,921.0,465.0,921.0,465.0,921.0,465.0,921.0,465.0,921.0,465.0,921.0,465.0,921.0,465.0,921.0,465.0,921.0,465.0,921.0,465.0,921.0,465.0,921.0,465.0,921.0,465.0,921.0,465.0,921.0,465.0,921.0,465.0,921.0,465.0,921.0,465.0,921.0,465.0,921.0,465.0,921.0,465.0,921.0,465.0,921.0,465.0,921.0,465.0,921.0,465.0,921.0,465.0,921.0,465.0,921.0,465.0,921.0,465.0,921.0,465.0,921.0,465.0,921.0,465.0,921.0,465.0,921.0,465.0,921.0,465.0,921.0,465.0,921.0,465.0,921.0,465.0,921.0,465.0,921.0,465.0,921.0,465.0,921.0,465.0,921.0,465.0,921.0,465.0,921.0,465.0,921.0,465.0,921.0,465.0,921.0
330.0,754.0,330.0,754.0,330.0,754.0,330.0,754.0,330.0,754.0,330.0,754.0,330.0,754.0,330.0,754.0,330.0,754.0,330.0,754.0,330.0,754.0,330.0,754.0,330.0,754.0,330.0,754.0,330.0,754.0,330.0,754.0,330.0,754.0,330.0,754.0,330.0,754.0,330.0,754.0,330.0,754.0,330.0,754.0,330.0,754.0,330.0,754.0,330.0,754.0,330.0,754.0,330.0,754.0,330.0,754.0,330.0,754.0,330.0,754.0,330.0,754.0,330.0,754.0,330.0,754.0,330.0,754.0,330.0,754.0,330.0,754.0,330.0,754.0,330.0,754.0,330.0,754.0,330.0,754.0,330.0,754.0,330.0,754.0,330.0,754.0,330.0,754.0,330.0,754.0,330.0,754.0,330.0,754.0,330.0,754.0,330.0,754.0,330.0,754.0,330.0,754.0,330.0,754.0,330.0,754.0,330.0,754.0,330.0,754.0,330.0,754.0,330.0,754.0,330.0,754.0,330.0,754.0,330.0,754.0,330.0,754.0,330.0,754.0,330.0,754.0,330.0,754.0,330.0,754.0,330.0,754.0,330.0,754.0,330.0,754.0
739.0,845.0,739.0,845.0,739.0,845.0,739.0,845.0,739.0,845.0,739.0,845.0,739.0,845.0,739.0,845.0,739.0,845.0,739.0,845.0,739.0,845.0,739.0,845.0,739.0,845.0,739.0,845.0,739.0,845.0,739.0,845.0,739.0,845.0,739.0,845.0,739.0,845.0,739.0,845.0,739.0,845.0,739.0,845.0,739.0,845.0,739.0,845.0,739.0,845.0,739.0,845.0,739.0,845.0,739.0,845.0,739.0,845.0,739.0,845.0,739.0,845.0,739.0,845.0,739.0,845.0,739.0,845.0,739.0,845.0,739.0,845.0,739.0,845.0,739.0,845.0,739.0,845.0,739.0,845.0,739.0,845.0,739.0,845.0,739.0,845.0,739.0,845.0,739.0,845.0,739.0,845.0,739.0,845.0,739.0,845.0,739.0,845.0,739.0,845.0,739.0,845.0,739.0,845.0,739.0,845.0,739.0,845.0,739.0,845.0,739.0,845.0,739.0,845.0,739.0,845.0,739.0,845.0,739.0,845.0,739.0,845.0,739.0,845.0,739.0,845.0,739.0,845.0,739.0,845.0,739.0,845.0,739.0,845.0,739.0,845.0
860.0,1170.0,860.0,1170.0,860.0,1170.0,860.0,1170.0,860.0,1170.0,860.0,1170.0,860.0,1170.0,860.0,1170.0,860.0,1170.0,860.0,1170.0,860.0,1170.0,860.0,1170.0,860.0,1170.0,860.0,1170.0,860.0,1170.0,860.0,1170.0,860.0,1170.0,860.0,1170.0,860.0,1170.0,860.0,1170.0,860.0,1170.0,860.0,1170.0,860.0,1170.0,860.0,1170.0,860.0,1170.0,860.0,1170.0,860.0,1170.0,860.0,1170.0,860.0,1170.0,860.0,1170.0,860.0,1170.0,860.0,1170.0,860.0,1170.0,860.0,1170.0,860.0,1170.0,860.0,1170.0,860.0,1170.0,860.0,1170.0,860.0,1170.0,860.0,1170.0,860.0,1170.0,860.0,1170.0,860.0,1170.0,860.0,1170.0,860.0,1170.0,860.0,1170.0,860.0,1170.0,860.0,1170.0,860.0,1170.0,860.0,1170.0,860.0,1170.0,860.0,1170.0,860.0,1170.0,860.0,1170.0,860.0,1170.0,860.0,1170.0,860.0,1170.0,860.0,1170.0,860.0,1170.0,860.0,1170.0,860.0,1170.0,860.0,1170.0,860.0,1170.0,860.0,1170.0,860.0,1170.0,860.0,1170.0,860.0,1170.0,860.0,1170.0
548.0,521.0,548.0,521.0,548.0,521.0,548.0,521.0,548.0,521.0,548.0,521.0,548.0,521.0,548.0,521.0,548.0,521.0,548.0,521.0,548.0,521.0,548.0,521.0,548.0,521.0,548.0,521.0,548.0,521.0,548.0,521.0,548.0,521.0,548.0,521.0,548.0,521.0,548.0,521.0,548.0,521.0,548.0,521.0,548.0,521.0,548.0,521.0,548.0,521.0,548.0,521.0,548.0,521.0,548.0,521.0,548.0,521.0,548.0,521.0,548.0,521.0,548.0,521.0,548.0,521.0,548.0,521.0,548.0,521.0,548.0,521.0,548.0,521.0,548.0,521.0,548.0,521.0,548.0,521.0,548.0,521.0,548.0,521.0,548.0,521.0,548.0,521.0,548.0,521.0,548.0,521.0,548.0,521.0,548.0,521.0,548.0,521.0,548.0,521.0,548.0,521.0,548.0,521.0,548.0,521.0,548.0,521.0,548.0,521.0,548.0,521.0,548.0,521.0,548.0,521.0,548.0,521.0,548.0,521.0,548.0,521.0,548.0,521.0,548.0,521.0,548.0,521.0,548.0,521.0,548.0,521.0,548.0,521.0,548.0,521.0
659.0,842.0,659.0,842.0,659.0,842.0,659.0,842.0,659.0,842.0,659.0,842.0,659.0,842.0,659.0,842.0,659.0,842.0,659.0,842.0,659.0,842.0,659.0,842.0,659.0,842.0,659.0,842.0,659.0,842.0,659.0,842.0,659.0,842.0,659.0,842.0,659.0,842.0,659.0,842.0,659.0,842.0,659.0,842.0,659.0,842.0,659.0,842.0,659.0,842.0,659.0,842.0,659.0,842.0,659.0,842.0,659.0,842.0,659.0,842.0,659.0,842.0,659.0,842.0,659.0,842.0,659.0,842.0,659.0,842.0,659.0,842.0,659.0,842.0,659.0,842.0,659.0,842.0,659.0,842.0,659.0,842.0,659.0,842.0,659.0,842.0,659.0,842.0,659.0,842.0,659.0,842.0,659.0,842.0,659.0,842.0,659.0,842.0,659.0,842.0,659.0,842.0,659.0,842.0,659.0,842.0,659.0,842.0,659.0,842.0,659.0,842.0,659.0,842.0,659.0,842.0,659.0,842.0,659.0,842.0,659.0,842.0,659.0,842.0,659.0,842.0,659.0,842.0,659.0,842.0,659.0,842.0,659.0,842.0,659.0,842.0
290.0,920.0,290.0,920.0,290.0,920.0,290.0,920.0,290.0,920.0,290.0,920.0,290.0,920.0,290.0,920.0,290.0,920.0,290.0,920.0,290.0,920.0,290.0,920.0,290.0,920.0,290.0,920.0,290.0,920.0,290.0,920.0,290.0,920.0,290.0,920.0,290.0,920.0,290.0,920.0,290.0,920.0,290.0,920.0,290.0,920.0,290.0,920.0,290.0,920.0,290.0,920.0,290.0,920.0,290.0,920.0,290.0,920.0,290.0,920.0,290.0,920.0,290.0,920.0,290.0,920.0,290.0,920.0,290.0,920.0,290.0,920.0,290.0,920.0,290.0,920.0,290.0,920.0,290.0,920.0,290.0,920.0,290.0,920.0,290.0,920.0,290.0,920.0,290.0,920.0,290.0,920.0,290.0,920.0,290.0,920.0,290.0,920.0,290.0,920.0,290.0,920.0,290.0,920.0,290.0,920.0,290.0,920.0,290.0,920.0,290.0,920.0,290.0,920.0,290.0,920.0,290.0,920.0,290.0,920.0,290.0,920.0,290.0,920.0,290.0,920.0,290.0,920.0,290.0,920.0,290.0,920.0,290.0,920.0,290.0,920.0
45.0,51.0,45.0,51.0,45.0,51.0,45.0,51.0,45.0,51.0,45.0,51.0,45.0,51.0,45.0,51.0,45.0,51.0,45.0,51.0,45.0,51.0,45.0,51.0,45.0,51.0,45.0,51.0,45.0,51.0,45.0,51.0,45.0,51.0,45.0,51.0,45.0,51.0,45.0,51.0,45.0,51.0,45.0,51.0,45.0,51.0,45.0,51.0,45.0,51.0,45.0,51.0,45.0,51.0,45.0,51.0,45.0,51.0,45.0,51.0,45.0,51.0,45.0,51.0,45.0,51.0,45.0,51.0,45.0,51.0,45.0,51.0,45.0,51.0,45.0,51.0,45.0,51.0,45.0,51.0,45.0,51.0,45.0,51.0,45.0,51.0,45.0,51.0,45.0,51.0,45.0,51.0,45.0,51.0,45.0,51.0,45.0,51.0,45.0,51.0,45.0,51.0,45.0,51.0,45.0,51.0,45.0,51.0,45.0,51.0,45.0,51.0,45.0,51.0,45.0,51.0,45.0,51.0,45.0,51.0,45.0,51.0,45.0,51.0,45.0,51.0,45.0,51.0,45.0,51.0,45.0,51.0,45.0,51.0,45.0,51.0
370.0,980.0,370.0,980.0,370.0,980.0,370.0,980.0,370.0,980.0,370.0,980.0,370.0,980.0,370.0,980.0,370.0,980.0,370.0,980.0,370.0,980.0,370.0,980.0,370.0,980.0,370.0,980.0,370.0,980.0,370.0,980.0,370.0,980.0,370.0,980.0,370.0,980.0,370.0,980.0,370.0,980.0,370.0,980.0,370.0,980.0,370.0,980.0,370.0,980.0,370.0,980.0,370.0,980.0,370.0,980.0,370.0,980.0,370.0,980.0,370.0,980.0,370.0,980.0,370.0,980.0,370.0,980.0,370.0,980.0,370.0,980.0,370.0,980.0,370.0,980.0,370.0,980.0,370.0,980.0,370.0,980.0,370.0,980.0,370.0,980.0,370.0,980.0,370.0,980.0,370.0,980.0,370.0,980.0,370.0,980.0,370.0,980.0,370.0,980.0,370.0,980.0,370.0,980.0,370.0,980.0,370.0,980.0,370.0,980.0,370.0,980.0,370.0,980.0,370.0,980.0,370.0,980.0,370.0,980.0,370.0,980.0,370.0,980.0,370.0,980.0,370.0,980.0,370.0,980.0,370.0,980.0,370.0,980.0,370.0,980.0
570.0,1050.0,570.0,1050.0,570.0,1050.0,570.0,1050.0,570.0,1050.0,570.0,1050.0,570.0,1050.0,570.0,1050.0,570.0,1050.0,570.0,1050.0,570.0,1050.0,570.0,1050.0,570.0,1050.0,570.0,1050.0,570.0,1050.0,570.0,1050.0,570.0,1050.0,570.0,1050.0,570.0,1050.0,570.0,1050.0,570.0,1050.0,570.0,1050.0,570.0,1050.0,570.0,1050.0,570.0,1050.0,570.0,1050.0,570.0,1050.0,570.0,1050.0,570.0,1050.0,570.0,1050.0,570.0,1050.0,570.0,1050.0,570.0,1050.0,570.0,1050.0,570.0,1050.0,570.0,1050.0,570.0,1050.0,570.0,1050.0,570.0,1050.0,570.0,1050.0,570.0,1050.0,570.0,1050.0,570.0,1050.0,570.0,1050.0,570.0,1050.0,570.0,1050.0,570.0,1050.0,570.0,1050.0,570.0,1050.0,570.0,1050.0,570.0,1050.0,570.0,1050.0,570.0,1050.0,570.0,1050.0,570.0,1050.0,570.0,1050.0,570.0,1050.0,570.0,1050.0,570.0,1050.0,570.0,1050.0,570.0,1050.0,570.0,1050.0,570.0,1050.0,570.0,1050.0,570.0,1050.0,570.0,1050.0,570.0,1050.0,570.0,1050.0
480.0,1110.0,480.0,1110.0,480.0,1110.0,480.0,1110.0,480.0,1110.0,480.0,1110.0,480.0,1110.0,480.0,1110.0,480.0,1110.0,480.0,1110.0,480.0,1110.0,480.0,1110.0,480.0,1110.0,480.0,1110.0,480.0,1110.0,480.0,1110.0,480.0,1110.0,480.0,1110.0,480.0,1110.0,480.0,1110.0,480.0,1110.0,480.0,1110.0,480.0,1110.0,480.0,1110.0,480.0,1110.0,480.0,1110.0,480.0,1110.0,480.0,1110.0,480.0,1110.0,480.0,1110.0,480.0,1110.0,480.0,1110.0,480.0,1110.0,480.0,1110.0,480.0,1110.0,480.0,1110.0,480.0,1110.0,480.0,1110.0,480.0,1110.0,480.0,1110.0,480.0,1110.0,480.0,1110.0,480.0,1110.0,480.0,1110.0,480.0,1110.0,480.0,1110.0,480.0,1110.0,480.0,1110.0,480.0,1110.0,480.0,1110.0,480.0,1110.0,480.0,1110.0,480.0,1110.0,480.0,1110.0,480.0,1110.0,480.0,1110.0,480.0,1110.0,480.0,1110.0,480.0,1110.0,480.0,1110.0,480.0,1110.0,480.0,1110.0,480.0,1110.0,480.0,1110.0,480.0,1110.0,480.0,1110.0,480.0,1110.0,480.0,1110.0
400.0,960.0,400.0,960.0,400.0,960.0,400.0,960.0,400.0,960.0,400.0,960.0,400.0,960.0,400.0,960.0,400.0,960.0,400.0,960.0,400.0,960.0,400.0,960.0,400.0,960.0,400.0,960.0,400.0,960.0,400.0,960.0,400.0,960.0,400.0,960.0,400.0,960.0,400.0,960.0,400.0,960.0,400.0,960.0,400.0,960.0,400.0,960.0,400.0,960.0,400.0,960.0,400.0,960.0,400.0,960.0,400.0,960.0,400.0,960.0,400.0,960.0,400.0,960.0,400.0,960.0,400.0,960.0,400.0,960.0,400.0,960.0,400.0,960.0,400.0,960.0,400.0,960.0,400.0,960.0,400.0,960.0,400.0,960.0,400.0,960.0,400.0,960.0,400.0,960.0,400.0,960.0,400.0,960.0,400.0,960.0,400.0,960.0,400.0,960.0,400.0,960.0,400.0,960.0,400.0,960.0,400.0,960.0,400.0,960.0,400.0,960.0,400.0,960.0,400.0,960.0,400.0,960.0,400.0,960.0,400.0,960.0,400.0,960.0,400.0,960.0,400.0,960.0,400.0,960.0,400.0,960.0,400.0,960.0,400.0,960.0
440.0,960.0,440.0,960.0,440.0,960.0,440.0,960.0,440.0,960.0,440.0,960.0,440.0,960.0,440.0,960.0,440.0,960.0,440.0,960.0,440.0,960.0,440.0,960.0,440.0,960.0,440.0,960.0,440.0,960.0,440.0,960.0,440.0,960.0,440.0,960.0,440.0,960.0,440.0,960.0,440.0,960.0,440.0,960.0,440.0,960.0,440.0,960.0,440.0,960.0,440.0,960.0,440.0,960.0,440.0,960.0,440.0,960.0,440.0,960.0,440.0,960.0,440.0,960.0,440.0,960.0,440.0,960.0,440.0,960.0,440.0,960.0,440.0,960.0,440.0,960.0,440.0,960.0,440.0,960.0,440.0,960.0,440.0,960.0,440.0,960.0,440.0,960.0,440.0,960.0,440.0,960.0,440.0,960.0,440.0,960.0,440.0,960.0,440.0,960.0,440.0,960.0,440.0,960.0,440.0,960.0,440.0,960.0,440.0,960.0,440.0,960.0,440.0,960.0,440.0,960.0,440.0,960.0,440.0,960.0,440.0,960.0,440.0,960.0,440.0,960.0,440.0,960.0,440.0,960.0,440.0,960.0,440.0,960.0,440.0,960.0
159.0,66.0,159.0,66.0,159.0,66.0,159.0,66.0,159.0,66.0,159.0,66.0,159.0,66.0,159.0,66.0,159.0,66.0,159.0,66.0,159.0,66.0,159.0,66.0,159.0,66.0,159.0,66.0,159.0,66.0,159.0,66.0,159.0,66.0,159.0,66.0,159.0,66.0,159.0,66.0,159.0,66.0,159.0,66.0,159.0,66.0,159.0,66.0,159.0,66.0,159.0,66.0,159.0,66.0,159.0,66.0,159.0,66.0,159.0,66.0,159.0,66.0,159.0,66.0,159.0,66.0,159.0,66.0,159.0,66.0,159.0,66.0,159.0,66.0,159.0,66.0,159.0,66.0,159.0,66.0,159.0,66.0,159.0,66.0,159.0,66.0,159.0,66.0,159.0,66.0,159.0,66.0,159.0,66.0,159.0,66.0,159.0,66.0,159.0,66.0,159.0,66.0,159.0,66.0,159.0,66.0,159.0,66.0,159.0,66.0,159.0,66.0,159.0,66.0,159.0,66.0,159.0,66.0,159.0,66.0,159.0,66.0,159.0,66.0,159.0,66.0,159.0,66.0,159.0,66.0,159.0,66.0,159.0,66.0,159.0,66.0
190.0,185.0,190.0,185.0,190.0,185.0,190.0,185.0,190.0,185.0,190.0,185.0,190.0,185.0,190.0,185.0,190.0,185.0,190.0,185.0,190.0,185.0,190.0,185.0,190.0,185.0,190.0,185.0,190.0,185.0,190.0,185.0,190.0,185.0,190.0,185.0,190.0,185.0,190.0,185.0,190.0,185.0,190.0,185.0,190.0,185.0,190.0,185.0,190.0,185.0,190.0,185.0,190.0,185.0,190.0,185.0,190.0,185.0,190.0,185.0,190.0,185.0,190.0,185.0,190.0,185.0,190.0,185.0,190.0,185.0,190.0,185.0,190.0,185.0,190.0,185.0,190.0,185.0,190.0,185.0,190.0,185.0,190.0,185.0,190.0,185.0,190.0,185.0,190.0,185.0,190.0,185.0,190.0,185.0,190.0,185.0,190.0,185.0,190.0,185.0,190.0,185.0,190.0,185.0,190.0,185.0,190.0,185.0,190.0,185.0,190.0,185.0,190.0,185.0,190.0,185.0,190.0,185.0,190.0,185.0,190.0,185.0,190.0,185.0,190.0,185.0,190.0,185.0,190.0,185.0,190.0,185.0,190.0,185.0,190.0,185.0
210.0,530.0,210.0,530.0,210.0,530.0,210.0,530.0,210.0,530.0,210.0,530.0,210.0,530.0,210.0,530.0,210.0,530.0,210.0,530.0,210.0,530.0,210.0,530.0,210.0,530.0,210.0,530.0,210.0,530.0,210.0,530.0,210.0,530.0,210.0,530.0,210.0,530.0,210.0,530.0,210.0,530.0,210.0,530.0,210.0,530.0,210.0,530.0,210.0,530.0,210.0,530.0,210.0,530.0,210.0,530.0,210.0,530.0,210.0,530.0,210.0,530.0,210.0,530.0,210.0,530.0,210.0,530.0,210.0,530.0,210.0,530.0,210.0,530.0,210.0,530.0,210.0,530.0,210.0,530.0,210.0,530.0,210.0,530.0,210.0,530.0,210.0,530.0,210.0,530.0,210.0,530.0,210.0,530.0,210.0,530.0,210.0,530.0,210.0,530.0,210.0,530.0,210.0,530.0,210.0,530.0,210.0,530.0,210.0,530.0,210.0,530.0,210.0,530.0,210.0,530.0,210.0,530.0,210.0,530.0,210.0,530.0,210.0,530.0,210.0,530.0,210.0,530.0,210.0,530.0,210.0,530.0,210.0,530.0,210.0,530.0
592.0,786.0,592.0,786.0,592.0,786.0,592.0,786.0,592.0,786.0,592.0,786.0,592.0,786.0,592.0,786.0,592.0,786.0,592.0,786.0,592.0,786.0,592.0,786.0,592.0,786.0,592.0,786.0,592.0,786.0,592.0,786.0,592.0,786.0,592.0,786.0,592.0,786.0,592.0,786.0,592.0,786.0,592.0,786.0,592.0,786.0,592.0,786.0,592.0,786.0,592.0,786.0,592.0,786.0,592.0,786.0,592.0,786.0,592.0,786.0,592.0,786.0,592.0,786.0,592.0,786.0,592.0,786.0,592.0,786.0,592.0,786.0,592.0,786.0,592.0,786.0,592.0,786.0,592.0,786.0,592.0,786.0,592.0,786.0,592.0,786.0,592.0,786.0,592.0,786.0,592.0,786.0,592.0,786.0,592.0,786.0,592.0,786.0,592.0,786.0,592.0,786.0,592.0,786.0,592.0,786.0,592.0,786.0,592.0,786.0,592.0,786.0,592.0,786.0,592.0,786.0,592.0,786.0,592.0,786.0,592.0,786.0,592.0,786.0,592.0,786.0,592.0,786.0,592.0,786.0,592.0,786.0,592.0,786.0,592.0,786.0
606.0,944.0,606.0,944.0,606.0,944.0,606.0,944.0,606.0,944.0,606.0,944.0,606.0,944.0,606.0,944.0,606.0,944.0,606.0,944.0,606.0,944.0,606.0,944.0,606.0,944.0,606.0,944.0,606.0,944.0,606.0,944.0,606.0,944.0,606.0,944.0,606.0,944.0,606.0,944.0,606.0,944.0,606.0,944.0,606.0,944.0,606.0,944.0,606.0,944.0,606.0,944.0,606.0,944.0,606.0,944.0,606.0,944.0,606.0,944.0,606.0,944.0,606.0,944.0,606.0,944.0,606.0,944.0,606.0,944.0,606.0,944.0,606.0,944.0,606.0,944.0,606.0,944.0,606.0,944.0,606.0,944.0,606.0,944.0,606.0,944.0,606.0,944.0,606.0,944.0,606.0,944.0,606.0,944.0,606.0,944.0,606.0,944.0,606.0,944.0,606.0,944.0,606.0,944.0,606.0,944.0,606.0,944.0,606.0,944.0,606.0,944.0,606.0,944.0,606.0,944.0,606.0,944.0,606.0,944.0,606.0,944.0,606.0,944.0,606.0,944.0,606.0,944.0,606.0,944.0,606.0,944.0,606.0,944.0,606.0,944.0
130.0,1040.0,130.0,1040.0,130.0,1040.0,130.0,1040.0,130.0,1040.0,130.0,1040.0,130.0,1040.0,130.0,1040.0,130.0,1040.0,130.0,1040.0,130.0,1040.0,130.0,1040.0,130.0,1040.0,130.0,1040.0,130.0,1040.0,130.0,1040.0,130.0,1040.0,130.0,1040.0,130.0,1040.0,130.0,1040.0,130.0,1040.0,130.0,1040.0,130.0,1040.0,130.0,1040.0,130.0,1040.0,130.0,1040.0,130.0,1040.0,130.0,1040.0,130.0,1040.0,130.0,1040.0,130.0,1040.0,130.0,1040.0,130.0,1040.0,130.0,1040.0,130.0,1040.0,130.0,1040.0,130.0,1040.0,130.0,1040.0,130.0,1040.0,130.0,1040.0,130.0,1040.0,130.0,1040.0,130.0,1040.0,130.0,1040.0,130.0,1040.0,130.0,1040.0,130.0,1040.0,130.0,1040.0,130.0,1040.0,130.0,1040.0,130.0,1040.0,130.0,1040.0,130.0,1040.0,130.0,1040.0,130.0,1040.0,130.0,1040.0,130.0,1040.0,130.0,1040.0,130.0,1040.0,130.0,1040.0,130.0,1040.0,130.0,1040.0,130.0,1040.0,130.0,1040.0,130.0,1040.0,130.0,1040.0,130.0,1040.0,130.0,1040.0
135.0,173.0,135.0,173.0,135.0,173.0,135.0,173.0,135.0,173.0,135.0,173.0,135.0,173.0,135.0,173.0,135.0,173.0,135.0,173.0,135.0,173.0,135.0,173.0,135.0,173.0,135.0,173.0,135.0,173.0,135.0,173.0,135.0,173.0,135.0,173.0,135.0,173.0,135.0,173.0,135.0,173.0,135.0,173.0,135.0,173.0,135.0,173.0,135.0,173.0,135.0,173.0,135.0,173.0,135.0,173.0,135.0,173.0,135.0,173.0,135.0,173.0,135.0,173.0,135.0,173.0,135.0,173.0,135.0,173.0,135.0,173.0,135.0,173.0,135.0,173.0,135.0,173.0,135.0,173.0,135.0,173.0,135.0,173.0,135.0,173.0,135.0,173.0,135.0,173.0,135.0,173.0,135.0,173.0,135.0,173.0,135.0,173.0,135.0,173.0,135.0,173.0,135.0,173.0,135.0,173.0,135.0,173.0,135.0,173.0,135.0,173.0,135.0,173.0,135.0,173.0,135.0,173.0,135.0,173.0,135.0,173.0,135.0,173.0,135.0,173.0,135.0,173.0,135.0,173.0,135.0,173.0,135.0,173.0,135.0,173.0
182.0,264.0,182.0,264.0,182.0,264.0,182.0,264.0,182.0,264.0,182.0,264.0,182.0,264.0,182.0,264.0,182.0,264.0,182.0,264.0,182.0,264.0,182.0,264.0,182.0,264.0,182.0,264.0,182.0,264.0,182.0,264.0,182.0,264.0,182.0,264.0,182.0,264.0,182.0,264.0,182.0,264.0,182.0,264.0,182.0,264.0,182.0,264.0,182.0,264.0,182.0,264.0,182.0,264.0,182.0,264.0,182.0,264.0,182.0,264.0,182.0,264.0,182.0,264.0,182.0,264.0,182.0,264.0,182.0,264.0,182.0,264.0,182.0,264.0,182.0,264.0,182.0,264.0,182.0,264.0,182.0,264.0,182.0,264.0,182.0,264.0,182.0,264.0,182.0,264.0,182.0,264.0,182.0,264.0,182.0,264.0,182.0,264.0,182.0,264.0,182.0,264.0,182.0,264.0,182.0,264.0,182.0,264.0,182.0,264.0,182.0,264.0,182.0,264.0,182.0,264.0,182.0,264.0,182.0,264.0,182.0,264.0,182.0,264.0,182.0,264.0,182.0,264.0,182.0,264.0,182.0,264.0,182.0,264.0,182.0,264.0
320.0,700.0,320.0,700.0,320.0,700.0,320.0,700.0,320.0,700.0,320.0,700.0,320.0,700.0,320.0,700.0,320.0,700.0,320.0,700.0,320.0,700.0,320.0,700.0,320.0,700.0,320.0,700.0,320.0,700.0,320.0,700.0,320.0,700.0,320.0,700.0,320.0,700.0,320.0,700.0,320.0,700.0,320.0,700.0,320.0,700.0,320.0,700.0,320.0,700.0,320.0,700.0,320.0,700.0,320.0,700.0,320.0,700.0,320.0,700.0,320.0,700.0,320.0,700.0,320.0,700.0,320.0,700.0,320.0,700.0,320.0,700.0,320.0,700.0,320.0,700.0,320.0,700.0,320.0,700.0,320.0,700.0,320.0,700.0,320.0,700.0,320.0,700.0,320.0,700.0,320.0,700.0,320.0,700.0,320.0,700.0,320.0,700.0,320.0,700.0,320.0,700.0,320.0,700.0,320.0,700.0,320.0,700.0,320.0,700.0,320.0,700.0,320.0,700.0,320.0,700.0,320.0,700.0,320.0,700.0,320.0,700.0,320.0,700.0,320.0,700.0,320.0,700.0,320.0,700.0,320.0,700.0,320.0,700.0,320.0,700.0
451.0,582.0,451.0,582.0,451.0,582.0,451.0,582.0,451.0,582.0,451.0,582.0,451.0,582.0,451.0,582.0,451.0,582.0,451.0,582.0,451.0,582.0,451.0,582.0,451.0,582.0,451.0,582.0,451.0,582.0,451.0,582.0,451.0,582.0,451.0,582.0,451.0,582.0,451.0,582.0,451.0,582.0,451.0,582.0,451.0,582.0,451.0,582.0,451.0,582.0,451.0,582.0,451.0,582.0,451.0,582.0,451.0,582.0,451.0,582.0,451.0,582.0,451.0,582.0,451.0,582.0,451.0,582.0,451.0,582.0,451.0,582.0,451.0,582.0,451.0,582.0,451.0,582.0,451.0,582.0,451.0,582.0,451.0,582.0,451.0,582.0,451.0,582.0,451.0,582.0,451.0,582.0,451.0,582.0,451.0,582.0,451.0,582.0,451.0,582.0,451.0,582.0,451.0,582.0,451.0,582.0,451.0,582.0,451.0,582.0,451.0,582.0,451.0,582.0,451.0,582.0,451.0,582.0,451.0,582.0,451.0,582.0,451.0,582.0,451.0,582.0,451.0,582.0,451.0,582.0,451.0,582.0,451.0,582.0,451.0,582.0
401.0,649.0,401.0,649.0,401.0,649.0,401.0,649.0,401.0,649.0,401.0,649.0,401.0,649.0,401.0,649.0,401.0,649.0,401.0,649.0,401.0,649.0,401.0,649.0,401.0,649.0,401.0,649.0,401.0,649.0,401.0,649.0,401.0,649.0,401.0,649.0,401.0,649.0,401.0,649.0,401.0,649.0,401.0,649.0,401.0,649.0,401.0,649.0,401.0,649.0,401.0,649.0,401.0,649.0,401.0,649.0,401.0,649.0,401.0,649.0,401.0,649.0,401.0,649.0,401.0,649.0,401.0,649.0,401.0,649.0,401.0,649.0,401.0,649.0,401.0,649.0,401.0,649.0,401.0,649.0,401.0,649.0,401.0,649.0,401.0,649.0,401.0,649.0,401.0,649.0,401.0,649.0,401.0,649.0,401.0,649.0,401.0,649.0,401.0,649.0,401.0,649.0,401.0,649.0,401.0,649.0,401.0,649.0,401.0,649.0,401.0,649.0,401.0,649.0,401.0,649.0,401.0,649.0,401.0,649.0,401.0,649.0,401.0,649.0,401.0,649.0,401.0,649.0,401.0,649.0,401.0,649.0,401.0,649.0,401.0,649.0
538.0,626.0,538.0,626.0,538.0,626.0,538.0,626.0,538.0,626.0,538.0,626.0,538.0,626.0,538.0,626.0,538.0,626.0,538.0,626.0,538.0,626.0,538.0,626.0,538.0,626.0,538.0,626.0,538.0,626.0,538.0,626.0,538.0,626.0,538.0,626.0,538.0,626.0,538.0,626.0,538.0,626.0,538.0,626.0,538.0,626.0,538.0,626.0,538.0,626.0,538.0,626.0,538.0,626.0,538.0,626.0,538.0,626.0,538.0,626.0,538.0,626.0,538.0,626.0,538.0,626.0,538.0,626.0,538.0,626.0,538.0,626.0,538.0,626.0,538.0,626.0,538.0,626.0,538.0,626.0,538.0,626.0,538.0,626.0,538.0,626.0,538.0,626.0,538.0,626.0,538.0,626.0,538.0,626.0,538.0,626.0,538.0,626.0,538.0,626.0,538.0,626.0,538.0,626.0,538.0,626.0,538.0,626.0,538.0,626.0,538.0,626.0,538.0,626.0,538.0,626.0,538.0,626.0,538.0,626.0,538.0,626.0,538.0,626.0,538.0,626.0,538.0,626.0,538.0,626.0,538.0,626.0,538.0,626.0,538.0,626.0
500.0,670.0,500.0,670.0,500.0,670.0,500.0,670.0,500.0,670.0,500.0,670.0,500.0,670.0,500.0,670.0,500.0,670.0,500.0,670.0,500.0,670.0,500.0,670.0,500.0,670.0,500.0,670.0,500.0,670.0,500.0,670.0,500.0,670.0,500.0,670.0,500.0,670.0,500.0,670.0,500.0,670.0,500.0,670.0,500.0,670.0,500.0,670.0,500.0,670.0,500.0,670.0,500.0,670.0,500.0,670.0,500.0,670.0,500.0,670.0,500.0,670.0,500.0,670.0,500.0,670.0,500.0,670.0,500.0,670.0,500.0,670.0,500.0,670.0,500.0,670.0,500.0,670.0,500.0,670.0,500.0,670.0,500.0,670.0,500.0,670.0,500.0,670.0,500.0,670.0,500.0,670.0,500.0,670.0,500.0,670.0,500.0,670.0,500.0,670.0,500.0,670.0,500.0,670.0,500.0,670.0,500.0,670.0,500.0,670.0,500.0,670.0,500.0,670.0,500.0,670.0,500.0,670.0,500.0,670.0,500.0,670.0,500.0,670.0,500.0,670.0,500.0,670.0,500.0,670.0,500.0,670.0,500.0,670.0,500.0,670.0
452.0,778.0,452.0,778.0,452.0,778.0,452.0,778.0,452.0,778.0,452.0,778.0,452.0,778.0,452.0,778.0,452.0,778.0,452.0,778.0,452.0,778.0,452.0,778.0,452.0,778.0,452.0,778.0,452.0,778.0,452.0,778.0,452.0,778.0,452.0,778.0,452.0,778.0,452.0,778.0,452.0,778.0,452.0,778.0,452.0,778.0,452.0,778.0,452.0,778.0,452.0,778.0,452.0,778.0,452.0,778.0,452.0,778.0,452.0,778.0,452.0,778.0,452.0,778.0,452.0,778.0,452.0,778.0,452.0,778.0,452.0,778.0,452.0,778.0,452.0,778.0,452.0,778.0,452.0,778.0,452.0,778.0,452.0,778.0,452.0,778.0,452.0,778.0,452.0,778.0,452.0,778.0,452.0,778.0,452.0,778.0,452.0,778.0,452.0,778.0,452.0,778.0,452.0,778.0,452.0,778.0,452.0,778.0,452.0,778.0,452.0,778.0,452.0,778.0,452.0,778.0,452.0,778.0,452.0,778.0,452.0,778.0,452.0,778.0,452.0,778.0,452.0,778.0,452.0,778.0,452.0,778.0,452.0,778.0,452.0,778.0
215.0,683.0,215.0,683.0,215.0,683.0,215.0,683.0,215.0,683.0,215.0,683.0,215.0,683.0,215.0,683.0,215.0,683.0,215.0,683.0,215.0,683.0,215.0,683.0,215.0,683.0,215.0,683.0,215.0,683.0,215.0,683.0,215.0,683.0,215.0,683.0,215.0,683.0,215.0,683.0,215.0,683.0,215.0,683.0,215.0,683.0,215.0,683.0,215.0,683.0,215.0,683.0,215.0,683.0,215.0,683.0,215.0,683.0,215.0,683.0,215.0,683.0,215.0,683.0,215.0,683.0,215.0,683.0,215.0,683.0,215.0,683.0,215.0,683.0,215.0,683.0,215.0,683.0,215.0,683.0,215.0,683.0,215.0,683.0,215.0,683.0,215.0,683.0,215.0,683.0,215.0,683.0,215.0,683.0,215.0,683.0,215.0,683.0,215.0,683.0,215.0,683.0,215.0,683.0,215.0,683.0,215.0,683.0,215.0,683.0,215.0,683.0,215.0,683.0,215.0,683.0,215.0,683.0,215.0,683.0,215.0,683.0,215.0,683.0,215.0,683.0,215.0,683.0,215.0,683.0,215.0,683.0,215.0,683.0,215.0,683.0
75.0,203.0,75.0,203.0,75.0,203.0,75.0,203.0,75.0,203.0,75.0,203.0,75.0,203.0,75.0,203.0,75.0,203.0,75.0,203.0,75.0,203.0,75.0,203.0,75.0,203.0,75.0,203.0,75.0,203.0,75.0,203.0,75.0,203.0,75.0,203.0,75.0,203.0,75.0,203.0,75.0,203.0,75.0,203.0,75.0,203.0,75.0,203.0,75.0,203.0,75.0,203.0,75.0,203.0,75.0,203.0,75.0,203.0,75.0,203.0,75.0,203.0,75.0,203.0,75.0,203.0,75.0,203.0,75.0,203.0,75.0,203.0,75.0,203.0,75.0,203.0,75.0,203.0,75.0,203.0,75.0,203.0,75.0,203.0,75.0,203.0,75.0,203.0,75.0,203.0,75.0,203.0,75.0,203.0,75.0,203.0,75.0,203.0,75.0,203.0,75.0,203.0,75.0,203.0,75.0,203.0,75.0,203.0,75.0,203.0,75.0,203.0,75.0,203.0,75.0,203.0,75.0,203.0,75.0,203.0,75.0,203.0,75.0,203.0,75.0,203.0,75.0,203.0,75.0,203.0,75.0,203.0,75.0,203.0,75.0,203.0
115.0,57.0,115.0,57.0,115.0,57.0,115.0,57.0,115.0,57.0,115.0,57.0,115.0,57.0,115.0,57.0,115.0,57.0,115.0,57.0,115.0,57.0,115.0,57.0,115.0,57.0,115.0,57.0,115.0,57.0,115.0,57.0,115.0,57.0,115.0,57.0,115.0,57.0,115.0,57.0,115.0,57.0,115.0,57.0,115.0,57.0,115.0,57.0,115.0,57.0,115.0,57.0,115.0,57.0,115.0,57.0,115.0,57.0,115.0,57.0,115.0,57.0,115.0,57.0,115.0,57.0,115.0,57.0,115.0,57.0,115.0,57.0,115.0,57.0,115.0,57.0,115.0,57.0,115.0,57.0,115.0,57.0,115.0,57.0,115.0,57.0,115.0,57.0,115.0,57.0,115.0,57.0,115.0,57.0,115.0,57.0,115.0,57.0,115.0,57.0,115.0,57.0,115.0,57.0,115.0,57.0,115.0,57.0,115.0,57.0,115.0,57.0,115.0,57.0,115.0,57.0,115.0,57.0,115.0,57.0,115.0,57.0,115.0,57.0,115.0,57.0,115.0,57.0,115.0,57.0,115.0,57.0,115.0,57.0,115.0,57.0
400.0,730.0,400.0,730.0,400.0,730.0,400.0,730.0,400.0,730.0,400.0,730.0,400.0,730.0,400.0,730.0,400.0,730.0,400.0,730.0,400.0,730.0,400.0,730.0,400.0,730.0,400.0,730.0,400.0,730.0,400.0,730.0,400.0,730.0,400.0,730.0,400.0,730.0,400.0,730.0,400.0,730.0,400.0,730.0,400.0,730.0,400.0,730.0,400.0,730.0,400.0,730.0,400.0,730.0,400.0,730.0,400.0,730.0,400.0,730.0,400.0,730.0,400.0,730.0,400.0,730.0,400.0,730.0,400.0,730.0,400.0,730.0,400.0,730.0,400.0,730.0,400.0,730.0,400.0,730.0,400.0,730.0,400.0,730.0,400.0,730.0,400.0,730.0,400.0,730.0,400.0,730.0,400.0,730.0,400.0,730.0,400.0,730.0,400.0,730.0,400.0,730.0,400.0,730.0,400.0,730.0,400.0,730.0,400.0,730.0,400.0,730.0,400.0,730.0,400.0,730.0,400.0,730.0,400.0,730.0,400.0,730.0,400.0,730.0,400.0,730.0,400.0,730.0,400.0,730.0,400.0,730.0,400.0,730.0,400.0,730.0
562.0,819.0,562.0,819.0,562.0,819.0,562.0,819.0,562.0,819.0,562.0,819.0,562.0,819.0,562.0,819.0,562.0,819.0,562.0,819.0,562.0,819.0,562.0,819.0,562.0,819.0,562.0,819.0,562.0,819.0,562.0,819.0,562.0,819.0,562.0,819.0,562.0,819.0,562.0,819.0,562.0,819.0,562.0,819.0,562.0,819.0,562.0,819.0,562.0,819.0,562.0,819.0,562.0,819.0,562.0,819.0,562.0,819.0,562.0,819.0,562.0,819.0,562.0,819.0,562.0,819.0,562.0,819.0,562.0,819.0,562.0,819.0,562.0,819.0,562.0,819.0,562.0,819.0,562.0,819.0,562.0,819.0,562.0,819.0,562.0,819.0,562.0,819.0,562.0,819.0,562.0,819.0,562.0,819.0,562.0,819.0,562.0,819.0,562.0,819.0,562.0,819.0,562.0,819.0,562.0,819.0,562.0,819.0,562.0,819.0,562.0,819.0,562.0,819.0,562.0,819.0,562.0,819.0,562.0,819.0,562.0,819.0,562.0,819.0,562.0,819.0,562.0,819.0,562.0,819.0,562.0,819.0,562.0,819.0,562.0,819.0
739.0,786.0,739.0,786.0,739.0,786.0,739.0,786.0,739.0,786.0,739.0,786.0,739.0,786.0,739.0,786.0,739.0,786.0,739.0,786.0,739.0,786.0,739.0,786.0,739.0,786.0,739.0,786.0,739.0,786.0,739.0,786.0,739.0,786.0,739.0,786.0,739.0,786.0,739.0,786.0,739.0,786.0,739.0,786.0,739.0,786.0,739.0,786.0,739.0,786.0,739.0,786.0,739.0,786.0,739.0,786.0,739.0,786.0,739.0,786.0,739.0,786.0,739.0,786.0,739.0,786.0,739.0,786.0,739.0,786.0,739.0,786.0,739.0,786.0,739.0,786.0,739.0,786.0,739.0,786.0,739.0,786.0,739.0,786.0,739.0,786.0,739.0,786.0,739.0,786.0,739.0,786.0,739.0,786.0,739.0,786.0,739.0,786.0,739.0,786.0,739.0,786.0,739.0,786.0,739.0,786.0,739.0,786.0,739.0,786.0,739.0,786.0,739.0,786.0,739.0,786.0,739.0,786.0,739.0,786.0,739.0,786.0,739.0,786.0,739.0,786.0,739.0,786.0,739.0,786.0,739.0,786.0,739.0,786.0,739.0,786.0
663.0,751.0,663.0,751.0,663.0,751.0,663.0,751.0,663.0,751.0,663.0,751.0,663.0,751.0,663.0,751.0,663.0,751.0,663.0,751.0,663.0,751.0,663.0,751.0,663.0,751.0,663.0,751.0,663.0,751.0,663.0,751.0,663.0,751.0,663.0,751.0,663.0,751.0,663.0,751.0,663.0,751.0,663.0,751.0,663.0,751.0,663.0,751.0,663.0,751.0,663.0,751.0,663.0,751.0,663.0,751.0,663.0,751.0,663.0,751.0,663.0,751.0,663.0,751.0,663.0,751.0,663.0,751.0,663.0,751.0,663.0,751.0,663.0,751.0,663.0,751.0,663.0,751.0,663.0,751.0,663.0,751.0,663.0,751.0,663.0,751.0,663.0,751.0,663.0,751.0,663.0,751.0,663.0,751.0,663.0,751.0,663.0,751.0,663.0,751.0,663.0,751.0,663.0,751.0,663.0,751.0,663.0,751.0,663.0,751.0,663.0,751.0,663.0,751.0,663.0,751.0,663.0,751.0,663.0,751.0,663.0,751.0,663.0,751.0,663.0,751.0,663.0,751.0,663.0,751.0,663.0,751.0,663.0,751.0,663.0,751.0
474.0,567.0,474.0,567.0,474.0,567.0,474.0,567.0,474.0,567.0,474.0,567.0,474.0,567.0,474.0,567.0,474.0,567.0,474.0,567.0,474.0,567.0,474.0,567.0,474.0,567.0,474.0,567.0,474.0,567.0,474.0,567.0,474.0,567.0,474.0,567.0,474.0,567.0,474.0,567.0,474.0,567.0,474.0,567.0,474.0,567.0,474.0,567.0,474.0,567.0,474.0,567.0,474.0,567.0,474.0,567.0,474.0,567.0,474.0,567.0,474.0,567.0,474.0,567.0,474.0,567.0,474.0,567.0,474.0,567.0,474.0,567.0,474.0,567.0,474.0,567.0,474.0,567.0,474.0,567.0,474.0,567.0,474.0,567.0,474.0,567.0,474.0,567.0,474.0,567.0,474.0,567.0,474.0,567.0,474.0,567.0,474.0,567.0,474.0,567.0,474.0,567.0,474.0,567.0,474.0,567.0,474.0,567.0,474.0,567.0,474.0,567.0,474.0,567.0,474.0,567.0,474.0,567.0,474.0,567.0,474.0,567.0,474.0,567.0,474.0,567.0,474.0,567.0,474.0,567.0,474.0,567.0,474.0,567.0,474.0,567.0
394.0,947.0,394.0,947.0,394.0,947.0,394.0,947.0,394.0,947.0,394.0,947.0,394.0,947.0,394.0,947.0,394.0,947.0,394.0,947.0,394.0,947.0,394.0,947.0,394.0,947.0,394.0,947.0,394.0,947.0,394.0,947.0,394.0,947.0,394.0,947.0,394.0,947.0,394.0,947.0,394.0,947.0,394.0,947.0,394.0,947.0,394.0,947.0,394.0,947.0,394.0,947.0,394.0,947.0,394.0,947.0,394.0,947.0,394.0,947.0,394.0,947.0,394.0,947.0,394.0,947.0,394.0,947.0,394.0,947.0,394.0,947.0,394.0,947.0,394.0,947.0,394.0,947.0,394.0,947.0,394.0,947.0,394.0,947.0,394.0,947.0,394.0,947.0,394.0,947.0,394.0,947.0,394.0,947.0,394.0,947.0,394.0,947.0,394.0,947.0,394.0,947.0,394.0,947.0,394.0,947.0,394.0,947.0,394.0,947.0,394.0,947.0,394.0,947.0,394.0,947.0,394.0,947.0,394.0,947.0,394.0,947.0,394.0,947.0,394.0,947.0,394.0,947.0,394.0,947.0,394.0,947.0,394.0,947.0,394.0,947.0
610.0,699.0,610.0,699.0,610.0,699.0,610.0,699.0,610.0,699.0,610.0,699.0,610.0,699.0,610.0,699.0,610.0,699.0,610.0,699.0,610.0,699.0,610.0,699.0,610.0,699.0,610.0,699.0,610.0,699.0,610.0,699.0,610.0,699.0,610.0,699.0,610.0,699.0,610.0,699.0,610.0,699.0,610.0,699.0,610.0,699.0,610.0,699.0,610.0,699.0,610.0,699.0,610.0,699.0,610.0,699.0,610.0,699.0,610.0,699.0,610.0,699.0,610.0,699.0,610.0,699.0,610.0,699.0,610.0,699.0,610.0,699.0,610.0,699.0,610.0,699.0,610.0,699.0,610.0,699.0,610.0,699.0,610.0,699.0,610.0,699.0,610.0,699.0,610.0,699.0,610.0,699.0,610.0,699.0,610.0,699.0,610.0,699.0,610.0,699.0,610.0,699.0,610.0,699.0,610.0,699.0,610.0,699.0,610.0,699.0,610.0,699.0,610.0,699.0,610.0,699.0,610.0,699.0,610.0,699.0,610.0,699.0,610.0,699.0,610.0,699.0,610.0,699.0,610.0,699.0,610.0,699.0,610.0,699.0,610.0,699.0
640.0,0.0,640.0,0.0,640.0,0.0,640.0,0.0,640.0,0.0,640.0,0.0,640.0,0.0,640.0,0.0,640.0,0.0,640.0,0.0,640.0,0.0,640.0,0.0,640.0,0.0,640.0,0.0,640.0,0.0,640.0,0.0,640.0,0.0,640.0,0.0,640.0,0.0,640.0,0.0,640.0,0.0,640.0,0.0,640.0,0.0,640.0,0.0,640.0,0.0,640.0,0.0,640.0,0.0,640.0,0.0,640.0,0.0,640.0,0.0,640.0,0.0,640.0,0.0,640.0,0.0,640.0,0.0,640.0,0.0,640.0,0.0,640.0,0.0,640.0,0.0,640.0,0.0,640.0,0.0,640.0,0.0,640.0,0.0,640.0,0.0,640.0,0.0,640.0,0.0,640.0,0.0,640.0,0.0,640.0,0.0,640.0,0.0,640.0,0.0,640.0,0.0,640.0,0.0,640.0,0.0,640.0,0.0,640.0,0.0,640.0,0.0,640.0,0.0,640.0,0.0,640.0,0.0,640.0,0.0,640.0,0.0,640.0,0.0,640.0,0.0,640.0,0.0,640.0,0.0,640.0,0.0,640.0,0.0,640.0,0.0
827.0,0.0,827.0,0.0,827.0,0.0,827.0,0.0,827.0,0.0,827.0,0.0,827.0,0.0,827.0,0.0,827.0,0.0,827.0,0.0,827.0,0.0,827.0,0.0,827.0,0.0,827.0,0.0,827.0,0.0,827.0,0.0,827.0,0.0,827.0,0.0,827.0,0.0,827.0,0.0,827.0,0.0,827.0,0.0,827.0,0.0,827.0,0.0,827.0,0.0,827.0,0.0,827.0,0.0,827.0,0.0,827.0,0.0,827.0,0.0,827.0,0.0,827.0,0.0,827.0,0.0,827.0,0.0,827.0,0.0,827.0,0.0,827.0,0.0,827.0,0.0,827.0,0.0,827.0,0.0,827.0,0.0,827.0,0.0,827.0,0.0,827.0,0.0,827.0,0.0,827.0,0.0,827.0,0.0,827.0,0.0,827.0,0.0,827.0,0.0,827.0,0.0,827.0,0.0,827.0,0.0,827.0,0.0,827.0,0.0,827.0,0.0,827.0,0.0,827.0,0.0,827.0,0.0,827.0,0.0,827.0,0.0,827.0,0.0,827.0,0.0,827.0,0.0,827.0,0.0,827.0,0.0,827.0,0.0,827.0,0.0
413.0,437.0,413.0,437.0,413.0,437.0,413.0,437.0,413.0,437.0,413.0,437.0,413.0,437.0,413.0,437.0,413.0,437.0,413.0,437.0,413.0,437.0,413.0,437.0,413.0,437.0,413.0,437.0,413.0,437.0,413.0,437.0,413.0,437.0,413.0,437.0,413.0,437.0,413.0,437.0,413.0,437.0,413.0,437.0,413.0,437.0,413.0,437.0,413.0,437.0,413.0,437.0,413.0,437.0,413.0,437.0,413.0,437.0,413.0,437.0,413.0,437.0,413.0,437.0,413.0,437.0,413.0,437.0,413.0,437.0,413.0,437.0,413.0,437.0,413.0,437.0,413.0,437.0,413.0,437.0,413.0,437.0,413.0,437.0,413.0,437.0,413.0,437.0,413.0,437.0,413.0,437.0,413.0,437.0,413.0,437.0,413.0,437.0,413.0,437.0,413.0,437.0,413.0,437.0,413.0,437.0,413.0,437.0,413.0,437.0,413.0,437.0,413.0,437.0,413.0,437.0,413.0,437.0,413.0,437.0,413.0,437.0,413.0,437.0,413.0,437.0,413.0,437.0,413.0,437.0,413.0,437.0,413.0,437.0,413.0,437.0
392.0,410.0,392.0,410.0,392.0,410.0,392.0,410.0,392.0,410.0,392.0,410.0,392.0,410.0,392.0,410.0,392.0,410.0,392.0,410.0,392.0,410.0,392.0,410.0,392.0,410.0,392.0,410.0,392.0,410.0,392.0,410.0,392.0,410.0,392.0,410.0,392.0,410.0,392.0,410.0,392.0,410.0,392.0,410.0,392.0,410.0,392.0,410.0,392.0,410.0,392.0,410.0,392.0,410.0,392.0,410.0,392.0,410.0,392.0,410.0,392.0,410.0,392.0,410.0,392.0,410.0,392.0,410.0,392.0,410.0,392.0,410.0,392.0,410.0,392.0,410.0,392.0,410.0,392.0,410.0,392.0,410.0,392.0,410.0,392.0,410.0,392.0,410.0,392.0,410.0,392.0,410.0,392.0,410.0,392.0,410.0,392.0,410.0,392.0,410.0,392.0,410.0,392.0,410.0,392.0,410.0,392.0,410.0,392.0,410.0,392.0,410.0,392.0,410.0,392.0,410.0,392.0,410.0,392.0,410.0,392.0,410.0,392.0,410.0,392.0,410.0,392.0,410.0,392.0,410.0,392.0,410.0,392.0,410.0,392.0,410.0
340.0,640.0,340.0,640.0,340.0,640.0,340.0,640.0,340.0,640.0,340.0,640.0,340.0,640.0,340.0,640.0,340.0,640.0,340.0,640.0,340.0,640.0,340.0,640.0,340.0,640.0,340.0,640.0,340.0,640.0,340.0,640.0,340.0,640.0,340.0,640.0,340.0,640.0,340.0,640.0,340.0,640.0,340.0,640.0,340.0,640.0,340.0,640.0,340.0,640.0,340.0,640.0,340.0,640.0,340.0,640.0,340.0,640.0,340.0,640.0,340.0,640.0,340.0,640.0,340.0,640.0,340.0,640.0,340.0,640.0,340.0,640.0,340.0,640.0,340.0,640.0,340.0,640.0,340.0,640.0,340.0,640.0,340.0,640.0,340.0,640.0,340.0,640.0,340.0,640.0,340.0,640.0,340.0,640.0,340.0,640.0,340.0,640.0,340.0,640.0,340.0,640.0,340.0,640.0,340.0,640.0,340.0,640.0,340.0,640.0,340.0,640.0,340.0,640.0,340.0,640.0,340.0,640.0,340.0,640.0,340.0,640.0,340.0,640.0,340.0,640.0,340.0,640.0,340.0,640.0,340.0,640.0,340.0,640.0,340.0,640.0
