652,1247,835,1252,657,1347,840,1340,648,1381,860,1372,655,1503,855,1500,657,1549,845,1531,692,1674,857,1665,701,1719,854,1719,704,1838,876,1841,707,1873,889,1882,704,2001,896,2013,701,2039,902,2038,669,2198,899,2191,689,2230,896,2230,683,2388,890,2388,683,2413,889,2411,686,2584,908,2571,702,2617,908,2611,688,2767,923,2756,707,2814,932,2802,694,2955,929,2956,707,2990,921,3011,661,3141,907,3185,652,3182,911,3247,599,3334,871,3419,576,3388,846,3465,513,3573,795,3654,470,3612,768,3682,406,3822,689,3873,383,3888,710,3929,383,4129,685,4130,391,4218,704,4182,404,4448,721,4395,429,4531,764,4489,473,4766,832,4686
1096,1064,1299,1054,1110,1164,1308,1158,1100,1213,1316,1211,1110,1318,1301,1312,1098,1380,1303,1388,1112,1501,1297,1499,1106,1547,1299,1551,1118,1680,1305,1690,1112,1733,1301,1735,1098,1866,1305,1876,1098,1912,1299,1918,1100,2069,1297,2065,1104,2109,1295,2105,1102,2260,1301,2264,1098,2299,1297,2307,1060,2466,1308,2462,1090,2506,1303,2486,1090,2667,1334,2647,1100,2708,1316,2684,1130,2873,1374,2843,1114,2917,1364,2883,1146,3074,1400,3050,1156,3125,1398,3090,1156,3284,1442,3260,1171,3332,1442,3310,1191,3514,1469,3483,1179,3564,1455,3556,1197,3765,1509,3743,1175,3832,1509,3816,1191,4053,1525,4037,1181,4108,1545,4116,1179,4313,1551,4327,1169,4364,1547,4414,1120,4577,1517,4634
1001,1186,1197,1174,1015,1285,1197,1272,996,1325,1212,1302,1020,1428,1213,1417,1014,1460,1202,1448,1012,1573,1213,1555,1030,1611,1216,1588,1030,1720,1228,1707,1046,1767,1230,1755,1056,1875,1237,1856,1052,1912,1231,1921,1034,2038,1224,2047,1036,2065,1221,2092,1020,2189,1197,2219,1012,2216,1187,2270,963,2354,1159,2384,958,2371,1155,2433,910,2514,1123,2556,904,2546,1114,2594,872,2681,1106,2718,883,2726,1081,2757,853,2864,1087,2889,861,2914,1086,2923,854,3056,1090,3054,851,3111,1078,3108,848,3266,1114,3259,857,3321,1139,3316,860,3488,1130,3479,872,3547,1127,3529,880,3715,1162,3696,898,3795,1168,3764,916,3954,1230,3930,920,4031,1230,4012,926,4217,1250,4197
859,1480,1137,1484,880,1586,1118,1586,914,1634,1127,1627,854,1755,1132,1736,885,1794,1102,1775,861,1929,1104,1927,883,1972,1082,1969,851,2112,1104,2117,883,2164,1054,2158,835,2295,1116,2314,861,2357,1083,2369,811,2510,1090,2521,833,2567,1092,2559,823,2733,1111,2716,837,2757,1108,2752,839,2926,1109,2914,845,2980,1096,2966,845,3131,1118,3119,839,3176,1118,3162,847,3337,1140,3333,854,3375,1135,3373,828,3532,1153,3547,832,3587,1118,3611,788,3775,1120,3784,780,3830,1102,3856,747,4048,1099,4084,754,4106,1106,4141,700,4336,1094,4372,695,4436,1075,4443,683,4664,1092,4670,678,4767,1082,4760,681,5003,1125,4984,695,5119,1094,5078,681,5395,1165,5354
1170,1230,1368,1236,1164,1341,1364,1345,1144,1391,1379,1400,1155,1476,1368,1488,1138,1549,1383,1552,1149,1652,1374,1670,1147,1689,1364,1699,1153,1799,1360,1821,1153,1844,1350,1867,1124,1951,1324,2005,1124,2002,1313,2043,1091,2120,1288,2173,1069,2161,1259,2212,1014,2287,1210,2338,1000,2322,1195,2380,969,2460,1153,2492,952,2503,1160,2514,952,2660,1149,2661,945,2712,1164,2687,969,2868,1173,2836,971,2911,1170,2868,1005,3081,1218,3020,1022,3121,1221,3061,1063,3279,1284,3223,1074,3334,1307,3273,1094,3500,1364,3446,1104,3537,1383,3525,1101,3727,1403,3713,1101,3773,1391,3807,1060,3957,1380,3997,1063,4028,1341,4095,995,4193,1318,4269,980,4249,1295,4330,902,4480,1262,4539
1229,1594,1448,1591,1218,1705,1446,1708,1206,1749,1465,1753,1212,1866,1454,1869,1217,1903,1452,1907,1203,2035,1449,2043,1210,2091,1451,2107,1212,2201,1443,2206,1229,2241,1452,2260,1239,2364,1436,2399,1210,2437,1436,2508,1160,2538,1351,2596,1163,2606,1375,2669,1128,2686,1340,2778,1098,2761,1301,2871,997,2851,1297,2960,943,2912,1247,3053,869,3048,1203,3153,849,3118,1160,3191,826,3251,1143,3244,825,3349,1157,3293,866,3516,1157,3407,920,3548,1198,3432,970,3701,1291,3551,1033,3733,1338,3589,1094,3900,1419,3726,1114,3932,1451,3835,1174,4076,1520,3993,1173,4137,1547,4104,1198,4328,1564,4328,1185,4376,1534,4441,1138,4603,1517,4668,1108,4670,1484,4758,1030,4877,1446,4981
919,1197,1152,1184,919,1315,1178,1296,941,1344,1168,1335,934,1447,1170,1430,952,1503,1151,1503,939,1607,1161,1593,947,1651,1154,1651,949,1752,1157,1754,947,1791,1149,1794,949,1925,1155,1900,955,1959,1158,1926,985,2089,1203,2040,985,2122,1208,2079,1011,2256,1239,2220,1007,2299,1227,2251,1030,2436,1262,2381,1037,2484,1257,2421,1076,2612,1296,2536,1103,2656,1305,2588,1142,2795,1382,2690,1151,2833,1393,2748,1170,2968,1460,2864,1172,3011,1473,3089,1147,3100,1424,3205,1095,3184,1374,3287,1010,3271,1319,3379,994,3312,1302,3407,947,3445,1270,3517,919,3537,1267,3573,906,3697,1241,3724,892,3788,1270,3817,888,3982,1260,3992,866,4084,1253,4076,886,4231,1270,4240
827,1643,1052,1639,832,1750,1053,1751,827,1780,1032,1791,813,1887,1026,1907,826,1933,1031,1947,810,2051,1023,2084,824,2086,977,2105,800,2211,986,2248,807,2257,961,2284,779,2375,943,2393,752,2421,953,2435,744,2542,947,2552,738,2575,913,2591,729,2709,951,2714,716,2755,910,2747,730,2898,929,2878,722,2943,942,2921,722,3081,970,3056,735,3131,977,3099,764,3277,994,3234,781,3328,977,3299,779,3477,1037,3441,791,3520,1039,3485,792,3686,1082,3662,805,3749,1091,3719,821,3937,1107,3912,819,3993,1112,3982,819,4171,1136,4149,813,4243,1126,4259,786,4426,1123,4449,775,4491,1118,4543,735,4671,1090,4720,709,4760,1063,4801,678,4968,1061,5006
967,758,1143,791,966,845,1127,876,934,870,1132,932,913,959,1099,1020,892,983,1075,1073,845,1064,1031,1166,826,1093,1008,1190,764,1135,920,1278,737,1185,899,1307,683,1248,815,1381,655,1280,804,1405,576,1364,735,1462,555,1394,712,1471,506,1513,697,1559,493,1542,675,1580,473,1670,676,1698,468,1716,677,1752,472,1825,680,1825,444,1872,667,1868,478,2036,705,2003,467,2074,718,2024,521,2262,768,2189,529,2297,775,2213,584,2490,834,2391,606,2519,851,2412,691,2685,933,2566,721,2720,945,2595,800,2892,1039,2762,822,2921,1078,2799,882,3096,1182,2979,895,3138,1186,3042,933,3324,1261,3230,954,3363,1264,3325,975,3557,1313,3504
144,158,183,155,146,174,185,170,146,180,186,177,154,199,185,193,152,206,190,201,152,223,193,221,153,232,193,231,152,251,193,251,149,260,194,260,154,282,196,281,154,288,194,289,149,309,193,313,155,318,192,321,146,337,188,344,147,345,184,352,139,366,181,375,138,377,177,384,130,401,173,406,130,414,173,414,132,433,171,432,130,445,175,445,125,468,177,465,127,481,179,478,129,512,191,502,135,523,193,514,139,556,197,546,138,568,202,554,146,589,208,580,146,603,208,596,144,637,220,628,146,650,223,643,144,687,229,679,146,702,228,697,150,735,230,734
1826,986,2049,1066,1782,1069,1999,1149,1767,1098,2019,1195,1726,1218,1968,1304,1719,1285,1959,1347,1696,1348,1926,1429,1691,1429,1893,1486,1663,1504,1860,1573,1654,1561,1838,1623,1618,1660,1808,1708,1594,1708,1801,1758,1570,1820,1767,1857,1561,1869,1765,1895,1525,1962,1729,1992,1533,2033,1743,2075,1516,2137,1741,2170,1499,2182,1717,2218,1485,2310,1701,2341,1473,2364,1699,2374,1464,2511,1691,2501,1476,2568,1685,2540,1481,2703,1746,2655,1483,2755,1762,2710,1466,2857,1772,2873,1457,2911,1729,3066,1402,3004,1672,3182,1343,3073,1613,3220,1287,3188,1559,3335,1210,3229,1512,3364,1159,3388,1447,3475,1095,3470,1443,3530,1071,3639,1429,3693,1045,3736,1407,3757,1026,3921,1403,3958
755,1415,1038,1402,764,1486,1031,1484,761,1538,1032,1532,771,1639,1031,1645,777,1694,1024,1694,775,1790,1013,1817,777,1853,1042,1867,755,2012,1020,2047,739,2063,991,2107,711,2181,977,2230,717,2230,950,2263,679,2354,920,2395,678,2398,914,2435,641,2546,873,2568,630,2584,876,2595,621,2758,875,2769,618,2788,871,2792,618,2958,875,2953,616,3005,875,2978,629,3175,909,3126,665,3196,901,3159,682,3375,949,3322,698,3418,955,3363,726,3579,1007,3511,739,3634,1038,3564,775,3809,1097,3738,785,3868,1105,3805,837,4065,1158,3993,832,4116,1172,4069,848,4307,1199,4286,849,4362,1210,4354,827,4579,1207,4571,841,4622,1210,4669,782,4849,1182,4893
987,921,1229,929,1002,1009,1222,1010,990,1038,1222,1062,986,1133,1206,1146,964,1175,1196,1184,958,1269,1193,1280,960,1311,1183,1317,939,1432,1158,1452,939,1518,1138,1500,938,1615,1158,1598,967,1662,1151,1660,942,1779,1154,1780,937,1819,1141,1827,948,1937,1141,1960,951,1990,1125,2005,915,2118,1116,2131,923,2151,1119,2177,897,2314,1109,2335,895,2346,1101,2369,873,2510,1080,2513,866,2545,1075,2558,851,2702,1070,2711,848,2747,1074,2752,826,2915,1088,2924,828,2966,1084,2966,818,3129,1091,3131,815,3181,1094,3184,800,3383,1101,3378,796,3438,1103,3438,795,3642,1113,3648,808,3717,1122,3695,825,3934,1148,3895,835,4015,1148,3966,871,4241,1204,4180
244,84,285,79,248,103,287,97,246,110,288,107,250,132,289,126,250,136,291,133,253,155,293,153,252,162,291,159,254,181,293,177,255,191,291,191,256,209,292,209,257,219,294,219,255,244,297,248,258,253,288,255,254,278,292,279,256,284,290,286,252,310,293,313,251,318,287,319,247,344,287,348,248,351,284,355,245,378,284,384,245,387,281,391,239,413,280,420,241,422,280,426,229,446,273,458,228,453,271,463,218,485,268,496,215,493,265,506,204,526,254,542,201,535,251,549,188,568,241,586,186,581,235,596,170,617,229,632,164,631,222,642,155,673,220,681
196,293,233,299,194,305,231,312,191,310,226,319,184,327,220,337,184,331,215,342,177,349,206,362,177,356,204,365,167,371,200,381,164,376,197,388,158,396,190,405,157,402,187,410,151,418,181,427,147,428,177,432,143,446,175,447,140,453,175,455,141,475,176,472,141,481,178,480,145,505,181,499,145,512,181,505,149,535,186,525,152,538,187,530,158,565,197,552,162,572,199,560,166,597,206,585,168,604,208,593,175,633,221,622,179,641,223,632,183,669,227,659,184,677,231,671,186,706,232,700,189,714,235,714,184,744,237,744,185,753,238,756,182,785,237,787
585,1150,824,1141,592,1235,838,1238,582,1285,812,1277,603,1377,812,1358,600,1411,821,1422,598,1513,812,1507,609,1558,812,1564,600,1647,809,1652,586,1708,792,1705,585,1813,782,1808,588,1852,788,1871,561,1975,770,1986,549,2017,773,2019,533,2163,756,2165,533,2208,740,2242,518,2344,737,2347,501,2438,718,2436,492,2536,737,2532,501,2590,743,2580,495,2729,749,2717,497,2765,755,2768,489,2915,747,2906,492,2966,744,2957,489,3126,761,3106,491,3176,773,3160,498,3351,804,3324,483,3421,797,3379,522,3588,822,3554,518,3643,846,3624,546,3830,870,3796,528,3897,889,3879,562,4082,904,4036,555,4148,924,4127,582,4321,925,4306
1057,1177,1245,1171,1062,1261,1252,1262,1069,1321,1256,1311,1074,1399,1248,1393,1062,1446,1247,1437,1067,1557,1251,1552,1081,1607,1256,1614,1085,1702,1262,1707,1076,1762,1247,1772,1076,1857,1245,1872,1064,1904,1237,1927,1057,2017,1234,2037,1055,2055,1227,2076,1028,2178,1226,2190,1025,2225,1226,2227,1005,2354,1209,2361,1005,2394,1210,2400,1008,2541,1233,2528,1004,2574,1223,2560,1008,2721,1237,2704,1016,2753,1231,2739,1018,2905,1255,2893,1019,2953,1263,2928,1029,3115,1304,3092,1032,3161,1305,3136,1026,3341,1321,3323,1028,3384,1325,3376,1037,3581,1339,3573,1029,3633,1349,3634,1016,3821,1351,3843,1015,3892,1336,3923,987,4095,1330,4137,973,4156,1310,4215,923,4350,1287,4421
857,1046,1084,1040,872,1145,1097,1138,867,1202,1090,1184,882,1301,1098,1297,881,1347,1101,1345,878,1451,1118,1452,897,1480,1108,1505,864,1598,1117,1635,862,1657,1107,1672,849,1778,1084,1820,844,1810,1059,1854,811,1951,1033,2016,801,1989,1017,2046,756,2140,993,2187,750,2167,969,2211,722,2329,959,2368,705,2384,942,2400,699,2526,931,2540,692,2597,906,2579,679,2765,939,2725,683,2829,945,2769,725,2985,982,2903,759,3055,993,2961,796,3202,1083,3104,830,3262,1098,3164,891,3410,1172,3326,916,3451,1213,3383,959,3626,1274,3566,970,3678,1304,3654,976,3870,1337,3852,985,3904,1344,3934,966,4132,1327,4159,926,4187,1317,4255,883,4404,1267,4480
1060,950,1283,956,1054,1062,1277,1068,1053,1111,1283,1111,1064,1217,1274,1204,1060,1279,1277,1270,1056,1408,1289,1404,1073,1466,1291,1459,1071,1597,1276,1587,1075,1635,1277,1631,1068,1769,1285,1772,1054,1824,1289,1808,1071,1958,1300,1935,1060,1990,1293,1978,1081,2145,1308,2116,1078,2185,1306,2148,1107,2324,1349,2290,1111,2362,1345,2332,1126,2500,1376,2475,1128,2547,1387,2528,1132,2681,1385,2664,1130,2732,1395,2719,1132,2895,1410,2887,1141,2948,1412,2933,1141,3122,1429,3110,1143,3171,1438,3163,1153,3347,1447,3350,1149,3415,1451,3407,1149,3613,1459,3617,1145,3675,1461,3692,1115,3881,1463,3893,1107,3947,1455,3963,1083,4180,1457,4193,1102,4221,1444,4246,1068,4463,1453,4477
183,128,226,127,182,150,229,147,184,156,230,153,189,175,229,174,189,182,227,179,191,202,232,197,191,209,231,203,193,229,235,227,193,237,233,236,193,261,232,263,193,269,231,272,188,292,227,297,188,301,223,303,185,325,223,331,184,333,221,339,176,359,223,365,175,367,217,372,168,394,211,399,167,403,206,406,161,432,206,435,160,441,204,443,157,472,205,470,157,485,205,480,161,515,212,506,162,528,211,520,166,562,222,551,172,576,219,567,178,608,229,598,178,620,232,618,180,656,245,655,177,665,237,667,176,703,240,707,173,716,237,724,167,748,230,759
862,1206,1104,1208,870,1312,1081,1320,865,1348,1090,1361,867,1461,1087,1466,862,1495,1086,1497,857,1619,1087,1619,857,1652,1070,1653,879,1774,1070,1775,871,1805,1068,1821,868,1932,1062,1960,870,1972,1056,1999,837,2110,1031,2134,845,2159,1021,2182,796,2304,996,2332,795,2337,995,2370,773,2493,978,2509,771,2540,973,2547,762,2684,959,2700,746,2726,965,2734,740,2877,973,2886,724,2922,951,2931,713,3081,951,3102,704,3122,934,3141,701,3310,934,3310,691,3350,924,3349,685,3546,948,3515,695,3612,951,3560,718,3804,1020,3715,741,3871,1028,3773,815,4065,1103,3948,859,4128,1129,4022,923,4308,1228,4201,956,4366,1262,4303,976,4544,1311,4513
1186,1296,1410,1296,1184,1381,1415,1379,1180,1423,1412,1448,1184,1512,1398,1533,1178,1579,1381,1608,1172,1666,1376,1696,1155,1710,1358,1751,1123,1828,1334,1861,1134,1872,1320,1911,1111,1980,1287,2027,1107,2021,1281,2063,1052,2128,1248,2190,1049,2169,1226,2224,1002,2293,1196,2362,984,2339,1178,2384,947,2469,1154,2507,938,2515,1151,2537,926,2639,1143,2660,913,2703,1143,2700,906,2835,1146,2827,905,2892,1143,2868,923,3029,1161,2977,943,3089,1164,3023,963,3227,1219,3159,975,3286,1217,3192,1035,3442,1304,3344,1057,3505,1317,3395,1107,3668,1372,3564,1113,3715,1396,3609,1181,3909,1490,3777,1196,3950,1496,3856,1258,4141,1558,4050,1264,4206,1593,4147,1290,4437,1645,4356
993,1220,1199,1216,1009,1314,1197,1311,999,1359,1200,1363,983,1474,1207,1464,993,1514,1180,1514,991,1633,1214,1606,1007,1670,1194,1649,1019,1786,1221,1761,1041,1840,1204,1827,1036,1927,1226,1920,1040,1967,1224,1956,1021,2084,1249,2077,1037,2119,1236,2101,1043,2247,1253,2229,1053,2270,1243,2251,1057,2403,1256,2399,1063,2431,1259,2426,1051,2577,1263,2570,1059,2611,1251,2609,1050,2764,1254,2751,1057,2790,1241,2791,1063,2957,1259,2934,1056,3001,1286,2977,1081,3169,1321,3126,1070,3213,1339,3179,1093,3389,1381,3346,1096,3441,1401,3429,1111,3623,1416,3597,1106,3664,1401,3690,1073,3837,1383,3894,1073,3904,1374,3996,989,4074,1311,4190,959,4141,1291,4260,866,4343,1199,4473
129,206,173,207,128,221,171,223,130,231,170,231,129,251,168,252,129,257,167,257,129,272,166,274,129,284,170,287,127,297,169,301,129,312,164,320,128,330,165,332,128,335,163,338,126,347,162,349,120,352,160,356,120,376,159,380,116,385,157,387,113,411,163,413,113,419,160,418,115,446,161,444,115,454,157,449,117,484,163,478,117,491,161,485,120,520,169,510,121,530,171,520,126,564,178,552,129,573,178,559,136,608,191,591,139,617,192,603,147,651,203,635,147,661,203,649,156,696,213,682,155,707,213,699,159,744,222,732,161,756,222,750,163,789,224,785
1010,1285,1253,1270,1024,1391,1246,1368,1028,1430,1241,1417,1047,1507,1231,1509,1046,1562,1244,1552,1041,1653,1247,1640,1051,1709,1253,1682,1062,1810,1253,1789,1070,1867,1260,1850,1073,1963,1283,1948,1082,2021,1292,1998,1083,2116,1297,2106,1087,2176,1300,2162,1089,2290,1320,2268,1095,2335,1326,2299,1098,2451,1344,2432,1106,2488,1338,2477,1099,2608,1341,2611,1086,2642,1339,2645,1082,2769,1344,2783,1089,2818,1335,2822,1059,2949,1331,2978,1049,2998,1336,3031,1020,3149,1318,3188,1005,3182,1297,3228,977,3350,1251,3406,946,3409,1243,3457,919,3598,1210,3633,906,3665,1214,3669,898,3877,1213,3861,911,3951,1220,3915,939,4140,1249,4084,954,4218,1256,4170,982,4415,1313,4367
1058,1313,1287,1299,1059,1392,1282,1397,1076,1442,1285,1430,1081,1528,1294,1526,1088,1580,1288,1569,1101,1687,1294,1685,1104,1729,1294,1740,1105,1842,1290,1853,1113,1888,1288,1890,1098,2032,1305,2032,1085,2087,1291,2090,1085,2226,1302,2221,1082,2259,1302,2245,1099,2395,1314,2387,1091,2421,1310,2413,1088,2574,1337,2555,1101,2606,1326,2583,1116,2749,1345,2737,1113,2780,1346,2766,1101,2928,1366,2923,1110,2951,1363,2957,1087,3120,1359,3115,1085,3154,1363,3158,1075,3332,1366,3358,1075,3367,1363,3399,1038,3566,1346,3601,1035,3610,1340,3647,995,3799,1316,3842,995,3865,1310,3889,965,4076,1297,4102,960,4152,1297,4152,953,4356,1293,4376,953,4421,1288,4430,936,4653,1305,4651
1078,1408,1289,1380,1098,1474,1303,1445,1103,1524,1303,1501,1109,1591,1324,1567,1107,1631,1333,1603,1130,1704,1341,1674,1135,1726,1356,1700,1139,1807,1364,1814,1154,1831,1338,1829,1154,1932,1342,1929,1170,1962,1335,1968,1161,2060,1307,2075,1159,2091,1319,2113,1148,2220,1290,2234,1127,2274,1281,2278,1104,2391,1272,2404,1098,2426,1271,2448,1083,2546,1266,2559,1075,2590,1263,2598,1067,2707,1275,2706,1061,2750,1254,2732,1066,2886,1277,2857,1069,2924,1272,2901,1074,3068,1301,3036,1078,3121,1318,3088,1112,3253,1339,3208,1112,3300,1359,3272,1119,3434,1373,3416,1118,3483,1403,3488,1103,3621,1384,3645,1096,3670,1376,3738,1052,3810,1321,3896,1028,3880,1310,3963,976,4019,1267,4122
1066,1228,1294,1248,1066,1334,1295,1344,1056,1380,1274,1396,1019,1486,1263,1509,1020,1530,1261,1541,1017,1655,1248,1655,1017,1694,1239,1700,1011,1832,1218,1847,1007,1862,1206,1883,1002,1991,1200,2015,980,2026,1184,2054,947,2170,1187,2211,937,2200,1170,2235,895,2354,1161,2384,907,2402,1147,2417,897,2550,1139,2563,893,2584,1129,2600,874,2738,1135,2744,873,2784,1129,2774,880,2942,1135,2934,879,2979,1142,2970,873,3139,1154,3125,879,3190,1151,3180,880,3368,1178,3340,885,3413,1187,3398,892,3603,1212,3577,880,3644,1209,3633,877,3831,1237,3816,900,3896,1236,3862,909,4075,1267,4048,915,4155,1280,4134,932,4353,1297,4348,901,4427,1300,4418,918,4637,1309,4643
920,1204,1164,1211,939,1307,1152,1324,916,1348,1145,1352,926,1443,1134,1447,926,1479,1144,1479,942,1571,1142,1582,938,1606,1135,1623,930,1712,1126,1747,889,1749,1080,1835,834,1824,1022,1935,821,1872,974,1987,739,1952,896,2081,720,2000,870,2110,627,2099,812,2203,586,2148,805,2233,570,2291,778,2320,548,2367,774,2351,577,2512,801,2445,589,2565,811,2489,685,2707,867,2577,716,2743,911,2617,801,2858,1015,2713,844,2887,1066,2761,922,3007,1165,2880,935,3050,1198,2971,955,3190,1259,3157,970,3225,1265,3241,945,3378,1248,3450,939,3424,1199,3557,866,3577,1126,3718,809,3655,1081,3789,698,3807,996,3960,612,3919,957,3996,587,4107,923,4147
707,928,907,912,707,1029,927,1008,716,1076,922,1054,717,1180,945,1160,724,1239,938,1216,734,1319,948,1310,729,1370,948,1352,747,1488,961,1480,754,1520,961,1523,756,1649,969,1647,761,1676,954,1677,753,1784,949,1793,760,1812,937,1831,743,1932,930,1953,744,1965,917,1985,721,2081,902,2113,709,2107,888,2131,699,2248,877,2270,683,2281,878,2302,677,2425,864,2429,663,2458,864,2456,676,2610,877,2582,684,2646,884,2615,699,2786,917,2724,703,2823,924,2773,744,2963,972,2897,750,3008,981,2925,778,3131,1042,3059,793,3172,1069,3107,824,3312,1125,3252,824,3350,1136,3313,864,3527,1159,3504,864,3574,1172,3597,853,3747,1158,3792
927,1237,1150,1221,956,1363,1166,1338,941,1398,1166,1366,968,1508,1184,1496,972,1550,1172,1535,975,1657,1202,1648,987,1699,1186,1702,990,1824,1199,1832,986,1853,1187,1860,975,1982,1183,1999,975,2012,1183,2029,936,2145,1156,2175,947,2181,1141,2206,924,2322,1139,2343,926,2363,1132,2372,915,2516,1132,2506,933,2546,1132,2540,929,2698,1148,2694,929,2730,1151,2736,924,2892,1159,2877,927,2935,1156,2917,930,3106,1183,3093,920,3141,1189,3132,921,3323,1196,3320,910,3364,1195,3376,885,3547,1172,3571,873,3600,1180,3625,838,3803,1154,3838,832,3856,1144,3871,819,4083,1138,4065,823,4152,1138,4122,849,4370,1184,4321,865,4443,1207,4393,897,4658,1243,4589
1008,987,1250,975,1040,1086,1262,1053,1026,1136,1269,1111,1044,1225,1281,1202,1044,1264,1274,1250,1062,1382,1299,1370,1076,1416,1285,1413,1069,1528,1292,1535,1065,1560,1273,1592,1042,1677,1255,1726,1046,1710,1248,1760,1007,1831,1228,1895,989,1856,1219,1932,950,1994,1180,2056,952,2031,1163,2100,902,2169,1129,2215,883,2217,1136,2256,872,2356,1108,2391,845,2400,1078,2416,831,2558,1081,2543,831,2611,1065,2586,849,2765,1115,2721,851,2822,1134,2761,895,2990,1164,2914,899,3054,1173,2969,952,3226,1241,3125,978,3279,1264,3178,1033,3467,1338,3366,1046,3527,1363,3442,1094,3713,1423,3625,1110,3782,1441,3711,1133,3956,1482,3913,1143,4013,1485,3988,1134,4227,1503,4208
790,845,1029,846,792,926,1035,915,792,962,1035,965,809,1055,1025,1059,792,1099,1008,1099,784,1194,1013,1208,801,1249,1003,1243,786,1337,1012,1330,795,1384,1009,1385,792,1488,1024,1481,812,1536,1009,1535,803,1636,1021,1632,811,1681,1009,1676,801,1784,1021,1776,811,1825,1009,1830,803,1930,1020,1933,808,1979,1008,1987,799,2091,1007,2112,792,2128,995,2154,766,2236,985,2261,757,2290,974,2320,722,2406,960,2436,710,2460,960,2495,689,2585,958,2614,691,2642,954,2680,663,2768,929,2793,641,2839,932,2871,641,2974,914,2994,622,3049,912,3061,603,3176,916,3201,597,3268,909,3280,586,3410,911,3417,582,3503,917,3518,567,3648,922,3664
765,1321,1007,1316,773,1445,1009,1432,768,1494,1019,1485,773,1618,1030,1584,776,1665,1029,1628,788,1788,1057,1760,811,1836,1062,1793,827,1978,1103,1932,852,2043,1090,1995,872,2158,1110,2133,880,2198,1111,2190,878,2342,1116,2356,875,2393,1098,2401,855,2548,1090,2563,860,2604,1083,2607,842,2776,1090,2761,836,2814,1096,2809,837,2982,1096,2957,834,3022,1100,3014,827,3185,1108,3184,842,3235,1108,3240,816,3398,1118,3412,817,3441,1105,3469,783,3618,1087,3653,778,3668,1080,3710,746,3876,1063,3902,727,3928,1045,3968,694,4140,1030,4168,669,4214,1016,4231,667,4439,1030,4430,651,4528,1011,4530,651,4751,1039,4719,652,4827,1024,4810,677,5061,1068,5015
757,1225,985,1216,765,1331,1002,1321,764,1364,996,1357,771,1489,1026,1456,775,1536,1016,1505,798,1676,1035,1645,811,1712,1032,1678,817,1832,1053,1791,841,1868,1065,1849,842,1981,1075,1981,852,2014,1062,2016,836,2127,1065,2143,831,2163,1051,2184,808,2289,1038,2325,803,2320,1013,2364,779,2462,1013,2504,781,2495,994,2529,737,2643,987,2676,743,2697,982,2707,735,2839,987,2826,737,2888,994,2862,767,3043,1021,2991,770,3073,1018,3040,778,3230,1057,3197,803,3274,1051,3230,817,3425,1097,3379,820,3475,1095,3439,848,3653,1139,3629,842,3706,1136,3697,855,3896,1177,3887,856,3951,1166,3967,833,4143,1164,4173,839,4207,1147,4261,771,4413,1123,4476
736,872,961,854,739,940,971,948,740,1014,973,1000,752,1112,974,1095,745,1153,986,1143,762,1257,995,1237,771,1283,978,1277,771,1390,987,1386,776,1426,962,1436,765,1537,961,1544,758,1569,953,1589,734,1679,918,1710,728,1710,909,1742,701,1826,887,1865,695,1852,889,1901,663,1987,865,2010,668,2016,852,2043,647,2158,864,2158,648,2187,855,2187,655,2335,869,2302,660,2369,858,2350,663,2511,876,2472,670,2548,877,2524,683,2691,912,2652,681,2727,926,2700,692,2888,948,2851,708,2936,961,2914,717,3114,995,3079,723,3157,996,3148,727,3339,1013,3323,735,3397,1017,3398,730,3573,1022,3573,722,3641,1019,3663,705,3838,1018,3847
278,201,319,197,279,217,321,216,279,224,319,223,280,243,318,241,281,248,318,248,279,269,317,270,278,276,313,280,274,297,311,299,273,305,306,312,264,327,299,334,262,333,292,344,253,353,287,367,252,362,281,374,239,383,274,398,238,391,273,405,228,415,264,426,225,425,260,429,222,449,257,453,221,459,255,460,218,487,259,482,220,498,262,489,227,528,276,512,231,535,277,520,246,563,290,545,251,575,295,559,261,597,306,580,263,610,319,594,274,643,330,629,276,652,333,642,281,683,341,678,280,694,341,696,277,729,339,732,275,740,337,748,271,771,331,777
1005,1215,1267,1200,1031,1347,1280,1324,1025,1383,1283,1373,1041,1528,1288,1515,1029,1578,1277,1565,1028,1697,1298,1687,1038,1738,1285,1728,1049,1870,1310,1850,1051,1932,1282,1911,1046,2052,1310,2038,1060,2095,1303,2090,1057,2244,1305,2241,1065,2284,1297,2277,1054,2442,1306,2425,1060,2482,1301,2466,1047,2631,1323,2616,1052,2679,1321,2658,1047,2829,1331,2829,1049,2863,1314,2863,1034,3021,1327,3026,1034,3057,1319,3070,1018,3230,1318,3249,1005,3274,1314,3297,981,3466,1323,3492,959,3520,1316,3551,941,3728,1314,3746,928,3787,1314,3818,907,4004,1305,4021,915,4082,1301,4103,893,4307,1311,4305,894,4386,1308,4401,867,4618,1318,4634,875,4709,1303,4728,840,4935,1305,4969
754,1192,991,1197,775,1294,994,1299,758,1327,1007,1342,762,1428,1002,1448,761,1479,1011,1479,765,1582,997,1593,765,1622,990,1630,762,1750,981,1774,769,1791,968,1810,752,1909,959,1933,752,1937,950,1971,721,2041,920,2095,718,2071,908,2129,686,2193,875,2244,684,2228,858,2275,646,2374,854,2393,636,2408,857,2423,635,2550,851,2553,631,2590,847,2576,633,2736,862,2710,647,2772,860,2743,656,2901,899,2866,669,2949,906,2921,681,3106,944,3064,686,3150,926,3120,666,3293,970,3271,686,3346,963,3317,691,3523,1008,3500,703,3568,1004,3556,687,3751,1029,3745,683,3809,1019,3824,669,3987,1015,4011,650,4072,1011,4107,625,4264,992,4308
160,159,201,160,161,175,201,176,163,182,198,182,164,204,198,205,166,207,197,210,165,223,195,226,162,232,195,235,158,255,191,258,159,262,189,266,153,289,187,294,151,296,186,300,147,319,183,324,148,326,184,329,147,352,184,353,147,362,184,360,145,387,184,388,143,396,183,397,145,419,185,423,143,431,182,432,144,463,187,459,141,474,187,468,147,505,195,494,148,516,196,506,159,545,202,530,164,558,217,550,167,585,223,582,169,592,223,596,162,621,221,627,158,630,211,648,145,654,198,677,139,665,193,685,127,695,180,714,117,714,175,725,112,745,171,749
757,861,975,868,763,926,978,931,762,954,975,971,747,1025,967,1044,755,1069,966,1064,751,1149,982,1137,755,1187,971,1181,769,1264,977,1262,768,1320,957,1311,772,1401,966,1388,775,1437,954,1432,777,1529,971,1519,784,1571,966,1564,788,1662,971,1644,793,1711,964,1697,800,1792,978,1762,801,1838,974,1798,808,1937,1006,1899,836,1980,1014,1924,851,2056,1040,2013,848,2122,1061,2095,862,2192,1064,2165,842,2248,1081,2228,866,2344,1106,2316,874,2388,1103,2378,868,2488,1121,2487,869,2540,1141,2536,883,2647,1123,2650,887,2695,1153,2692,881,2813,1152,2829,882,2897,1127,2910,882,3010,1123,3018,853,3087,1140,3117,825,3231,1135,3270
1057,1374,1281,1384,1055,1479,1295,1481,1044,1523,1295,1544,1065,1618,1295,1641,1057,1648,1283,1673,1040,1766,1289,1774,1042,1796,1258,1829,1015,1905,1257,1926,1017,1941,1226,1998,987,2028,1196,2087,987,2084,1181,2146,939,2169,1137,2249,922,2205,1127,2287,878,2312,1070,2393,861,2348,1047,2424,787,2447,1009,2530,772,2492,977,2566,720,2621,956,2679,715,2669,952,2709,707,2806,933,2817,701,2833,935,2852,692,2985,912,2969,696,3036,947,3005,705,3190,973,3131,726,3245,985,3186,757,3393,1034,3313,772,3458,1044,3378,833,3612,1104,3528,840,3673,1131,3591,888,3831,1165,3751,897,3903,1179,3829,928,4051,1232,3985,939,4119,1253,4066,966,4279,1285,4243
1368,1151,1640,1171,1376,1263,1627,1286,1358,1315,1620,1337,1358,1446,1595,1486,1321,1493,1562,1536,1289,1601,1525,1661,1279,1654,1510,1717,1237,1787,1467,1863,1226,1824,1446,1903,1185,1963,1386,2028,1169,2005,1386,2054,1127,2156,1352,2193,1135,2195,1352,2232,1105,2351,1344,2377,1105,2400,1349,2414,1088,2544,1339,2565,1096,2581,1320,2599,1059,2751,1334,2762,1059,2807,1320,2814,1043,2956,1323,2963,1053,3008,1337,3018,1037,3176,1333,3175,1045,3239,1341,3236,1045,3441,1357,3428,1038,3504,1371,3477,1046,3711,1399,3686,1051,3771,1396,3729,1071,4001,1430,3956,1075,4049,1426,3999,1106,4269,1468,4231,1111,4349,1472,4299,1134,4582,1527,4527,1145,4648,1522,4615,1135,4886,1553,4855
476,966,686,966,498,1081,689,1060,488,1124,690,1107,497,1222,698,1197,498,1275,702,1262,493,1381,717,1368,511,1412,708,1397,528,1518,724,1501,541,1551,719,1547,520,1680,736,1662,537,1722,720,1723,515,1838,729,1832,519,1862,720,1861,502,1995,724,2007,503,2029,723,2029,503,2173,713,2171,506,2196,719,2203,509,2340,720,2325,519,2371,719,2357,509,2507,742,2487,522,2537,743,2531,505,2663,753,2688,502,2693,736,2715,471,2841,736,2878,466,2871,726,2925,424,3030,700,3086,402,3080,673,3151,356,3232,621,3302,327,3300,595,3343,313,3515,599,3521,303,3585,596,3557,329,3790,633,3729,346,3868,664,3803,408,4087,743,3953
844,1083,1048,1082,855,1198,1066,1179,841,1246,1075,1215,867,1347,1086,1318,858,1382,1097,1353,871,1479,1093,1469,877,1513,1084,1502,875,1631,1083,1632,875,1674,1082,1676,892,1785,1080,1799,881,1823,1082,1846,858,1933,1059,1979,854,1957,1045,1999,811,2071,1003,2134,803,2099,989,2163,753,2221,943,2278,744,2248,929,2308,694,2356,889,2432,683,2403,877,2461,638,2538,843,2593,635,2580,846,2618,587,2724,836,2750,594,2759,827,2779,577,2927,837,2913,577,2958,846,2950,572,3135,877,3107,577,3179,889,3147,594,3384,912,3325,596,3433,919,3377,624,3630,964,3569,625,3696,973,3630,663,3880,1011,3821,663,3956,1017,3908,684,4152,1049,4109
247,159,296,162,247,179,295,181,250,189,296,190,252,213,295,212,253,223,296,222,252,244,296,247,252,254,293,255,254,282,294,284,252,292,291,295,253,315,292,314,247,326,290,329,252,354,291,352,251,369,295,361,253,396,298,387,253,407,301,398,258,435,304,426,260,444,307,434,265,473,315,462,270,490,319,473,278,513,328,500,285,532,336,521,297,558,341,548,300,571,349,562,310,598,358,593,309,613,370,604,306,635,375,626,312,646,378,641,315,669,381,676,306,677,372,697,296,700,357,728,284,713,348,738,257,741,326,773,251,757,322,776,240,788,317,798
834,1104,1075,1101,844,1198,1075,1196,846,1240,1086,1240,862,1351,1079,1350,871,1389,1083,1400,850,1499,1077,1526,859,1537,1046,1579,812,1636,1025,1694,808,1689,987,1739,738,1788,962,1860,718,1806,918,1904,664,1943,879,2019,637,1988,873,2064,590,2127,834,2176,592,2160,832,2208,556,2318,805,2340,541,2364,814,2376,552,2530,830,2524,548,2575,832,2557,574,2724,850,2697,577,2800,852,2739,612,2939,891,2876,612,2982,893,2943,626,3134,945,3082,633,3183,938,3150,633,3358,974,3329,642,3401,982,3387,642,3603,1019,3589,641,3664,1007,3650,639,3852,1039,3845,662,3932,1032,3937,613,4105,1034,4144,619,4188,1014,4231,563,4379,989,4439
868,1253,1080,1261,866,1345,1061,1356,847,1380,1069,1385,865,1485,1070,1491,852,1531,1054,1537,837,1627,1057,1627,840,1669,1046,1660,839,1767,1059,1764,842,1813,1054,1810,840,1919,1062,1919,847,1976,1061,1961,863,2090,1062,2084,873,2120,1061,2118,858,2247,1072,2240,870,2281,1053,2283,849,2420,1061,2412,858,2451,1054,2456,850,2591,1059,2590,852,2629,1064,2639,845,2759,1054,2774,844,2795,1053,2808,809,2939,1053,2947,816,2981,1044,2993,796,3136,1053,3141,790,3187,1064,3187,791,3361,1062,3361,801,3414,1046,3412,791,3608,1066,3593,787,3675,1074,3667,790,3861,1093,3856,782,3934,1084,3911,793,4122,1108,4101,787,4202,1116,4181,801,4386,1121,4372
470,532,683,512,477,592,693,581,477,631,696,609,483,716,707,690,497,749,700,718,503,837,708,810,509,861,717,843,525,947,721,933,530,969,725,971,537,1073,724,1072,533,1097,718,1114,520,1201,700,1225,513,1242,696,1275,495,1331,669,1371,481,1371,659,1418,453,1456,627,1510,432,1497,619,1556,415,1598,589,1637,403,1640,591,1681,368,1751,578,1772,369,1801,571,1803,358,1914,568,1912,348,1973,565,1943,356,2086,588,2057,368,2145,599,2088,412,2270,641,2203,421,2332,648,2262,466,2458,701,2372,495,2521,725,2423,554,2647,788,2545,567,2702,819,2616,616,2837,887,2751,644,2891,905,2833,664,3028,946,2970
954,1052,1173,1036,976,1119,1185,1080,977,1155,1185,1130,1005,1212,1185,1196,997,1266,1202,1240,1006,1338,1202,1319,1012,1372,1201,1356,1028,1467,1193,1459,1016,1503,1199,1487,1028,1606,1218,1604,1026,1642,1205,1635,1036,1727,1206,1731,1035,1779,1202,1767,1038,1872,1217,1862,1035,1913,1214,1910,1032,2006,1221,1989,1036,2047,1225,2045,1044,2138,1228,2133,1045,2185,1240,2192,1039,2277,1224,2285,1032,2325,1234,2339,1012,2420,1234,2443,1018,2475,1234,2489,997,2592,1232,2599,986,2628,1232,2652,969,2757,1219,2772,960,2806,1201,2827,948,2930,1192,2943,928,2994,1185,3007,917,3125,1189,3134,901,3216,1180,3223,891,3327,1173,3348,884,3417,1165,3428,868,3559,1168,3575
247,122,290,120,245,134,288,134,245,144,288,142,247,161,288,161,246,170,289,167,250,185,288,183,254,194,286,190,256,207,290,206,256,215,290,216,259,234,291,238,257,243,288,254,246,266,281,279,242,270,280,286,228,291,270,311,224,298,263,317,212,319,251,336,206,329,247,343,200,357,243,361,200,368,241,368,201,394,242,390,206,408,243,397,215,435,259,420,220,444,259,427,231,473,273,451,236,480,279,463,243,509,288,488,243,517,295,507,251,548,303,543,250,557,303,557,246,593,305,595,246,601,307,610,238,639,304,651,236,650,298,664,226,688,293,702
488,1085,687,999,512,1167,721,1107,527,1210,723,1141,549,1281,747,1251,545,1322,757,1299,560,1403,773,1381,557,1451,770,1427,558,1551,778,1544,558,1581,781,1587,543,1693,761,1693,539,1747,758,1734,549,1828,727,1836,557,1863,741,1867,555,1973,738,1993,554,2005,744,2018,534,2153,717,2174,515,2207,688,2240,477,2314,673,2353,480,2379,678,2413,461,2510,667,2540,449,2537,649,2576,419,2685,630,2723,407,2729,622,2754,371,2881,609,2911,371,2917,601,2947,332,3085,594,3119,326,3128,583,3155,293,3306,568,3345,284,3351,570,3406,239,3557,537,3613,226,3610,533,3650,177,3825,518,3866,186,3887,513,3909,153,4093,519,4107
933,951,1153,929,950,1042,1163,1031,953,1064,1156,1058,963,1159,1170,1153,963,1184,1172,1179,981,1305,1177,1294,978,1343,1176,1324,1005,1440,1179,1448,1003,1484,1172,1481,1014,1613,1191,1605,1005,1654,1199,1640,1000,1775,1203,1774,1007,1818,1208,1815,1004,1951,1207,1944,1008,1984,1201,1977,1000,2109,1210,2103,1001,2137,1204,2137,1007,2276,1221,2274,997,2301,1214,2312,978,2443,1221,2451,981,2465,1217,2482,961,2611,1201,2640,961,2647,1200,2675,926,2802,1183,2836,917,2836,1180,2887,865,3019,1147,3055,858,3072,1143,3104,828,3245,1116,3276,809,3310,1122,3327,797,3510,1110,3509,792,3598,1115,3571,804,3810,1143,3767,811,3899,1169,3851,855,4073,1193,4029
369,1216,564,1135,411,1296,617,1233,413,1376,625,1272,448,1461,666,1390,448,1514,673,1429,506,1593,710,1522,512,1631,720,1563,554,1750,758,1680,571,1796,764,1728,610,1906,804,1838,623,1971,837,1901,646,2093,873,2039,659,2161,883,2112,673,2298,914,2217,674,2351,899,2290,703,2465,922,2404,730,2518,934,2433,797,2631,1009,2531,826,2682,1016,2560,887,2811,1092,2674,931,2847,1109,2693,1038,2968,1215,2817,1069,3010,1238,2834,1189,3131,1369,2946,1220,3165,1408,2971,1322,3292,1553,3082,1361,3323,1619,3146,1461,3459,1706,3309,1486,3499,1741,3401,1532,3674,1811,3562,1578,3730,1841,3656,1605,3912,1894,3841,1605,3987,1906,3919,1607,4220,1920,4167
993,1014,1187,1009,988,1106,1193,1093,975,1143,1193,1127,993,1218,1204,1211,971,1256,1194,1267,983,1381,1174,1392,993,1416,1165,1415,995,1517,1163,1524,989,1541,1145,1548,971,1660,1146,1674,971,1693,1136,1707,975,1816,1129,1828,969,1839,1127,1857,954,1962,1111,1989,945,2002,1108,2030,916,2123,1080,2158,909,2156,1073,2187,881,2297,1061,2329,871,2328,1044,2364,832,2472,1024,2507,839,2502,1018,2533,808,2655,1020,2676,820,2710,1009,2703,796,2870,1031,2866,801,2913,1035,2895,805,3093,1075,3055,816,3133,1070,3099,830,3318,1118,3286,840,3367,1134,3364,843,3543,1135,3544,841,3593,1135,3614,826,3770,1101,3822,799,3833,1086,3894,739,4022,1035,4103
898,1024,1160,1014,906,1133,1171,1116,889,1205,1146,1187,911,1311,1157,1292,919,1371,1165,1362,921,1484,1166,1492,924,1532,1147,1547,916,1655,1147,1682,909,1701,1138,1741,871,1819,1111,1871,862,1851,1079,1917,814,1966,1030,2055,790,2016,1005,2100,743,2136,967,2228,736,2181,946,2266,651,2327,922,2430,636,2385,882,2442,594,2542,840,2569,581,2601,871,2606,571,2752,876,2731,576,2812,868,2760,606,2984,905,2915,609,3036,905,2968,635,3222,960,3134,663,3284,962,3201,717,3476,1041,3396,749,3523,1076,3453,786,3760,1138,3661,805,3806,1154,3750,849,4011,1192,3977,844,4080,1197,4080,821,4290,1211,4304,827,4374,1193,4423,757,4583,1170,4637
879,1234,1134,1223,893,1308,1129,1292,896,1338,1125,1323,899,1451,1126,1446,908,1469,1129,1473,900,1571,1105,1590,916,1610,1102,1618,906,1733,1098,1745,915,1762,1080,1772,898,1886,1072,1899,898,1929,1067,1935,876,2066,1098,2061,883,2102,1087,2086,890,2230,1106,2215,886,2277,1102,2250,908,2411,1123,2379,919,2454,1132,2417,935,2579,1159,2548,936,2624,1159,2598,942,2749,1192,2726,947,2795,1181,2781,945,2939,1200,2936,932,2983,1201,2998,913,3136,1198,3150,912,3188,1184,3212,892,3373,1198,3395,883,3429,1187,3445,852,3625,1185,3635,852,3687,1188,3701,833,3887,1190,3894,840,3963,1188,3970,814,4156,1182,4170,821,4236,1184,4259,788,4455,1182,4462
742,1195,960,1209,728,1296,951,1305,732,1345,954,1346,732,1442,957,1452,728,1485,935,1501,720,1581,921,1600,743,1622,913,1644,707,1715,909,1749,706,1770,892,1792,691,1860,882,1900,690,1893,860,1922,654,2000,840,2040,650,2036,835,2069,613,2150,813,2181,620,2191,807,2210,605,2324,813,2331,605,2358,801,2365,598,2490,818,2480,611,2528,810,2518,610,2664,838,2636,621,2703,835,2675,631,2849,865,2821,636,2887,858,2854,642,3034,901,3006,637,3091,916,3063,648,3257,945,3220,650,3307,951,3283,655,3488,967,3462,664,3541,965,3533,658,3728,980,3729,659,3789,977,3803,640,3987,980,3994,640,4058,979,4072,610,4255,976,4275
1132,1023,1354,986,1160,1117,1386,1093,1171,1160,1382,1149,1185,1259,1389,1242,1196,1294,1389,1286,1198,1399,1401,1379,1215,1426,1401,1431,1212,1551,1399,1549,1220,1595,1390,1597,1205,1712,1397,1723,1196,1753,1387,1767,1182,1881,1382,1903,1177,1919,1362,1930,1150,2051,1354,2076,1153,2085,1347,2106,1121,2227,1336,2248,1127,2267,1332,2280,1110,2409,1322,2435,1110,2451,1318,2471,1110,2603,1334,2602,1113,2651,1330,2628,1110,2808,1357,2778,1114,2847,1353,2811,1124,3026,1399,2980,1131,3075,1414,3017,1157,3246,1447,3215,1153,3278,1460,3268,1156,3462,1474,3454,1142,3507,1470,3531,1116,3688,1450,3737,1100,3741,1443,3833,1036,3914,1382,4019,1015,3991,1354,4084,936,4176,1305,4282
1328,1582,1535,1590,1320,1659,1540,1660,1310,1709,1543,1721,1315,1791,1533,1808,1301,1853,1538,1858,1307,1976,1521,1986,1300,2018,1518,2034,1300,2118,1509,2145,1290,2169,1481,2197,1271,2278,1476,2309,1270,2309,1457,2345,1231,2415,1436,2474,1228,2454,1427,2504,1192,2578,1392,2625,1191,2620,1390,2653,1157,2747,1364,2791,1154,2777,1355,2816,1129,2930,1338,2927,1119,2975,1343,2980,1119,3113,1362,3106,1127,3161,1367,3141,1135,3314,1390,3277,1146,3356,1402,3312,1174,3504,1439,3440,1184,3554,1442,3473,1228,3715,1504,3611,1234,3743,1514,3683,1270,3920,1572,3854,1278,3963,1583,3923,1303,4158,1627,4116,1305,4208,1635,4205,1298,4401,1645,4379,1296,4448,1625,4486,1273,4653,1627,4686
1682,598,1862,685,1637,670,1825,750,1619,742,1805,813,1591,816,1767,883,1555,873,1756,956,1522,960,1722,1037,1498,996,1699,1074,1483,1089,1660,1176,1457,1128,1624,1220,1396,1228,1566,1318,1377,1261,1539,1355,1321,1355,1473,1463,1297,1383,1444,1488,1210,1491,1367,1584,1180,1522,1337,1615,1102,1637,1277,1736,1087,1678,1262,1751,1030,1820,1225,1888,1019,1861,1203,1913,984,2006,1203,2042,981,2050,1195,2073,960,2206,1200,2209,965,2256,1198,2260,952,2410,1221,2408,956,2457,1212,2464,940,2614,1220,2639,950,2672,1205,2709,903,2845,1195,2886,896,2899,1171,2961,826,3072,1146,3143,804,3146,1113,3214,762,3324,1077,3404,749,3438,1051,3474,700,3615,1042,3648
1021,955,1220,955,1034,1051,1223,1059,1018,1076,1227,1086,1023,1188,1226,1179,1011,1215,1226,1215,1014,1323,1222,1327,1022,1352,1206,1357,1002,1444,1206,1456,1009,1477,1194,1490,1001,1606,1188,1615,999,1646,1180,1647,987,1763,1199,1762,1002,1791,1186,1788,1003,1920,1195,1916,1007,1943,1192,1951,1005,2082,1198,2089,1001,2113,1186,2122,997,2249,1195,2249,994,2289,1199,2285,990,2411,1206,2414,997,2455,1190,2454,993,2577,1194,2585,993,2623,1198,2616,986,2761,1226,2748,998,2816,1218,2798,989,2966,1264,2942,995,3011,1264,3006,1015,3188,1276,3166,1007,3231,1285,3236,1034,3408,1299,3385,1015,3461,1300,3462,1005,3629,1304,3639,999,3706,1303,3736,967,3877,1287,3911
639,1536,847,1543,628,1645,842,1642,622,1698,839,1700,630,1788,838,1783,609,1842,842,1830,616,1924,842,1900,622,1973,847,1949,665,2093,864,2058,678,2134,873,2105,700,2273,894,2220,713,2319,901,2289,727,2428,912,2408,728,2477,939,2472,710,2633,945,2628,706,2663,944,2660,712,2844,945,2827,704,2908,959,2894,706,3059,1009,3044,709,3093,1002,3082,709,3260,1003,3261,712,3304,1003,3299,694,3469,997,3471,692,3507,994,3518,677,3689,994,3709,680,3717,989,3738,656,3928,973,3952,653,3962,976,3991,624,4172,968,4190,624,4217,961,4243,606,4422,938,4450,589,4471,941,4484,571,4709,936,4706,571,4773,952,4768,565,5011,950,5007
133,96,171,99,131,115,169,119,129,122,167,125,127,140,165,144,127,145,162,150,124,167,160,171,125,176,158,178,121,195,157,199,122,201,155,206,118,222,153,230,118,227,150,234,112,252,148,258,111,257,146,265,105,281,140,288,103,287,138,292,101,313,138,315,99,320,138,319,98,344,138,344,99,352,136,351,99,380,141,378,102,387,142,383,101,418,149,412,104,424,149,417,105,458,157,449,107,464,157,457,112,490,161,485,113,502,164,499,114,536,169,530,113,543,171,545,108,576,171,580,110,588,169,591,105,622,167,628,102,634,164,638,99,656,162,660
902,1157,1151,1166,911,1244,1130,1254,907,1279,1123,1286,910,1370,1122,1382,908,1413,1101,1416,907,1500,1095,1515,904,1569,1072,1588,899,1700,1057,1719,892,1746,1042,1766,874,1865,1044,1878,868,1905,1036,1921,839,2031,1021,2050,837,2067,1017,2078,829,2211,1017,2215,832,2240,1020,2245,818,2393,1027,2390,818,2420,1024,2424,826,2573,1033,2573,826,2607,1030,2602,817,2763,1052,2748,839,2794,1038,2786,842,2961,1055,2942,849,2995,1067,2973,860,3176,1097,3132,868,3212,1102,3182,892,3406,1145,3372,899,3452,1163,3413,910,3637,1197,3618,924,3684,1213,3674,929,3878,1217,3871,932,3936,1223,3964,898,4133,1211,4173,890,4210,1185,4254,840,4423,1164,4486
1177,1521,1415,1492,1195,1626,1435,1591,1194,1670,1444,1637,1198,1765,1451,1742,1197,1811,1439,1787,1222,1911,1448,1884,1228,1950,1448,1944,1228,2080,1445,2072,1225,2102,1426,2117,1210,2221,1427,2239,1216,2253,1409,2285,1183,2384,1395,2413,1180,2461,1380,2496,1148,2574,1358,2601,1120,2609,1352,2651,1091,2749,1340,2779,1100,2802,1335,2824,1076,2957,1322,2984,1085,3002,1317,3022,1085,3172,1328,3166,1070,3208,1316,3205,1070,3382,1334,3359,1074,3430,1341,3413,1081,3605,1367,3564,1082,3654,1379,3617,1102,3837,1417,3804,1103,3897,1420,3878,1088,4078,1439,4070,1096,4155,1433,4161,1079,4313,1430,4345,1059,4381,1418,4446,1019,4574,1379,4643,1008,4652,1356,4727,961,4856,1341,4916
759,1251,969,1238,761,1368,980,1350,759,1410,975,1395,776,1539,989,1523,779,1568,983,1553,780,1698,993,1676,789,1733,984,1722,791,1871,999,1852,809,1895,995,1891,795,2035,986,2039,801,2056,981,2069,773,2201,969,2219,780,2227,953,2245,768,2384,966,2390,777,2414,956,2423,761,2575,966,2566,768,2618,956,2602,764,2765,1005,2743,771,2822,1004,2785,788,2983,1047,2941,809,3023,1035,2974,833,3179,1097,3124,855,3244,1109,3158,893,3412,1167,3337,903,3445,1190,3395,945,3634,1235,3586,941,3664,1250,3666,936,3861,1257,3871,923,3907,1235,3978,881,4107,1197,4179,858,4153,1158,4284,776,4360,1095,4491,740,4423,1050,4513,674,4614,987,4675
817,1321,1027,1322,817,1411,1036,1412,813,1463,1027,1457,801,1571,1016,1574,802,1615,1010,1612,805,1721,1019,1729,817,1765,1015,1770,814,1880,1009,1887,816,1911,998,1929,793,2031,977,2063,792,2060,976,2093,762,2207,950,2237,756,2238,952,2268,735,2381,928,2406,733,2405,926,2427,705,2547,910,2556,708,2582,923,2600,685,2739,917,2740,684,2772,919,2775,684,2928,925,2916,687,2970,926,2959,688,3132,938,3106,694,3186,959,3154,702,3355,986,3307,711,3412,980,3364,727,3592,1024,3528,738,3638,1031,3613,750,3821,1067,3788,760,3898,1078,3886,756,4076,1094,4060,759,4153,1091,4169,738,4337,1094,4357,727,4423,1073,4448,700,4640,1073,4659
891,1287,1112,1260,893,1383,1134,1356,891,1439,1145,1402,908,1552,1168,1539,908,1592,1144,1583,918,1701,1159,1713,923,1735,1145,1762,910,1848,1127,1884,904,1886,1125,1941,855,1986,1070,2061,850,2022,1042,2099,767,2131,987,2219,767,2182,978,2251,702,2312,921,2387,683,2357,906,2412,651,2508,864,2538,641,2553,859,2570,636,2713,855,2704,633,2751,859,2740,645,2919,903,2879,653,2957,907,2912,687,3129,965,3069,701,3171,966,3100,745,3332,1016,3243,761,3387,1048,3316,806,3572,1117,3509,808,3616,1117,3545,841,3824,1180,3751,850,3870,1192,3804,864,4086,1245,4015,868,4140,1249,4112,873,4366,1280,4338,873,4443,1284,4434,868,4681,1301,4678
221,168,261,166,222,182,262,181,223,190,261,189,224,207,263,205,226,215,265,211,230,233,267,229,233,241,267,238,237,261,272,258,239,267,271,266,238,291,272,291,238,297,270,297,239,325,273,324,240,333,270,333,239,355,275,351,241,364,275,362,239,390,280,386,240,398,278,394,242,423,281,421,241,431,281,428,241,456,284,456,244,463,283,467,239,489,283,495,240,498,281,505,230,524,276,537,228,533,269,546,214,562,260,577,208,573,257,589,196,602,247,617,193,622,240,625,187,658,243,657,188,675,237,664,195,709,250,696,200,725,251,710,211,760,266,741
269,192,329,189,267,209,329,205,270,223,327,220,270,230,322,227,273,240,323,241,273,248,321,246,274,257,322,259,274,267,320,269,273,290,318,290,273,298,318,298,271,317,314,317,272,321,312,322,270,346,311,348,268,356,314,359,264,385,311,387,265,397,312,397,262,418,312,419,263,427,312,431,255,453,312,458,257,460,313,469,252,491,311,499,246,501,310,511,244,535,302,543,242,546,300,554,237,583,296,592,237,594,298,605,234,619,290,626,231,631,286,630,228,643,288,638,237,672,296,660,239,699,312,682,252,733,321,712,253,742,332,732,255,779,335,772
707,894,919,907,676,1005,915,1036,671,1051,914,1066,673,1173,924,1183,649,1228,891,1229,654,1343,884,1358,656,1401,868,1403,659,1545,868,1538,658,1598,871,1611,649,1747,866,1765,648,1786,859,1811,643,1960,838,1986,626,2003,836,2031,587,2156,805,2208,578,2183,795,2231,554,2363,770,2401,539,2399,767,2446,511,2571,757,2588,509,2611,744,2637,474,2803,730,2813,473,2837,744,2851,484,3042,772,3026,483,3072,770,3057,496,3265,811,3227,494,3336,821,3280,507,3538,863,3487,506,3578,861,3528,545,3829,897,3753,547,3865,901,3824,572,4082,949,4039,567,4146,953,4128,572,4396,978,4372,573,4470,990,4444,567,4736,996,4716
1014,1076,1235,1088,1015,1139,1220,1152,1017,1170,1213,1191,1011,1242,1204,1264,1009,1269,1202,1282,999,1348,1195,1362,992,1381,1194,1397,1002,1459,1186,1478,1002,1503,1188,1516,989,1599,1167,1608,981,1640,1171,1659,974,1733,1161,1752,962,1774,1160,1786,962,1883,1169,1897,948,1914,1148,1930,949,2047,1144,2045,949,2087,1142,2092,939,2204,1158,2209,939,2249,1149,2243,937,2358,1151,2356,939,2405,1157,2403,942,2527,1169,2520,930,2585,1179,2580,956,2680,1199,2666,948,2757,1197,2738,967,2868,1208,2866,959,2937,1211,2937,965,3078,1205,3067,958,3149,1210,3139,950,3268,1222,3254,959,3341,1235,3329,967,3482,1245,3467,948,3556,1250,3547,943,3702,1254,3691
933,1130,1152,1112,949,1174,1162,1164,952,1211,1163,1187,957,1274,1162,1256,961,1298,1163,1281,981,1375,1166,1347,980,1403,1157,1386,985,1484,1164,1464,989,1508,1160,1491,998,1582,1170,1572,999,1619,1170,1609,1013,1703,1178,1681,1016,1741,1176,1734,1023,1818,1181,1798,1021,1853,1178,1834,1037,1923,1202,1904,1031,1968,1208,1947,1040,2042,1221,2018,1053,2087,1221,2065,1062,2162,1236,2143,1063,2221,1253,2192,1070,2294,1273,2271,1064,2358,1269,2326,1067,2428,1290,2409,1076,2481,1290,2481,1086,2568,1297,2565,1080,2625,1306,2641,1080,2723,1302,2732,1066,2794,1299,2803,1052,2881,1302,2908,1045,2959,1291,2989,1025,3058,1283,3095,1018,3112,1264,3150,997,3205,1258,3247
506,1307,697,1298,503,1403,697,1397,512,1445,705,1437,510,1555,711,1555,506,1601,722,1584,521,1701,725,1693,506,1742,706,1741,498,1875,723,1877,503,1908,699,1901,503,2029,714,2022,506,2065,703,2058,512,2197,703,2194,513,2235,700,2225,524,2375,719,2363,524,2410,716,2393,535,2553,737,2540,535,2585,728,2574,536,2746,755,2721,541,2778,751,2761,549,2920,761,2908,559,2956,760,2940,562,3103,771,3096,558,3136,777,3141,547,3291,784,3290,547,3332,777,3351,518,3490,771,3530,496,3542,765,3584,458,3732,726,3768,426,3794,708,3820,391,3996,686,4013,368,4056,665,4057,378,4269,676,4247,371,4356,686,4302,395,4564,714,4503
224,213,258,210,226,228,259,226,223,237,260,231,227,251,262,247,229,258,263,255,232,274,265,273,232,282,263,281,228,295,262,301,225,304,255,316,223,326,252,337,217,333,243,345,208,350,239,360,207,355,234,367,197,376,231,386,193,383,226,393,186,407,225,414,187,414,221,421,183,437,223,439,184,448,220,446,184,471,225,469,188,481,222,475,191,504,231,496,192,514,234,505,197,541,242,531,201,546,241,537,208,579,251,569,207,586,254,577,213,617,262,607,214,627,262,622,218,659,267,654,217,669,271,670,216,704,275,700,217,715,273,716,214,750,272,750
255,327,296,329,254,343,293,348,254,349,290,356,251,371,288,377,249,377,286,382,244,406,285,410,241,414,284,419,241,428,283,432,240,436,283,439,242,453,284,452,245,457,281,458,247,468,282,467,247,474,284,474,247,494,284,493,246,500,285,501,245,519,282,519,245,527,281,526,244,545,282,545,241,551,280,551,245,576,282,576,246,583,283,583,244,608,284,608,243,619,287,617,244,643,290,641,243,652,293,651,237,678,296,679,240,687,295,690,231,710,288,718,232,714,288,725,228,740,284,752,225,749,284,764,220,779,274,792,206,786,277,804,198,813,275,827
855,864,1106,882,835,988,1115,1020,836,1036,1106,1059,828,1160,1089,1195,833,1211,1085,1240,821,1326,1065,1373,824,1365,1052,1421,790,1487,1022,1556,782,1520,993,1622,724,1645,940,1743,704,1692,905,1787,634,1823,853,1909,618,1867,828,1945,565,1996,787,2071,543,2050,749,2113,508,2209,743,2252,488,2258,750,2295,468,2421,752,2427,462,2465,747,2456,474,2636,744,2610,479,2683,769,2645,512,2878,838,2801,523,2930,850,2846,562,3116,917,3039,562,3160,933,3088,608,3372,982,3317,606,3427,982,3392,618,3664,1014,3630,617,3734,1020,3728,624,3977,1040,3958,617,4050,1037,4061,601,4296,1037,4302,589,4394,1046,4414,574,4643,1045,4658
931,1059,1129,1073,917,1155,1131,1161,916,1194,1127,1213,916,1295,1120,1315,908,1338,1115,1349,890,1449,1111,1446,890,1487,1093,1496,904,1627,1102,1624,895,1660,1090,1667,898,1794,1096,1800,905,1834,1084,1837,905,1965,1088,1977,901,2011,1081,2022,901,2165,1076,2169,889,2190,1079,2202,883,2342,1081,2357,883,2379,1070,2393,886,2543,1093,2540,889,2577,1097,2573,887,2733,1097,2722,890,2774,1111,2766,887,2925,1129,2906,904,2961,1131,2946,914,3122,1154,3104,916,3153,1160,3140,919,3323,1179,3332,908,3375,1184,3387,890,3546,1181,3572,881,3592,1167,3643,847,3770,1140,3823,840,3841,1124,3895,783,4015,1103,4072,773,4106,1075,4146,735,4306,1067,4349
862,1137,1069,1121,869,1238,1081,1235,859,1282,1077,1273,876,1384,1084,1381,881,1417,1087,1427,877,1528,1066,1538,872,1570,1062,1600,852,1667,1046,1707,837,1711,1030,1765,815,1825,991,1885,808,1869,978,1933,742,1975,945,2055,748,2025,920,2075,702,2155,902,2201,688,2207,881,2237,670,2343,883,2358,663,2399,874,2391,677,2534,880,2523,672,2578,877,2569,680,2724,915,2685,684,2776,919,2737,694,2900,940,2880,701,2959,937,2937,717,3113,976,3082,715,3174,973,3168,730,3314,996,3321,715,3382,977,3396,691,3532,985,3553,683,3601,970,3660,647,3765,958,3826,633,3852,931,3909,588,4018,899,4076,586,4091,877,4156,540,4291,874,4338
941,1108,1174,1102,955,1222,1179,1211,950,1275,1165,1261,957,1364,1174,1355,957,1394,1166,1387,958,1510,1172,1508,957,1551,1166,1542,969,1677,1159,1673,987,1714,1158,1702,983,1822,1166,1822,987,1856,1159,1865,973,1983,1165,1994,970,2023,1165,2041,945,2179,1148,2201,943,2206,1132,2235,913,2363,1130,2384,915,2393,1112,2415,888,2545,1120,2553,886,2582,1097,2592,876,2750,1125,2733,876,2785,1118,2765,889,2956,1148,2918,895,2990,1148,2959,910,3167,1186,3114,918,3209,1199,3171,943,3396,1242,3356,946,3425,1242,3416,947,3593,1250,3602,940,3636,1243,3683,902,3810,1225,3855,881,3866,1202,3955,814,4047,1168,4140,802,4138,1120,4208,738,4342,1110,4407
1055,1055,1296,1048,1050,1138,1296,1128,1045,1201,1290,1182,1053,1311,1297,1302,1067,1353,1314,1348,1072,1463,1321,1452,1077,1514,1323,1502,1090,1643,1328,1628,1106,1689,1316,1686,1121,1821,1329,1814,1119,1864,1323,1865,1119,2006,1333,2004,1114,2045,1329,2054,1107,2172,1319,2191,1099,2213,1309,2240,1084,2367,1301,2389,1080,2416,1299,2420,1077,2555,1299,2564,1073,2608,1292,2616,1068,2766,1307,2764,1073,2803,1299,2796,1073,2961,1324,2949,1072,3007,1312,2990,1090,3169,1345,3117,1085,3212,1341,3179,1121,3374,1387,3327,1104,3451,1421,3430,1133,3612,1448,3605,1128,3651,1424,3666,1131,3848,1446,3851,1112,3902,1445,3939,1090,4083,1414,4146,1062,4166,1399,4238,1014,4361,1357,4460
855,924,1056,902,868,1003,1070,994,867,1044,1062,1035,873,1131,1074,1130,870,1173,1077,1181,870,1289,1080,1299,860,1329,1064,1348,864,1432,1062,1448,859,1471,1044,1496,839,1577,1036,1609,832,1606,1027,1644,805,1734,1005,1774,807,1773,990,1804,782,1912,984,1926,788,1942,980,1957,781,2101,993,2088,786,2126,986,2113,794,2275,1016,2235,807,2302,1007,2264,818,2443,1041,2397,838,2477,1040,2426,849,2630,1093,2571,855,2673,1103,2609,892,2830,1153,2748,899,2874,1164,2807,945,3034,1220,2960,957,3068,1244,3032,972,3240,1275,3216,973,3298,1266,3302,961,3464,1264,3494,941,3523,1248,3599,885,3691,1191,3796,872,3754,1166,3872,753,3941,1076,4091
630,1118,856,1108,623,1214,856,1205,620,1257,880,1254,627,1368,875,1354,626,1397,866,1388,633,1536,880,1519,644,1574,867,1562,637,1712,895,1705,656,1742,870,1726,657,1861,882,1857,660,1899,882,1905,634,2077,872,2077,640,2119,866,2116,620,2263,857,2263,632,2287,865,2299,610,2456,865,2464,608,2491,863,2500,606,2658,859,2668,601,2694,856,2709,591,2874,854,2876,593,2909,860,2909,578,3094,886,3081,583,3133,885,3117,587,3323,912,3300,590,3375,903,3362,590,3578,903,3557,594,3645,924,3624,588,3865,961,3841,607,3921,967,3897,603,4143,988,4121,610,4226,988,4203,597,4425,1011,4444,619,4503,1004,4533,568,4702,974,4777
162,291,196,290,161,304,197,304,162,312,195,311,162,325,195,327,161,331,195,332,160,349,193,352,160,355,191,358,158,374,189,376,158,382,189,383,157,399,185,404,156,405,186,409,152,425,182,432,151,430,182,435,148,452,179,456,148,459,180,462,145,481,179,483,145,488,178,487,145,511,180,507,144,518,179,515,148,542,184,536,148,549,184,541,156,574,191,564,157,581,194,572,162,609,203,598,161,614,205,606,167,641,213,634,165,648,213,649,163,675,211,678,163,683,211,693,155,709,205,722,149,718,201,736,137,748,191,766,134,760,187,775,123,793,179,807
256,168,301,168,252,190,299,193,253,196,296,197,252,215,296,216,250,224,300,229,241,248,298,252,240,255,294,266,234,278,288,293,230,288,282,301,219,307,277,325,215,316,274,330,208,341,265,356,208,349,265,362,199,378,260,387,200,385,256,395,193,416,254,419,195,424,254,428,194,459,255,456,197,465,255,464,198,497,263,495,197,507,263,503,196,542,266,541,194,553,261,551,195,592,268,590,194,605,268,601,194,642,271,644,195,656,273,655,188,699,276,693,189,715,278,711,191,751,277,754,186,761,272,766,180,798,266,803,180,815,264,817,168,847,264,851
658,1187,900,1158,677,1276,917,1247,673,1327,900,1303,685,1447,929,1431,679,1521,937,1490,696,1631,945,1614,696,1689,945,1670,704,1821,950,1804,714,1878,939,1864,725,2017,954,1984,729,2052,954,2025,741,2202,983,2174,743,2236,978,2213,768,2395,993,2378,778,2432,1001,2415,786,2591,1026,2582,788,2634,1024,2620,793,2816,1044,2783,793,2859,1044,2832,797,3008,1055,2981,797,3065,1061,3038,784,3224,1078,3214,782,3270,1071,3270,782,3431,1073,3437,782,3470,1084,3491,749,3656,1073,3691,753,3730,1063,3751,716,3943,1049,3967,706,3996,1047,4029,667,4215,1045,4252,658,4296,1040,4333,636,4529,1030,4558,640,4624,1009,4645,623,4872,1014,4882
871,1114,1096,1106,884,1218,1104,1216,887,1252,1106,1252,885,1375,1115,1364,885,1400,1111,1389,891,1504,1115,1501,895,1535,1115,1536,899,1661,1120,1668,906,1693,1107,1702,915,1817,1108,1823,911,1852,1087,1865,897,1990,1096,2006,898,2019,1100,2046,895,2158,1085,2189,891,2193,1078,2217,871,2332,1057,2360,863,2353,1061,2403,842,2502,1044,2530,832,2552,1044,2576,801,2680,1028,2697,810,2723,1021,2740,786,2869,1023,2880,787,2903,1027,2918,779,3059,1014,3068,779,3105,1021,3106,758,3278,1023,3276,751,3315,1024,3310,752,3508,1033,3492,744,3569,1014,3547,767,3778,1051,3741,772,3854,1041,3788,840,4074,1122,3968,859,4133,1148,4034,957,4347,1254,4233
1018,860,1238,846,1022,938,1243,934,1013,982,1255,978,1026,1069,1252,1069,1028,1115,1245,1107,1034,1217,1251,1215,1029,1260,1244,1266,1030,1355,1247,1359,1033,1406,1230,1422,1025,1517,1240,1537,1025,1545,1224,1556,1015,1681,1230,1690,1021,1712,1213,1735,1022,1846,1214,1867,1011,1885,1209,1898,1011,2025,1206,2031,1009,2067,1205,2073,1009,2194,1210,2208,999,2261,1199,2244,1015,2399,1222,2367,1021,2445,1229,2411,1041,2574,1256,2534,1042,2614,1268,2577,1065,2749,1301,2693,1067,2788,1313,2754,1083,2929,1343,2896,1069,2965,1357,2966,1083,3134,1363,3149,1080,3180,1364,3198,1067,3365,1362,3384,1057,3417,1359,3467,1033,3594,1336,3632,1001,3680,1322,3724,978,3861,1299,3909
1187,1042,1396,1054,1176,1133,1393,1143,1163,1168,1386,1189,1166,1261,1390,1271,1147,1297,1379,1315,1149,1395,1377,1412,1149,1440,1371,1459,1141,1543,1358,1555,1140,1581,1352,1599,1150,1700,1332,1731,1131,1735,1329,1767,1117,1862,1296,1896,1105,1893,1283,1928,1070,2021,1251,2061,1063,2050,1242,2092,1021,2177,1229,2227,1016,2204,1204,2255,999,2348,1185,2385,989,2389,1179,2420,967,2530,1187,2552,962,2572,1175,2581,970,2731,1205,2717,974,2757,1208,2754,967,2934,1216,2913,967,2973,1211,2954,983,3159,1246,3145,973,3204,1261,3178,986,3391,1288,3366,983,3446,1288,3417,989,3653,1329,3609,997,3721,1331,3679,1025,3919,1371,3871,1041,3988,1371,3964,1035,4194,1412,4165
889,1026,1102,1024,903,1091,1107,1089,902,1134,1104,1115,915,1216,1116,1210,919,1254,1111,1245,926,1326,1110,1320,923,1372,1114,1379,919,1438,1107,1451,924,1471,1110,1500,923,1541,1091,1572,916,1572,1093,1621,903,1658,1067,1698,894,1694,1049,1743,862,1781,1024,1830,861,1809,1018,1863,821,1886,980,1964,801,1914,977,2001,767,1997,931,2083,731,2023,918,2123,675,2112,883,2202,649,2157,866,2249,599,2250,822,2352,596,2308,804,2370,593,2430,804,2437,654,2554,870,2452,723,2647,934,2529,740,2696,953,2553,792,2743,1012,2637,801,2798,1033,2663,855,2856,1087,2753,858,2912,1118,2823,899,3018,1159,2935,878,3104,1181,3011,891,3185,1217,3129
848,1221,1083,1201,864,1319,1099,1305,869,1361,1106,1337,879,1468,1116,1463,889,1511,1109,1500,895,1605,1116,1605,899,1645,1115,1647,904,1762,1119,1770,912,1806,1109,1818,892,1928,1099,1947,888,1950,1086,1981,867,2090,1071,2123,867,2122,1070,2147,840,2259,1043,2295,840,2292,1030,2315,815,2433,1026,2454,812,2476,1014,2489,792,2617,1009,2636,792,2656,990,2663,782,2813,1023,2810,790,2854,1001,2829,811,3005,1030,2976,803,3050,1035,3010,827,3213,1093,3168,840,3251,1110,3209,864,3436,1153,3387,867,3470,1163,3448,870,3657,1185,3654,859,3689,1190,3714,838,3865,1170,3918,814,3922,1160,4012,761,4103,1103,4194,728,4164,1083,4260,664,4349,1026,4477
1163,1147,1377,1149,1163,1252,1390,1252,1156,1283,1396,1285,1167,1399,1390,1392,1165,1441,1377,1450,1160,1552,1379,1570,1178,1606,1379,1615,1174,1713,1374,1719,1163,1751,1374,1759,1143,1869,1356,1904,1147,1911,1343,1946,1123,2022,1301,2076,1105,2062,1294,2114,1078,2194,1272,2234,1063,2229,1276,2289,1033,2363,1240,2410,1024,2414,1238,2452,1000,2543,1227,2575,995,2592,1229,2606,1002,2740,1232,2728,996,2795,1236,2773,1024,2944,1270,2889,1038,3011,1269,2951,1082,3167,1310,3092,1094,3220,1334,3156,1132,3374,1377,3305,1147,3435,1394,3390,1178,3593,1437,3546,1174,3650,1446,3633,1151,3828,1461,3808,1151,3878,1466,3926,1134,4042,1436,4098,1116,4131,1407,4180,1071,4314,1376,4334
1048,406,1304,403,1052,522,1301,525,1048,556,1310,562,1045,680,1293,691,1043,723,1277,729,1039,830,1269,840,1042,869,1261,881,1038,990,1264,993,1038,1039,1249,1046,1020,1159,1246,1166,1009,1201,1233,1197,984,1317,1235,1320,987,1366,1220,1378,972,1514,1216,1542,978,1565,1224,1587,965,1710,1207,1733,968,1756,1214,1766,929,1906,1200,1914,962,1953,1191,1959,948,2119,1178,2126,935,2159,1180,2159,943,2327,1194,2321,936,2384,1209,2371,951,2572,1233,2533,952,2626,1233,2601,972,2820,1265,2792,977,2865,1278,2858,972,3062,1291,3059,962,3124,1277,3144,953,3327,1269,3344,948,3398,1280,3444,910,3602,1264,3665,896,3694,1240,3737,855,3930,1219,3973
1158,1000,1398,985,1175,1087,1395,1073,1173,1132,1409,1107,1186,1209,1401,1195,1183,1248,1401,1238,1198,1344,1402,1337,1204,1392,1410,1376,1220,1487,1425,1468,1227,1543,1420,1513,1251,1649,1437,1631,1247,1703,1437,1703,1230,1843,1448,1832,1240,1884,1455,1868,1240,2013,1462,1995,1245,2069,1452,2029,1254,2188,1482,2163,1254,2226,1480,2185,1265,2348,1506,2305,1269,2380,1510,2353,1290,2515,1541,2485,1288,2543,1546,2521,1292,2694,1568,2679,1294,2735,1570,2712,1301,2901,1579,2897,1292,2944,1575,2947,1285,3117,1574,3145,1279,3153,1571,3195,1258,3345,1532,3383,1247,3385,1524,3442,1215,3572,1493,3625,1188,3621,1477,3686,1136,3816,1450,3873,1119,3905,1444,3953,1076,4107,1421,4132
802,959,1008,931,812,1073,1018,1037,807,1112,1038,1067,843,1240,1069,1199,849,1270,1075,1225,883,1379,1104,1340,923,1445,1112,1411,934,1545,1150,1513,944,1576,1143,1589,924,1652,1108,1703,912,1680,1089,1754,844,1781,1028,1875,821,1812,1008,1903,744,1912,925,2004,711,1949,911,2029,666,2054,883,2120,647,2100,875,2145,624,2238,865,2274,618,2287,863,2297,629,2430,865,2421,644,2484,868,2455,663,2658,917,2594,675,2701,927,2637,715,2859,998,2782,740,2912,999,2836,779,3085,1070,3005,791,3135,1091,3076,824,3315,1146,3250,826,3370,1151,3347,840,3566,1175,3557,833,3619,1182,3641,815,3813,1164,3841,811,3873,1147,3957,744,4057,1101,4139
632,746,851,748,636,821,850,828,636,879,842,871,644,973,838,970,638,1009,849,1002,638,1103,858,1103,648,1156,842,1142,649,1246,854,1237,658,1274,828,1282,642,1391,826,1392,640,1412,825,1431,621,1516,812,1542,619,1544,798,1578,590,1669,765,1703,594,1699,762,1729,561,1825,751,1857,557,1869,748,1882,546,1993,732,1991,542,2025,742,2024,544,2168,748,2147,542,2199,748,2181,545,2341,783,2308,555,2382,778,2340,567,2524,792,2485,574,2565,799,2527,591,2714,838,2680,601,2760,834,2732,621,2943,873,2905,619,2972,879,2959,632,3149,895,3136,630,3198,895,3202,607,3369,902,3373,599,3428,896,3461,574,3618,880,3648
787,1298,1006,1283,793,1408,1013,1392,790,1450,1027,1425,824,1560,1061,1520,832,1594,1046,1568,854,1700,1071,1682,866,1763,1080,1739,869,1872,1091,1861,887,1915,1106,1904,872,2018,1104,2028,864,2053,1085,2079,840,2201,1064,2210,837,2234,1067,2244,835,2368,1064,2374,839,2393,1060,2407,818,2536,1043,2541,811,2563,1036,2584,802,2712,1027,2720,802,2737,1033,2751,778,2876,1024,2900,775,2918,1025,2933,757,3067,1013,3091,750,3097,1007,3129,717,3269,988,3299,706,3305,1000,3348,683,3499,961,3547,666,3527,960,3584,632,3737,903,3791,611,3766,910,3843,569,3973,869,4031,553,4044,867,4083,507,4256,855,4286,499,4327,848,4333,495,4579,881,4563
