382.0,547.0,565.0,552.0,387.0,647.0,570.0,640.0,378.0,681.0,590.0,672.0,385.0,803.0,585.0,800.0,387.0,849.0,575.0,831.0,422.0,974.0,587.0,965.0,431.0,1019.0,584.0,1019.0,434.0,1138.0,606.0,1141.0,437.0,1173.0,619.0,1182.0,434.0,1301.0,626.0,1313.0,431.0,1339.0,632.0,1338.0,399.0,1498.0,629.0,1491.0,419.0,1530.0,626.0,1530.0,413.0,1688.0,620.0,1688.0,413.0,1713.0,619.0,1711.0,416.0,1884.0,638.0,1871.0,432.0,1917.0,638.0,1911.0,418.0,2067.0,653.0,2056.0,437.0,2114.0,662.0,2102.0,424.0,2255.0,659.0,2256.0,437.0,2290.0,651.0,2311.0,391.0,2441.0,637.0,2485.0,382.0,2482.0,641.0,2547.0,329.0,2634.0,601.0,2719.0,306.0,2688.0,576.0,2765.0,243.0,2873.0,525.0,2954.0,200.0,2912.0,498.0,2982.0,136.0,3122.0,419.0,3173.0,113.0,3188.0,440.0,3229.0,113.0,3429.0,415.0,3430.0,121.0,3518.0,434.0,3482.0,134.0,3748.0,451.0,3695.0,159.0,3831.0,494.0,3789.0,203.0,4066.0,562.0,3986.0
346.0,184.0,549.0,174.0,360.0,284.0,558.0,278.0,350.0,333.0,566.0,331.0,360.0,438.0,551.0,432.0,348.0,500.0,553.0,508.0,362.0,621.0,547.0,619.0,356.0,667.0,549.0,671.0,368.0,800.0,555.0,810.0,362.0,853.0,551.0,855.0,348.0,986.0,555.0,996.0,348.0,1032.0,549.0,1038.0,350.0,1189.0,547.0,1185.0,354.0,1229.0,545.0,1225.0,352.0,1380.0,551.0,1384.0,348.0,1419.0,547.0,1427.0,310.0,1586.0,558.0,1582.0,340.0,1626.0,553.0,1606.0,340.0,1787.0,584.0,1767.0,350.0,1828.0,566.0,1804.0,380.0,1993.0,624.0,1963.0,364.0,2037.0,614.0,2003.0,396.0,2194.0,650.0,2170.0,406.0,2245.0,648.0,2210.0,406.0,2404.0,692.0,2380.0,421.0,2452.0,692.0,2430.0,441.0,2634.0,719.0,2603.0,429.0,2684.0,705.0,2676.0,447.0,2885.0,759.0,2863.0,425.0,2952.0,759.0,2936.0,441.0,3173.0,775.0,3157.0,431.0,3228.0,795.0,3236.0,429.0,3433.0,801.0,3447.0,419.0,3484.0,797.0,3534.0,370.0,3697.0,767.0,3754.0
361.0,316.0,557.0,304.0,375.0,415.0,557.0,402.0,356.0,455.0,572.0,432.0,380.0,558.0,573.0,547.0,374.0,590.0,562.0,578.0,372.0,703.0,573.0,685.0,390.0,741.0,576.0,718.0,390.0,850.0,588.0,837.0,406.0,897.0,590.0,885.0,416.0,1005.0,597.0,986.0,412.0,1042.0,591.0,1051.0,394.0,1168.0,584.0,1177.0,396.0,1195.0,581.0,1222.0,380.0,1319.0,557.0,1349.0,372.0,1346.0,547.0,1400.0,323.0,1484.0,519.0,1514.0,318.0,1501.0,515.0,1563.0,270.0,1644.0,483.0,1686.0,264.0,1676.0,474.0,1724.0,232.0,1811.0,466.0,1848.0,243.0,1856.0,441.0,1887.0,213.0,1994.0,447.0,2019.0,221.0,2044.0,446.0,2053.0,214.0,2186.0,450.0,2184.0,211.0,2241.0,438.0,2238.0,208.0,2396.0,474.0,2389.0,217.0,2451.0,499.0,2446.0,220.0,2618.0,490.0,2609.0,232.0,2677.0,487.0,2659.0,240.0,2845.0,522.0,2826.0,258.0,2925.0,528.0,2894.0,276.0,3084.0,590.0,3060.0,280.0,3161.0,590.0,3142.0,286.0,3347.0,610.0,3327.0
349.0,600.0,627.0,604.0,370.0,706.0,608.0,706.0,404.0,754.0,617.0,747.0,344.0,875.0,622.0,856.0,375.0,914.0,592.0,895.0,351.0,1049.0,594.0,1047.0,373.0,1092.0,572.0,1089.0,341.0,1232.0,594.0,1237.0,373.0,1284.0,544.0,1278.0,325.0,1415.0,606.0,1434.0,351.0,1477.0,573.0,1489.0,301.0,1630.0,580.0,1641.0,323.0,1687.0,582.0,1679.0,313.0,1853.0,601.0,1836.0,327.0,1877.0,598.0,1872.0,329.0,2046.0,599.0,2034.0,335.0,2100.0,586.0,2086.0,335.0,2251.0,608.0,2239.0,329.0,2296.0,608.0,2282.0,337.0,2457.0,630.0,2453.0,344.0,2495.0,625.0,2493.0,318.0,2652.0,643.0,2667.0,322.0,2707.0,608.0,2731.0,278.0,2895.0,610.0,2904.0,270.0,2950.0,592.0,2976.0,237.0,3168.0,589.0,3204.0,244.0,3226.0,596.0,3261.0,190.0,3456.0,584.0,3492.0,185.0,3556.0,565.0,3563.0,173.0,3784.0,582.0,3790.0,168.0,3887.0,572.0,3880.0,171.0,4123.0,615.0,4104.0,185.0,4239.0,584.0,4198.0,171.0,4515.0,655.0,4474.0
370.0,310.0,568.0,316.0,364.0,421.0,564.0,425.0,344.0,471.0,579.0,480.0,355.0,556.0,568.0,568.0,338.0,629.0,583.0,632.0,349.0,732.0,574.0,750.0,347.0,769.0,564.0,779.0,353.0,879.0,560.0,901.0,353.0,924.0,550.0,947.0,324.0,1031.0,524.0,1085.0,324.0,1082.0,513.0,1123.0,291.0,1200.0,488.0,1253.0,269.0,1241.0,459.0,1292.0,214.0,1367.0,410.0,1418.0,200.0,1402.0,395.0,1460.0,169.0,1540.0,353.0,1572.0,152.0,1583.0,360.0,1594.0,152.0,1740.0,349.0,1741.0,145.0,1792.0,364.0,1767.0,169.0,1948.0,373.0,1916.0,171.0,1991.0,370.0,1948.0,205.0,2161.0,418.0,2100.0,222.0,2201.0,421.0,2141.0,263.0,2359.0,484.0,2303.0,274.0,2414.0,507.0,2353.0,294.0,2580.0,564.0,2526.0,304.0,2617.0,583.0,2605.0,301.0,2807.0,603.0,2793.0,301.0,2853.0,591.0,2887.0,260.0,3037.0,580.0,3077.0,263.0,3108.0,541.0,3175.0,195.0,3273.0,518.0,3349.0,180.0,3329.0,495.0,3410.0,102.0,3560.0,462.0,3619.0
549.0,344.0,768.0,341.0,538.0,455.0,766.0,458.0,526.0,499.0,785.0,503.0,532.0,616.0,774.0,619.0,537.0,653.0,772.0,657.0,523.0,785.0,769.0,793.0,530.0,841.0,771.0,857.0,532.0,951.0,763.0,956.0,549.0,991.0,772.0,1010.0,559.0,1114.0,756.0,1149.0,530.0,1187.0,756.0,1258.0,480.0,1288.0,671.0,1346.0,483.0,1356.0,695.0,1419.0,448.0,1436.0,660.0,1528.0,418.0,1511.0,621.0,1621.0,317.0,1601.0,617.0,1710.0,263.0,1662.0,567.0,1803.0,189.0,1798.0,523.0,1903.0,169.0,1868.0,480.0,1941.0,146.0,2001.0,463.0,1994.0,145.0,2099.0,477.0,2043.0,186.0,2266.0,477.0,2157.0,240.0,2298.0,518.0,2182.0,290.0,2451.0,611.0,2301.0,353.0,2483.0,658.0,2339.0,414.0,2650.0,739.0,2476.0,434.0,2682.0,771.0,2585.0,494.0,2826.0,840.0,2743.0,493.0,2887.0,867.0,2854.0,518.0,3078.0,884.0,3078.0,505.0,3126.0,854.0,3191.0,458.0,3353.0,837.0,3418.0,428.0,3420.0,804.0,3508.0,350.0,3627.0,766.0,3731.0
219.0,527.0,452.0,514.0,219.0,645.0,478.0,626.0,241.0,674.0,468.0,665.0,234.0,777.0,470.0,760.0,252.0,833.0,451.0,833.0,239.0,937.0,461.0,923.0,247.0,981.0,454.0,981.0,249.0,1082.0,457.0,1084.0,247.0,1121.0,449.0,1124.0,249.0,1255.0,455.0,1230.0,255.0,1289.0,458.0,1256.0,285.0,1419.0,503.0,1370.0,285.0,1452.0,508.0,1409.0,311.0,1586.0,539.0,1550.0,307.0,1629.0,527.0,1581.0,330.0,1766.0,562.0,1711.0,337.0,1814.0,557.0,1751.0,376.0,1942.0,596.0,1866.0,403.0,1986.0,605.0,1918.0,442.0,2125.0,682.0,2020.0,451.0,2163.0,693.0,2078.0,470.0,2298.0,760.0,2194.0,472.0,2341.0,773.0,2419.0,447.0,2430.0,724.0,2535.0,395.0,2514.0,674.0,2617.0,310.0,2601.0,619.0,2709.0,294.0,2642.0,602.0,2737.0,247.0,2775.0,570.0,2847.0,219.0,2867.0,567.0,2903.0,206.0,3027.0,541.0,3054.0,192.0,3118.0,570.0,3147.0,188.0,3312.0,560.0,3322.0,166.0,3414.0,553.0,3406.0,186.0,3561.0,570.0,3570.0
357.0,263.0,582.0,259.0,362.0,370.0,583.0,371.0,357.0,400.0,562.0,411.0,343.0,507.0,556.0,527.0,356.0,553.0,561.0,567.0,340.0,671.0,553.0,704.0,354.0,706.0,507.0,725.0,330.0,831.0,516.0,868.0,337.0,877.0,491.0,904.0,309.0,995.0,473.0,1013.0,282.0,1041.0,483.0,1055.0,274.0,1162.0,477.0,1172.0,268.0,1195.0,443.0,1211.0,259.0,1329.0,481.0,1334.0,246.0,1375.0,440.0,1367.0,260.0,1518.0,459.0,1498.0,252.0,1563.0,472.0,1541.0,252.0,1701.0,500.0,1676.0,265.0,1751.0,507.0,1719.0,294.0,1897.0,524.0,1854.0,311.0,1948.0,507.0,1919.0,309.0,2097.0,567.0,2061.0,321.0,2140.0,569.0,2105.0,322.0,2306.0,612.0,2282.0,335.0,2369.0,621.0,2339.0,351.0,2557.0,637.0,2532.0,349.0,2613.0,642.0,2602.0,349.0,2791.0,666.0,2769.0,343.0,2863.0,656.0,2879.0,316.0,3046.0,653.0,3069.0,305.0,3111.0,648.0,3163.0,265.0,3291.0,620.0,3340.0,239.0,3380.0,593.0,3421.0,208.0,3588.0,591.0,3626.0
653.0,176.0,829.0,209.0,652.0,263.0,813.0,294.0,620.0,288.0,818.0,350.0,599.0,377.0,785.0,438.0,578.0,401.0,761.0,491.0,531.0,482.0,717.0,584.0,512.0,511.0,694.0,608.0,450.0,553.0,606.0,696.0,423.0,603.0,585.0,725.0,369.0,666.0,501.0,799.0,341.0,698.0,490.0,823.0,262.0,782.0,421.0,880.0,241.0,812.0,398.0,889.0,192.0,931.0,383.0,977.0,179.0,960.0,361.0,998.0,159.0,1088.0,362.0,1116.0,154.0,1134.0,363.0,1170.0,158.0,1243.0,366.0,1243.0,130.0,1290.0,353.0,1286.0,164.0,1454.0,391.0,1421.0,153.0,1492.0,404.0,1442.0,207.0,1680.0,454.0,1607.0,215.0,1715.0,461.0,1631.0,270.0,1908.0,520.0,1809.0,292.0,1937.0,537.0,1830.0,377.0,2103.0,619.0,1984.0,407.0,2138.0,631.0,2013.0,486.0,2310.0,725.0,2180.0,508.0,2339.0,764.0,2217.0,568.0,2514.0,868.0,2397.0,581.0,2556.0,872.0,2460.0,619.0,2742.0,947.0,2648.0,640.0,2781.0,950.0,2743.0,661.0,2975.0,999.0,2922.0
47.0,10.0,86.0,7.0,49.0,26.0,88.0,22.0,49.0,32.0,89.0,29.0,57.0,51.0,88.0,45.0,55.0,58.0,93.0,53.0,55.0,75.0,96.0,73.0,56.0,84.0,96.0,83.0,55.0,103.0,96.0,103.0,52.0,112.0,97.0,112.0,57.0,134.0,99.0,133.0,57.0,140.0,97.0,141.0,52.0,161.0,96.0,165.0,58.0,170.0,95.0,173.0,49.0,189.0,91.0,196.0,50.0,197.0,87.0,204.0,42.0,218.0,84.0,227.0,41.0,229.0,80.0,236.0,33.0,253.0,76.0,258.0,33.0,266.0,76.0,266.0,35.0,285.0,74.0,284.0,33.0,297.0,78.0,297.0,28.0,320.0,80.0,317.0,30.0,333.0,82.0,330.0,32.0,364.0,94.0,354.0,38.0,375.0,96.0,366.0,42.0,408.0,100.0,398.0,41.0,420.0,105.0,406.0,49.0,441.0,111.0,432.0,49.0,455.0,111.0,448.0,47.0,489.0,123.0,480.0,49.0,502.0,126.0,495.0,47.0,539.0,132.0,531.0,49.0,554.0,131.0,549.0,53.0,587.0,133.0,586.0
950.0,344.0,1173.0,424.0,906.0,427.0,1123.0,507.0,891.0,456.0,1143.0,553.0,850.0,576.0,1092.0,662.0,843.0,643.0,1083.0,705.0,820.0,706.0,1050.0,787.0,815.0,787.0,1017.0,844.0,787.0,862.0,984.0,931.0,778.0,919.0,962.0,981.0,742.0,1018.0,932.0,1066.0,718.0,1066.0,925.0,1116.0,694.0,1178.0,891.0,1215.0,685.0,1227.0,889.0,1253.0,649.0,1320.0,853.0,1350.0,657.0,1391.0,867.0,1433.0,640.0,1495.0,865.0,1528.0,623.0,1540.0,841.0,1576.0,609.0,1668.0,825.0,1699.0,597.0,1722.0,823.0,1732.0,588.0,1869.0,815.0,1859.0,600.0,1926.0,809.0,1898.0,605.0,2061.0,870.0,2013.0,607.0,2113.0,886.0,2068.0,590.0,2215.0,896.0,2231.0,581.0,2269.0,853.0,2424.0,526.0,2362.0,796.0,2540.0,467.0,2431.0,737.0,2578.0,411.0,2546.0,683.0,2693.0,334.0,2587.0,636.0,2722.0,283.0,2746.0,571.0,2833.0,219.0,2828.0,567.0,2888.0,195.0,2997.0,553.0,3051.0,169.0,3094.0,531.0,3115.0,150.0,3279.0,527.0,3316.0
265.0,625.0,548.0,612.0,274.0,696.0,541.0,694.0,271.0,748.0,542.0,742.0,281.0,849.0,541.0,855.0,287.0,904.0,534.0,904.0,285.0,1000.0,523.0,1027.0,287.0,1063.0,552.0,1077.0,265.0,1222.0,530.0,1257.0,249.0,1273.0,501.0,1317.0,221.0,1391.0,487.0,1440.0,227.0,1440.0,460.0,1473.0,189.0,1564.0,430.0,1605.0,188.0,1608.0,424.0,1645.0,151.0,1756.0,383.0,1778.0,140.0,1794.0,386.0,1805.0,131.0,1968.0,385.0,1979.0,128.0,1998.0,381.0,2002.0,128.0,2168.0,385.0,2163.0,126.0,2215.0,385.0,2188.0,139.0,2385.0,419.0,2336.0,175.0,2406.0,411.0,2369.0,192.0,2585.0,459.0,2532.0,208.0,2628.0,465.0,2573.0,236.0,2789.0,517.0,2721.0,249.0,2844.0,548.0,2774.0,285.0,3019.0,607.0,2948.0,295.0,3078.0,615.0,3015.0,347.0,3275.0,668.0,3203.0,342.0,3326.0,682.0,3279.0,358.0,3517.0,709.0,3496.0,359.0,3572.0,720.0,3564.0,337.0,3789.0,717.0,3781.0,351.0,3832.0,720.0,3879.0,292.0,4059.0,692.0,4103.0
387.0,411.0,629.0,419.0,402.0,499.0,622.0,500.0,390.0,528.0,622.0,552.0,386.0,623.0,606.0,636.0,364.0,665.0,596.0,674.0,358.0,759.0,593.0,770.0,360.0,801.0,583.0,807.0,339.0,922.0,558.0,942.0,339.0,1008.0,538.0,990.0,338.0,1105.0,558.0,1088.0,367.0,1152.0,551.0,1150.0,342.0,1269.0,554.0,1270.0,337.0,1309.0,541.0,1317.0,348.0,1427.0,541.0,1450.0,351.0,1480.0,525.0,1495.0,315.0,1608.0,516.0,1621.0,323.0,1641.0,519.0,1667.0,297.0,1804.0,509.0,1825.0,295.0,1836.0,501.0,1859.0,273.0,2000.0,480.0,2003.0,266.0,2035.0,475.0,2048.0,251.0,2192.0,470.0,2201.0,248.0,2237.0,474.0,2242.0,226.0,2405.0,488.0,2414.0,228.0,2456.0,484.0,2456.0,218.0,2619.0,491.0,2621.0,215.0,2671.0,494.0,2674.0,200.0,2873.0,501.0,2868.0,196.0,2928.0,503.0,2928.0,195.0,3132.0,513.0,3138.0,208.0,3207.0,522.0,3185.0,225.0,3424.0,548.0,3385.0,235.0,3505.0,548.0,3456.0,271.0,3731.0,604.0,3670.0
109.0,63.0,150.0,58.0,113.0,82.0,152.0,76.0,111.0,89.0,153.0,86.0,115.0,111.0,154.0,105.0,115.0,115.0,156.0,112.0,118.0,134.0,158.0,132.0,117.0,141.0,156.0,138.0,119.0,160.0,158.0,156.0,120.0,170.0,156.0,170.0,121.0,188.0,157.0,188.0,122.0,198.0,159.0,198.0,120.0,223.0,162.0,227.0,123.0,232.0,153.0,234.0,119.0,257.0,157.0,258.0,121.0,263.0,155.0,265.0,117.0,289.0,158.0,292.0,116.0,297.0,152.0,298.0,112.0,323.0,152.0,327.0,113.0,330.0,149.0,334.0,110.0,357.0,149.0,363.0,110.0,366.0,146.0,370.0,104.0,392.0,145.0,399.0,106.0,401.0,145.0,405.0,94.0,425.0,138.0,437.0,93.0,432.0,136.0,442.0,83.0,464.0,133.0,475.0,80.0,472.0,130.0,485.0,69.0,505.0,119.0,521.0,66.0,514.0,116.0,528.0,53.0,547.0,106.0,565.0,51.0,560.0,100.0,575.0,35.0,596.0,94.0,611.0,29.0,610.0,87.0,621.0,20.0,652.0,85.0,660.0
78.0,76.0,115.0,82.0,76.0,88.0,113.0,95.0,73.0,93.0,108.0,102.0,66.0,110.0,102.0,120.0,66.0,114.0,97.0,125.0,59.0,132.0,88.0,145.0,59.0,139.0,86.0,148.0,49.0,154.0,82.0,164.0,46.0,159.0,79.0,171.0,40.0,179.0,72.0,188.0,39.0,185.0,69.0,193.0,33.0,201.0,63.0,210.0,29.0,211.0,59.0,215.0,25.0,229.0,57.0,230.0,22.0,236.0,57.0,238.0,23.0,258.0,58.0,255.0,23.0,264.0,60.0,263.0,27.0,288.0,63.0,282.0,27.0,295.0,63.0,288.0,31.0,318.0,68.0,308.0,34.0,321.0,69.0,313.0,40.0,348.0,79.0,335.0,44.0,355.0,81.0,343.0,48.0,380.0,88.0,368.0,50.0,387.0,90.0,376.0,57.0,416.0,103.0,405.0,61.0,424.0,105.0,415.0,65.0,452.0,109.0,442.0,66.0,460.0,113.0,454.0,68.0,489.0,114.0,483.0,71.0,497.0,117.0,497.0,66.0,527.0,119.0,527.0,67.0,536.0,120.0,539.0,64.0,568.0,119.0,570.0
415.0,230.0,654.0,221.0,422.0,315.0,668.0,318.0,412.0,365.0,642.0,357.0,433.0,457.0,642.0,438.0,430.0,491.0,651.0,502.0,428.0,593.0,642.0,587.0,439.0,638.0,642.0,644.0,430.0,727.0,639.0,732.0,416.0,788.0,622.0,785.0,415.0,893.0,612.0,888.0,418.0,932.0,618.0,951.0,391.0,1055.0,600.0,1066.0,379.0,1097.0,603.0,1099.0,363.0,1243.0,586.0,1245.0,363.0,1288.0,570.0,1322.0,348.0,1424.0,567.0,1427.0,331.0,1518.0,548.0,1516.0,322.0,1616.0,567.0,1612.0,331.0,1670.0,573.0,1660.0,325.0,1809.0,579.0,1797.0,327.0,1845.0,585.0,1848.0,319.0,1995.0,577.0,1986.0,322.0,2046.0,574.0,2037.0,319.0,2206.0,591.0,2186.0,321.0,2256.0,603.0,2240.0,328.0,2431.0,634.0,2404.0,313.0,2501.0,627.0,2459.0,352.0,2668.0,652.0,2634.0,348.0,2723.0,676.0,2704.0,376.0,2910.0,700.0,2876.0,358.0,2977.0,719.0,2959.0,392.0,3162.0,734.0,3116.0,385.0,3228.0,754.0,3207.0,412.0,3401.0,755.0,3386.0
391.0,237.0,579.0,231.0,396.0,321.0,586.0,322.0,403.0,381.0,590.0,371.0,408.0,459.0,582.0,453.0,396.0,506.0,581.0,497.0,401.0,617.0,585.0,612.0,415.0,667.0,590.0,674.0,419.0,762.0,596.0,767.0,410.0,822.0,581.0,832.0,410.0,917.0,579.0,932.0,398.0,964.0,571.0,987.0,391.0,1077.0,568.0,1097.0,389.0,1115.0,561.0,1136.0,362.0,1238.0,560.0,1250.0,359.0,1285.0,560.0,1287.0,339.0,1414.0,543.0,1421.0,339.0,1454.0,544.0,1460.0,342.0,1601.0,567.0,1588.0,338.0,1634.0,557.0,1620.0,342.0,1781.0,571.0,1764.0,350.0,1813.0,565.0,1799.0,352.0,1965.0,589.0,1953.0,353.0,2013.0,597.0,1988.0,363.0,2175.0,638.0,2152.0,366.0,2221.0,639.0,2196.0,360.0,2401.0,655.0,2383.0,362.0,2444.0,659.0,2436.0,371.0,2641.0,673.0,2633.0,363.0,2693.0,683.0,2694.0,350.0,2881.0,685.0,2903.0,349.0,2952.0,670.0,2983.0,321.0,3155.0,664.0,3197.0,307.0,3216.0,644.0,3275.0,257.0,3410.0,621.0,3481.0
338.0,347.0,565.0,341.0,353.0,446.0,578.0,439.0,348.0,503.0,571.0,485.0,363.0,602.0,579.0,598.0,362.0,648.0,582.0,646.0,359.0,752.0,599.0,753.0,378.0,781.0,589.0,806.0,345.0,899.0,598.0,936.0,343.0,958.0,588.0,973.0,330.0,1079.0,565.0,1121.0,325.0,1111.0,540.0,1155.0,292.0,1252.0,514.0,1317.0,282.0,1290.0,498.0,1347.0,237.0,1441.0,474.0,1488.0,231.0,1468.0,450.0,1512.0,203.0,1630.0,440.0,1669.0,186.0,1685.0,423.0,1701.0,180.0,1827.0,412.0,1841.0,173.0,1898.0,387.0,1880.0,160.0,2066.0,420.0,2026.0,164.0,2130.0,426.0,2070.0,206.0,2286.0,463.0,2204.0,240.0,2356.0,474.0,2262.0,277.0,2503.0,564.0,2405.0,311.0,2563.0,579.0,2465.0,372.0,2711.0,653.0,2627.0,397.0,2752.0,694.0,2684.0,440.0,2927.0,755.0,2867.0,451.0,2979.0,785.0,2955.0,457.0,3171.0,818.0,3153.0,466.0,3205.0,825.0,3235.0,447.0,3433.0,808.0,3460.0,407.0,3488.0,798.0,3556.0,364.0,3705.0,748.0,3781.0
339.0,655.0,562.0,661.0,333.0,767.0,556.0,773.0,332.0,816.0,562.0,816.0,343.0,922.0,553.0,909.0,339.0,984.0,556.0,975.0,335.0,1113.0,568.0,1109.0,352.0,1171.0,570.0,1164.0,350.0,1302.0,555.0,1292.0,354.0,1340.0,556.0,1336.0,347.0,1474.0,564.0,1477.0,333.0,1529.0,568.0,1513.0,350.0,1663.0,579.0,1640.0,339.0,1695.0,572.0,1683.0,360.0,1850.0,587.0,1821.0,357.0,1890.0,585.0,1853.0,386.0,2029.0,628.0,1995.0,390.0,2067.0,624.0,2037.0,405.0,2205.0,655.0,2180.0,407.0,2252.0,666.0,2233.0,411.0,2386.0,664.0,2369.0,409.0,2437.0,674.0,2424.0,411.0,2600.0,689.0,2592.0,420.0,2653.0,691.0,2638.0,420.0,2827.0,708.0,2815.0,422.0,2876.0,717.0,2868.0,432.0,3052.0,726.0,3055.0,428.0,3120.0,730.0,3112.0,428.0,3318.0,738.0,3322.0,424.0,3380.0,740.0,3397.0,394.0,3586.0,742.0,3598.0,386.0,3652.0,734.0,3668.0,362.0,3885.0,736.0,3898.0,381.0,3926.0,723.0,3951.0,347.0,4168.0,732.0,4182.0
80.0,41.0,123.0,40.0,79.0,63.0,126.0,60.0,81.0,69.0,127.0,66.0,86.0,88.0,126.0,87.0,86.0,95.0,124.0,92.0,88.0,115.0,129.0,110.0,88.0,122.0,128.0,116.0,90.0,142.0,132.0,140.0,90.0,150.0,130.0,149.0,90.0,174.0,129.0,176.0,90.0,182.0,128.0,185.0,85.0,205.0,124.0,210.0,85.0,214.0,120.0,216.0,82.0,238.0,120.0,244.0,81.0,246.0,118.0,252.0,73.0,272.0,120.0,278.0,72.0,280.0,114.0,285.0,65.0,307.0,108.0,312.0,64.0,316.0,103.0,319.0,58.0,345.0,103.0,348.0,57.0,354.0,101.0,356.0,54.0,385.0,102.0,383.0,54.0,398.0,102.0,393.0,58.0,428.0,109.0,419.0,59.0,441.0,108.0,433.0,63.0,475.0,119.0,464.0,69.0,489.0,116.0,480.0,75.0,521.0,126.0,511.0,75.0,533.0,129.0,531.0,77.0,569.0,142.0,568.0,74.0,578.0,134.0,580.0,73.0,616.0,137.0,620.0,70.0,629.0,134.0,637.0,64.0,661.0,127.0,672.0
402.0,386.0,644.0,388.0,410.0,492.0,621.0,500.0,405.0,528.0,630.0,541.0,407.0,641.0,627.0,646.0,402.0,675.0,626.0,677.0,397.0,799.0,627.0,799.0,397.0,832.0,610.0,833.0,419.0,954.0,610.0,955.0,411.0,985.0,608.0,1001.0,408.0,1112.0,602.0,1140.0,410.0,1152.0,596.0,1179.0,377.0,1290.0,571.0,1314.0,385.0,1339.0,561.0,1362.0,336.0,1484.0,536.0,1512.0,335.0,1517.0,535.0,1550.0,313.0,1673.0,518.0,1689.0,311.0,1720.0,513.0,1727.0,302.0,1864.0,499.0,1880.0,286.0,1906.0,505.0,1914.0,280.0,2057.0,513.0,2066.0,264.0,2102.0,491.0,2111.0,253.0,2261.0,491.0,2282.0,244.0,2302.0,474.0,2321.0,241.0,2490.0,474.0,2490.0,231.0,2530.0,464.0,2529.0,225.0,2726.0,488.0,2695.0,235.0,2792.0,491.0,2740.0,258.0,2984.0,560.0,2895.0,281.0,3051.0,568.0,2953.0,355.0,3245.0,643.0,3128.0,399.0,3308.0,669.0,3202.0,463.0,3488.0,768.0,3381.0,496.0,3546.0,802.0,3483.0,516.0,3724.0,851.0,3693.0
486.0,266.0,710.0,266.0,484.0,351.0,715.0,349.0,480.0,393.0,712.0,418.0,484.0,482.0,698.0,503.0,478.0,549.0,681.0,578.0,472.0,636.0,676.0,666.0,455.0,680.0,658.0,721.0,423.0,798.0,634.0,831.0,434.0,842.0,620.0,881.0,411.0,950.0,587.0,997.0,407.0,991.0,581.0,1033.0,352.0,1098.0,548.0,1160.0,349.0,1139.0,526.0,1194.0,302.0,1263.0,496.0,1332.0,284.0,1309.0,478.0,1354.0,247.0,1439.0,454.0,1477.0,238.0,1485.0,451.0,1507.0,226.0,1609.0,443.0,1630.0,213.0,1673.0,443.0,1670.0,206.0,1805.0,446.0,1797.0,205.0,1862.0,443.0,1838.0,223.0,1999.0,461.0,1947.0,243.0,2059.0,464.0,1993.0,263.0,2197.0,519.0,2129.0,275.0,2256.0,517.0,2162.0,335.0,2412.0,604.0,2314.0,357.0,2475.0,617.0,2365.0,407.0,2638.0,672.0,2534.0,413.0,2685.0,696.0,2579.0,481.0,2879.0,790.0,2747.0,496.0,2920.0,796.0,2826.0,558.0,3111.0,858.0,3020.0,564.0,3176.0,893.0,3117.0,590.0,3407.0,945.0,3326.0
351.0,408.0,557.0,404.0,367.0,502.0,555.0,499.0,357.0,547.0,558.0,551.0,341.0,662.0,565.0,652.0,351.0,702.0,538.0,702.0,349.0,821.0,572.0,794.0,365.0,858.0,552.0,837.0,377.0,974.0,579.0,949.0,399.0,1028.0,562.0,1015.0,394.0,1115.0,584.0,1108.0,398.0,1155.0,582.0,1144.0,379.0,1272.0,607.0,1265.0,395.0,1307.0,594.0,1289.0,401.0,1435.0,611.0,1417.0,411.0,1458.0,601.0,1439.0,415.0,1591.0,614.0,1587.0,421.0,1619.0,617.0,1614.0,409.0,1765.0,621.0,1758.0,417.0,1799.0,609.0,1797.0,408.0,1952.0,612.0,1939.0,415.0,1978.0,599.0,1979.0,421.0,2145.0,617.0,2122.0,414.0,2189.0,644.0,2165.0,439.0,2357.0,679.0,2314.0,428.0,2401.0,697.0,2367.0,451.0,2577.0,739.0,2534.0,454.0,2629.0,759.0,2617.0,469.0,2811.0,774.0,2785.0,464.0,2852.0,759.0,2878.0,431.0,3025.0,741.0,3082.0,431.0,3092.0,732.0,3184.0,347.0,3262.0,669.0,3378.0,317.0,3329.0,649.0,3448.0,224.0,3531.0,557.0,3661.0
66.0,79.0,110.0,80.0,65.0,94.0,108.0,96.0,67.0,104.0,107.0,104.0,66.0,124.0,105.0,125.0,66.0,130.0,104.0,130.0,66.0,145.0,103.0,147.0,66.0,157.0,107.0,160.0,64.0,170.0,106.0,174.0,66.0,185.0,101.0,193.0,65.0,203.0,102.0,205.0,65.0,208.0,100.0,211.0,63.0,220.0,99.0,222.0,57.0,225.0,97.0,229.0,57.0,249.0,96.0,253.0,53.0,258.0,94.0,260.0,50.0,284.0,100.0,286.0,50.0,292.0,97.0,291.0,52.0,319.0,98.0,317.0,52.0,327.0,94.0,322.0,54.0,357.0,100.0,351.0,54.0,364.0,98.0,358.0,57.0,393.0,106.0,383.0,58.0,403.0,108.0,393.0,63.0,437.0,115.0,425.0,66.0,446.0,115.0,432.0,73.0,481.0,128.0,464.0,76.0,490.0,129.0,476.0,84.0,524.0,140.0,508.0,84.0,534.0,140.0,522.0,93.0,569.0,150.0,555.0,92.0,580.0,150.0,572.0,96.0,617.0,159.0,605.0,98.0,629.0,159.0,623.0,100.0,662.0,161.0,658.0
420.0,365.0,663.0,350.0,434.0,471.0,656.0,448.0,438.0,510.0,651.0,497.0,457.0,587.0,641.0,589.0,456.0,642.0,654.0,632.0,451.0,733.0,657.0,720.0,461.0,789.0,663.0,762.0,472.0,890.0,663.0,869.0,480.0,947.0,670.0,930.0,483.0,1043.0,693.0,1028.0,492.0,1101.0,702.0,1078.0,493.0,1196.0,707.0,1186.0,497.0,1256.0,710.0,1242.0,499.0,1370.0,730.0,1348.0,505.0,1415.0,736.0,1379.0,508.0,1531.0,754.0,1512.0,516.0,1568.0,748.0,1557.0,509.0,1688.0,751.0,1691.0,496.0,1722.0,749.0,1725.0,492.0,1849.0,754.0,1863.0,499.0,1898.0,745.0,1902.0,469.0,2029.0,741.0,2058.0,459.0,2078.0,746.0,2111.0,430.0,2229.0,728.0,2268.0,415.0,2262.0,707.0,2308.0,387.0,2430.0,661.0,2486.0,356.0,2489.0,653.0,2537.0,329.0,2678.0,620.0,2713.0,316.0,2745.0,624.0,2749.0,308.0,2957.0,623.0,2941.0,321.0,3031.0,630.0,2995.0,349.0,3220.0,659.0,3164.0,364.0,3298.0,666.0,3250.0,392.0,3495.0,723.0,3447.0
328.0,553.0,557.0,539.0,329.0,632.0,552.0,637.0,346.0,682.0,555.0,670.0,351.0,768.0,564.0,766.0,358.0,820.0,558.0,809.0,371.0,927.0,564.0,925.0,374.0,969.0,564.0,980.0,375.0,1082.0,560.0,1093.0,383.0,1128.0,558.0,1130.0,368.0,1272.0,575.0,1272.0,355.0,1327.0,561.0,1330.0,355.0,1466.0,572.0,1461.0,352.0,1499.0,572.0,1485.0,369.0,1635.0,584.0,1627.0,361.0,1661.0,580.0,1653.0,358.0,1814.0,607.0,1795.0,371.0,1846.0,596.0,1823.0,386.0,1989.0,615.0,1977.0,383.0,2020.0,616.0,2006.0,371.0,2168.0,636.0,2163.0,380.0,2191.0,633.0,2197.0,357.0,2360.0,629.0,2355.0,355.0,2394.0,633.0,2398.0,345.0,2572.0,636.0,2598.0,345.0,2607.0,633.0,2639.0,308.0,2806.0,616.0,2841.0,305.0,2850.0,610.0,2887.0,265.0,3039.0,586.0,3082.0,265.0,3105.0,580.0,3129.0,235.0,3316.0,567.0,3342.0,230.0,3392.0,567.0,3392.0,223.0,3596.0,563.0,3616.0,223.0,3661.0,558.0,3670.0,206.0,3893.0,575.0,3891.0
418.0,168.0,629.0,140.0,438.0,234.0,643.0,205.0,443.0,284.0,643.0,261.0,449.0,351.0,664.0,327.0,447.0,391.0,673.0,363.0,470.0,464.0,681.0,434.0,475.0,486.0,696.0,460.0,479.0,567.0,704.0,574.0,494.0,591.0,678.0,589.0,494.0,692.0,682.0,689.0,510.0,722.0,675.0,728.0,501.0,820.0,647.0,835.0,499.0,851.0,659.0,873.0,488.0,980.0,630.0,994.0,467.0,1034.0,621.0,1038.0,444.0,1151.0,612.0,1164.0,438.0,1186.0,611.0,1208.0,423.0,1306.0,606.0,1319.0,415.0,1350.0,603.0,1358.0,407.0,1467.0,615.0,1466.0,401.0,1510.0,594.0,1492.0,406.0,1646.0,617.0,1617.0,409.0,1684.0,612.0,1661.0,414.0,1828.0,641.0,1796.0,418.0,1881.0,658.0,1848.0,452.0,2013.0,679.0,1968.0,452.0,2060.0,699.0,2032.0,459.0,2194.0,713.0,2176.0,458.0,2243.0,743.0,2248.0,443.0,2381.0,724.0,2405.0,436.0,2430.0,716.0,2498.0,392.0,2570.0,661.0,2656.0,368.0,2640.0,650.0,2723.0,316.0,2779.0,607.0,2882.0
442.0,417.0,670.0,437.0,442.0,523.0,671.0,533.0,432.0,569.0,650.0,585.0,395.0,675.0,639.0,698.0,396.0,719.0,637.0,730.0,393.0,844.0,624.0,844.0,393.0,883.0,615.0,889.0,387.0,1021.0,594.0,1036.0,383.0,1051.0,582.0,1072.0,378.0,1180.0,576.0,1204.0,356.0,1215.0,560.0,1243.0,323.0,1359.0,563.0,1400.0,313.0,1389.0,546.0,1424.0,271.0,1543.0,537.0,1573.0,283.0,1591.0,523.0,1606.0,273.0,1739.0,515.0,1752.0,269.0,1773.0,505.0,1789.0,250.0,1927.0,511.0,1933.0,249.0,1973.0,505.0,1963.0,256.0,2131.0,511.0,2123.0,255.0,2168.0,518.0,2159.0,249.0,2328.0,530.0,2314.0,255.0,2379.0,527.0,2369.0,256.0,2557.0,554.0,2529.0,261.0,2602.0,563.0,2587.0,268.0,2792.0,588.0,2766.0,256.0,2833.0,585.0,2822.0,253.0,3020.0,613.0,3005.0,276.0,3085.0,612.0,3051.0,285.0,3264.0,643.0,3237.0,291.0,3344.0,656.0,3323.0,308.0,3542.0,673.0,3537.0,277.0,3616.0,676.0,3607.0,294.0,3826.0,685.0,3832.0
540.0,339.0,784.0,346.0,559.0,442.0,772.0,459.0,536.0,483.0,765.0,487.0,546.0,578.0,754.0,582.0,546.0,614.0,764.0,614.0,562.0,706.0,762.0,717.0,558.0,741.0,755.0,758.0,550.0,847.0,746.0,882.0,509.0,884.0,700.0,970.0,454.0,959.0,642.0,1070.0,441.0,1007.0,594.0,1122.0,359.0,1087.0,516.0,1216.0,340.0,1135.0,490.0,1245.0,247.0,1234.0,432.0,1338.0,206.0,1283.0,425.0,1368.0,190.0,1426.0,398.0,1455.0,168.0,1502.0,394.0,1486.0,197.0,1647.0,421.0,1580.0,209.0,1700.0,431.0,1624.0,305.0,1842.0,487.0,1712.0,336.0,1878.0,531.0,1752.0,421.0,1993.0,635.0,1848.0,464.0,2022.0,686.0,1896.0,542.0,2142.0,785.0,2015.0,555.0,2185.0,818.0,2106.0,575.0,2325.0,879.0,2292.0,590.0,2360.0,885.0,2376.0,565.0,2513.0,868.0,2585.0,559.0,2559.0,819.0,2692.0,486.0,2712.0,746.0,2853.0,429.0,2790.0,701.0,2924.0,318.0,2942.0,616.0,3095.0,232.0,3054.0,577.0,3131.0,207.0,3242.0,543.0,3282.0
397.0,198.0,597.0,182.0,397.0,299.0,617.0,278.0,406.0,346.0,612.0,324.0,407.0,450.0,635.0,430.0,414.0,509.0,628.0,486.0,424.0,589.0,638.0,580.0,419.0,640.0,638.0,622.0,437.0,758.0,651.0,750.0,444.0,790.0,651.0,793.0,446.0,919.0,659.0,917.0,451.0,946.0,644.0,947.0,443.0,1054.0,639.0,1063.0,450.0,1082.0,627.0,1101.0,433.0,1202.0,620.0,1223.0,434.0,1235.0,607.0,1255.0,411.0,1351.0,592.0,1383.0,399.0,1377.0,578.0,1401.0,389.0,1518.0,567.0,1540.0,373.0,1551.0,568.0,1572.0,367.0,1695.0,554.0,1699.0,353.0,1728.0,554.0,1726.0,366.0,1880.0,567.0,1852.0,374.0,1916.0,574.0,1885.0,389.0,2056.0,607.0,1994.0,393.0,2093.0,614.0,2043.0,434.0,2233.0,662.0,2167.0,440.0,2278.0,671.0,2195.0,468.0,2401.0,732.0,2329.0,483.0,2442.0,759.0,2377.0,514.0,2582.0,815.0,2522.0,514.0,2620.0,826.0,2583.0,554.0,2797.0,849.0,2774.0,554.0,2844.0,862.0,2867.0,543.0,3017.0,848.0,3062.0
287.0,447.0,510.0,431.0,316.0,573.0,526.0,548.0,301.0,608.0,526.0,576.0,328.0,718.0,544.0,706.0,332.0,760.0,532.0,745.0,335.0,867.0,562.0,858.0,347.0,909.0,546.0,912.0,350.0,1034.0,559.0,1042.0,346.0,1063.0,547.0,1070.0,335.0,1192.0,543.0,1209.0,335.0,1222.0,543.0,1239.0,296.0,1355.0,516.0,1385.0,307.0,1391.0,501.0,1416.0,284.0,1532.0,499.0,1553.0,286.0,1573.0,492.0,1582.0,275.0,1726.0,492.0,1716.0,293.0,1756.0,492.0,1750.0,289.0,1908.0,508.0,1904.0,289.0,1940.0,511.0,1946.0,284.0,2102.0,519.0,2087.0,287.0,2145.0,516.0,2127.0,290.0,2316.0,543.0,2303.0,280.0,2351.0,549.0,2342.0,281.0,2533.0,556.0,2530.0,270.0,2574.0,555.0,2586.0,245.0,2757.0,532.0,2781.0,233.0,2810.0,540.0,2835.0,198.0,3013.0,514.0,3048.0,192.0,3066.0,504.0,3081.0,179.0,3293.0,498.0,3275.0,183.0,3362.0,498.0,3332.0,209.0,3580.0,544.0,3531.0,225.0,3653.0,567.0,3603.0,257.0,3868.0,603.0,3799.0
352.0,131.0,594.0,119.0,384.0,230.0,606.0,197.0,370.0,280.0,613.0,255.0,388.0,369.0,625.0,346.0,388.0,408.0,618.0,394.0,406.0,526.0,643.0,514.0,420.0,560.0,629.0,557.0,413.0,672.0,636.0,679.0,409.0,704.0,617.0,736.0,386.0,821.0,599.0,870.0,390.0,854.0,592.0,904.0,351.0,975.0,572.0,1039.0,333.0,1000.0,563.0,1076.0,294.0,1138.0,524.0,1200.0,296.0,1175.0,507.0,1244.0,246.0,1313.0,473.0,1359.0,227.0,1361.0,480.0,1400.0,216.0,1500.0,452.0,1535.0,189.0,1544.0,422.0,1560.0,175.0,1702.0,425.0,1687.0,175.0,1755.0,409.0,1730.0,193.0,1909.0,459.0,1865.0,195.0,1966.0,478.0,1905.0,239.0,2134.0,508.0,2058.0,243.0,2198.0,517.0,2113.0,296.0,2370.0,585.0,2269.0,322.0,2423.0,608.0,2322.0,377.0,2611.0,682.0,2510.0,390.0,2671.0,707.0,2586.0,438.0,2857.0,767.0,2769.0,454.0,2926.0,785.0,2855.0,477.0,3100.0,826.0,3057.0,487.0,3157.0,829.0,3132.0,478.0,3371.0,847.0,3352.0
373.0,334.0,612.0,335.0,375.0,415.0,618.0,404.0,375.0,451.0,618.0,454.0,392.0,544.0,608.0,548.0,375.0,588.0,591.0,588.0,367.0,683.0,596.0,697.0,384.0,738.0,586.0,732.0,369.0,826.0,595.0,819.0,378.0,873.0,592.0,874.0,375.0,977.0,607.0,970.0,395.0,1025.0,592.0,1024.0,386.0,1125.0,604.0,1121.0,394.0,1170.0,592.0,1165.0,384.0,1273.0,604.0,1265.0,394.0,1314.0,592.0,1319.0,386.0,1419.0,603.0,1422.0,391.0,1468.0,591.0,1476.0,382.0,1580.0,590.0,1601.0,375.0,1617.0,578.0,1643.0,349.0,1725.0,568.0,1750.0,340.0,1779.0,557.0,1809.0,305.0,1895.0,543.0,1925.0,293.0,1949.0,543.0,1984.0,272.0,2074.0,541.0,2103.0,274.0,2131.0,537.0,2169.0,246.0,2257.0,512.0,2282.0,224.0,2328.0,515.0,2360.0,224.0,2463.0,497.0,2483.0,205.0,2538.0,495.0,2550.0,186.0,2665.0,499.0,2690.0,180.0,2757.0,492.0,2769.0,169.0,2899.0,494.0,2906.0,165.0,2992.0,500.0,3007.0,150.0,3137.0,505.0,3153.0
275.0,361.0,517.0,356.0,283.0,485.0,519.0,472.0,278.0,534.0,529.0,525.0,283.0,658.0,540.0,624.0,286.0,705.0,539.0,668.0,298.0,828.0,567.0,800.0,321.0,876.0,572.0,833.0,337.0,1018.0,613.0,972.0,362.0,1083.0,600.0,1035.0,382.0,1198.0,620.0,1173.0,390.0,1238.0,621.0,1230.0,388.0,1382.0,626.0,1396.0,385.0,1433.0,608.0,1441.0,365.0,1588.0,600.0,1603.0,370.0,1644.0,593.0,1647.0,352.0,1816.0,600.0,1801.0,346.0,1854.0,606.0,1849.0,347.0,2022.0,606.0,1997.0,344.0,2062.0,610.0,2054.0,337.0,2225.0,618.0,2224.0,352.0,2275.0,618.0,2280.0,326.0,2438.0,628.0,2452.0,327.0,2481.0,615.0,2509.0,293.0,2658.0,597.0,2693.0,288.0,2708.0,590.0,2750.0,256.0,2916.0,573.0,2942.0,237.0,2968.0,555.0,3008.0,204.0,3180.0,540.0,3208.0,179.0,3254.0,526.0,3271.0,177.0,3479.0,540.0,3470.0,161.0,3568.0,521.0,3570.0,161.0,3791.0,549.0,3759.0,162.0,3867.0,534.0,3850.0,187.0,4101.0,578.0,4055.0
287.0,305.0,515.0,296.0,295.0,411.0,532.0,401.0,294.0,444.0,526.0,437.0,301.0,569.0,556.0,536.0,305.0,616.0,546.0,585.0,328.0,756.0,565.0,725.0,341.0,792.0,562.0,758.0,347.0,912.0,583.0,871.0,371.0,948.0,595.0,929.0,372.0,1061.0,605.0,1061.0,382.0,1094.0,592.0,1096.0,366.0,1207.0,595.0,1223.0,361.0,1243.0,581.0,1264.0,338.0,1369.0,568.0,1405.0,333.0,1400.0,543.0,1444.0,309.0,1542.0,543.0,1584.0,311.0,1575.0,524.0,1609.0,267.0,1723.0,517.0,1756.0,273.0,1777.0,512.0,1787.0,265.0,1919.0,517.0,1906.0,267.0,1968.0,524.0,1942.0,297.0,2123.0,551.0,2071.0,300.0,2153.0,548.0,2120.0,308.0,2310.0,587.0,2277.0,333.0,2354.0,581.0,2310.0,347.0,2505.0,627.0,2459.0,350.0,2555.0,625.0,2519.0,378.0,2733.0,669.0,2709.0,372.0,2786.0,666.0,2777.0,385.0,2976.0,707.0,2967.0,386.0,3031.0,696.0,3047.0,363.0,3223.0,694.0,3253.0,369.0,3287.0,677.0,3341.0,301.0,3493.0,653.0,3556.0
282.0,191.0,507.0,173.0,285.0,259.0,517.0,267.0,286.0,333.0,519.0,319.0,298.0,431.0,520.0,414.0,291.0,472.0,532.0,462.0,308.0,576.0,541.0,556.0,317.0,602.0,524.0,596.0,317.0,709.0,533.0,705.0,322.0,745.0,508.0,755.0,311.0,856.0,507.0,863.0,304.0,888.0,499.0,908.0,280.0,998.0,464.0,1029.0,274.0,1029.0,455.0,1061.0,247.0,1145.0,433.0,1184.0,241.0,1171.0,435.0,1220.0,209.0,1306.0,411.0,1329.0,214.0,1335.0,398.0,1362.0,193.0,1477.0,410.0,1477.0,194.0,1506.0,401.0,1506.0,201.0,1654.0,415.0,1621.0,206.0,1688.0,404.0,1669.0,209.0,1830.0,422.0,1791.0,216.0,1867.0,423.0,1843.0,229.0,2010.0,458.0,1971.0,227.0,2046.0,472.0,2019.0,238.0,2207.0,494.0,2170.0,254.0,2255.0,507.0,2233.0,263.0,2433.0,541.0,2398.0,269.0,2476.0,542.0,2467.0,273.0,2658.0,559.0,2642.0,281.0,2716.0,563.0,2717.0,276.0,2892.0,568.0,2892.0,268.0,2960.0,565.0,2982.0,251.0,3157.0,564.0,3166.0
80.0,54.0,121.0,50.0,81.0,70.0,123.0,69.0,81.0,77.0,121.0,76.0,82.0,96.0,120.0,94.0,83.0,101.0,120.0,101.0,81.0,122.0,119.0,123.0,80.0,129.0,115.0,133.0,76.0,150.0,113.0,152.0,75.0,158.0,108.0,165.0,66.0,180.0,101.0,187.0,64.0,186.0,94.0,197.0,55.0,206.0,89.0,220.0,54.0,215.0,83.0,227.0,41.0,236.0,76.0,251.0,40.0,244.0,75.0,258.0,30.0,268.0,66.0,279.0,27.0,278.0,62.0,282.0,24.0,302.0,59.0,306.0,23.0,312.0,57.0,313.0,20.0,340.0,61.0,335.0,22.0,351.0,64.0,342.0,29.0,381.0,78.0,365.0,33.0,388.0,79.0,373.0,48.0,416.0,92.0,398.0,53.0,428.0,97.0,412.0,63.0,450.0,108.0,433.0,65.0,463.0,121.0,447.0,76.0,496.0,132.0,482.0,78.0,505.0,135.0,495.0,83.0,536.0,143.0,531.0,82.0,547.0,143.0,549.0,79.0,582.0,141.0,585.0,77.0,593.0,139.0,601.0,73.0,624.0,133.0,630.0
385.0,435.0,647.0,420.0,411.0,567.0,660.0,544.0,405.0,603.0,663.0,593.0,421.0,748.0,668.0,735.0,409.0,798.0,657.0,785.0,408.0,917.0,678.0,907.0,418.0,958.0,665.0,948.0,429.0,1090.0,690.0,1070.0,431.0,1152.0,662.0,1131.0,426.0,1272.0,690.0,1258.0,440.0,1315.0,683.0,1310.0,437.0,1464.0,685.0,1461.0,445.0,1504.0,677.0,1497.0,434.0,1662.0,686.0,1645.0,440.0,1702.0,681.0,1686.0,427.0,1851.0,703.0,1836.0,432.0,1899.0,701.0,1878.0,427.0,2049.0,711.0,2049.0,429.0,2083.0,694.0,2083.0,414.0,2241.0,707.0,2246.0,414.0,2277.0,699.0,2290.0,398.0,2450.0,698.0,2469.0,385.0,2494.0,694.0,2517.0,361.0,2686.0,703.0,2712.0,339.0,2740.0,696.0,2771.0,321.0,2948.0,694.0,2966.0,308.0,3007.0,694.0,3038.0,287.0,3224.0,685.0,3241.0,295.0,3302.0,681.0,3323.0,273.0,3527.0,691.0,3525.0,274.0,3606.0,688.0,3621.0,247.0,3838.0,698.0,3854.0,255.0,3929.0,683.0,3948.0,220.0,4155.0,685.0,4189.0
288.0,339.0,525.0,344.0,309.0,441.0,528.0,446.0,292.0,474.0,541.0,489.0,296.0,575.0,536.0,595.0,295.0,626.0,545.0,626.0,299.0,729.0,531.0,740.0,299.0,769.0,524.0,777.0,296.0,897.0,515.0,921.0,303.0,938.0,502.0,957.0,286.0,1056.0,493.0,1080.0,286.0,1084.0,484.0,1118.0,255.0,1188.0,454.0,1242.0,252.0,1218.0,442.0,1276.0,220.0,1340.0,409.0,1391.0,218.0,1375.0,392.0,1422.0,180.0,1521.0,388.0,1540.0,170.0,1555.0,391.0,1570.0,169.0,1697.0,385.0,1700.0,165.0,1737.0,381.0,1723.0,167.0,1883.0,396.0,1857.0,181.0,1919.0,394.0,1890.0,190.0,2048.0,433.0,2013.0,203.0,2096.0,440.0,2068.0,215.0,2253.0,478.0,2211.0,220.0,2297.0,460.0,2267.0,200.0,2440.0,504.0,2418.0,220.0,2493.0,497.0,2464.0,225.0,2670.0,542.0,2647.0,237.0,2715.0,538.0,2703.0,221.0,2898.0,563.0,2892.0,217.0,2956.0,553.0,2971.0,203.0,3134.0,549.0,3158.0,184.0,3219.0,545.0,3254.0,159.0,3411.0,526.0,3455.0
77.0,27.0,118.0,28.0,78.0,43.0,118.0,44.0,80.0,50.0,115.0,50.0,81.0,72.0,115.0,73.0,83.0,75.0,114.0,78.0,82.0,91.0,112.0,94.0,79.0,100.0,112.0,103.0,75.0,123.0,108.0,126.0,76.0,130.0,106.0,134.0,70.0,157.0,104.0,162.0,68.0,164.0,103.0,168.0,64.0,187.0,100.0,192.0,65.0,194.0,101.0,197.0,64.0,220.0,101.0,221.0,64.0,230.0,101.0,228.0,62.0,255.0,101.0,256.0,60.0,264.0,100.0,265.0,62.0,287.0,102.0,291.0,60.0,299.0,99.0,300.0,61.0,331.0,104.0,327.0,58.0,342.0,104.0,336.0,64.0,373.0,112.0,362.0,65.0,384.0,113.0,374.0,76.0,413.0,119.0,398.0,81.0,426.0,134.0,418.0,84.0,453.0,140.0,450.0,86.0,460.0,140.0,464.0,79.0,489.0,138.0,495.0,75.0,498.0,128.0,516.0,62.0,522.0,115.0,545.0,56.0,533.0,110.0,553.0,44.0,563.0,97.0,582.0,34.0,582.0,92.0,593.0,29.0,613.0,88.0,617.0
169.0,241.0,387.0,248.0,175.0,306.0,390.0,311.0,174.0,334.0,387.0,351.0,159.0,405.0,379.0,424.0,167.0,449.0,378.0,444.0,163.0,529.0,394.0,517.0,167.0,567.0,383.0,561.0,181.0,644.0,389.0,642.0,180.0,700.0,369.0,691.0,184.0,781.0,378.0,768.0,187.0,817.0,366.0,812.0,189.0,909.0,383.0,899.0,196.0,951.0,378.0,944.0,200.0,1042.0,383.0,1024.0,205.0,1091.0,376.0,1077.0,212.0,1172.0,390.0,1142.0,213.0,1218.0,386.0,1178.0,220.0,1317.0,418.0,1279.0,248.0,1360.0,426.0,1304.0,263.0,1436.0,452.0,1393.0,260.0,1502.0,473.0,1475.0,274.0,1572.0,476.0,1545.0,254.0,1628.0,493.0,1608.0,278.0,1724.0,518.0,1696.0,286.0,1768.0,515.0,1758.0,280.0,1868.0,533.0,1867.0,281.0,1920.0,553.0,1916.0,295.0,2027.0,535.0,2030.0,299.0,2075.0,565.0,2072.0,293.0,2193.0,564.0,2209.0,294.0,2277.0,539.0,2290.0,294.0,2390.0,535.0,2398.0,265.0,2467.0,552.0,2497.0,237.0,2611.0,547.0,2650.0
523.0,244.0,747.0,254.0,521.0,349.0,761.0,351.0,510.0,393.0,761.0,414.0,531.0,488.0,761.0,511.0,523.0,518.0,749.0,543.0,506.0,636.0,755.0,644.0,508.0,666.0,724.0,699.0,481.0,775.0,723.0,796.0,483.0,811.0,692.0,868.0,453.0,898.0,662.0,957.0,453.0,954.0,647.0,1016.0,405.0,1039.0,603.0,1119.0,388.0,1075.0,593.0,1157.0,344.0,1182.0,536.0,1263.0,327.0,1218.0,513.0,1294.0,253.0,1317.0,475.0,1400.0,238.0,1362.0,443.0,1436.0,186.0,1491.0,422.0,1549.0,181.0,1539.0,418.0,1579.0,173.0,1676.0,399.0,1687.0,167.0,1703.0,401.0,1722.0,158.0,1855.0,378.0,1839.0,162.0,1906.0,413.0,1875.0,171.0,2060.0,439.0,2001.0,192.0,2115.0,451.0,2056.0,223.0,2263.0,500.0,2183.0,238.0,2328.0,510.0,2248.0,299.0,2482.0,570.0,2398.0,306.0,2543.0,597.0,2461.0,354.0,2701.0,631.0,2621.0,363.0,2773.0,645.0,2699.0,394.0,2921.0,698.0,2855.0,405.0,2989.0,719.0,2936.0,432.0,3149.0,751.0,3113.0
548.0,151.0,820.0,171.0,556.0,263.0,807.0,286.0,538.0,315.0,800.0,337.0,538.0,446.0,775.0,486.0,501.0,493.0,742.0,536.0,469.0,601.0,705.0,661.0,459.0,654.0,690.0,717.0,417.0,787.0,647.0,863.0,406.0,824.0,626.0,903.0,365.0,963.0,566.0,1028.0,349.0,1005.0,566.0,1054.0,307.0,1156.0,532.0,1193.0,315.0,1195.0,532.0,1232.0,285.0,1351.0,524.0,1377.0,285.0,1400.0,529.0,1414.0,268.0,1544.0,519.0,1565.0,276.0,1581.0,500.0,1599.0,239.0,1751.0,514.0,1762.0,239.0,1807.0,500.0,1814.0,223.0,1956.0,503.0,1963.0,233.0,2008.0,517.0,2018.0,217.0,2176.0,513.0,2175.0,225.0,2239.0,521.0,2236.0,225.0,2441.0,537.0,2428.0,218.0,2504.0,551.0,2477.0,226.0,2711.0,579.0,2686.0,231.0,2771.0,576.0,2729.0,251.0,3001.0,610.0,2956.0,255.0,3049.0,606.0,2999.0,286.0,3269.0,648.0,3231.0,291.0,3349.0,652.0,3299.0,314.0,3582.0,707.0,3527.0,325.0,3648.0,702.0,3615.0,315.0,3886.0,733.0,3855.0
251.0,415.0,461.0,415.0,273.0,530.0,464.0,509.0,263.0,573.0,465.0,556.0,272.0,671.0,473.0,646.0,273.0,724.0,477.0,711.0,268.0,830.0,492.0,817.0,286.0,861.0,483.0,846.0,303.0,967.0,499.0,950.0,316.0,1000.0,494.0,996.0,295.0,1129.0,511.0,1111.0,312.0,1171.0,495.0,1172.0,290.0,1287.0,504.0,1281.0,294.0,1311.0,495.0,1310.0,277.0,1444.0,499.0,1456.0,278.0,1478.0,498.0,1478.0,278.0,1622.0,488.0,1620.0,281.0,1645.0,494.0,1652.0,284.0,1789.0,495.0,1774.0,294.0,1820.0,494.0,1806.0,284.0,1956.0,517.0,1936.0,297.0,1986.0,518.0,1980.0,280.0,2112.0,528.0,2137.0,277.0,2142.0,511.0,2164.0,246.0,2290.0,511.0,2327.0,241.0,2320.0,501.0,2374.0,199.0,2479.0,475.0,2535.0,177.0,2529.0,448.0,2600.0,131.0,2681.0,396.0,2751.0,102.0,2749.0,370.0,2792.0,88.0,2964.0,374.0,2970.0,78.0,3034.0,371.0,3006.0,104.0,3239.0,408.0,3178.0,121.0,3317.0,439.0,3252.0,183.0,3536.0,518.0,3402.0
439.0,165.0,643.0,164.0,450.0,280.0,661.0,261.0,436.0,328.0,670.0,297.0,462.0,429.0,681.0,400.0,453.0,464.0,692.0,435.0,466.0,561.0,688.0,551.0,472.0,595.0,679.0,584.0,470.0,713.0,678.0,714.0,470.0,756.0,677.0,758.0,487.0,867.0,675.0,881.0,476.0,905.0,677.0,928.0,453.0,1015.0,654.0,1061.0,449.0,1039.0,640.0,1081.0,406.0,1153.0,598.0,1216.0,398.0,1181.0,584.0,1245.0,348.0,1303.0,538.0,1360.0,339.0,1330.0,524.0,1390.0,289.0,1438.0,484.0,1514.0,278.0,1485.0,472.0,1543.0,233.0,1620.0,438.0,1675.0,230.0,1662.0,441.0,1700.0,182.0,1806.0,431.0,1832.0,189.0,1841.0,422.0,1861.0,172.0,2009.0,432.0,1995.0,172.0,2040.0,441.0,2032.0,167.0,2217.0,472.0,2189.0,172.0,2261.0,484.0,2229.0,189.0,2466.0,507.0,2407.0,191.0,2515.0,514.0,2459.0,219.0,2712.0,559.0,2651.0,220.0,2778.0,568.0,2712.0,258.0,2962.0,606.0,2903.0,258.0,3038.0,612.0,2990.0,279.0,3234.0,644.0,3191.0
55.0,26.0,104.0,29.0,55.0,46.0,103.0,48.0,58.0,56.0,104.0,57.0,60.0,80.0,103.0,79.0,61.0,90.0,104.0,89.0,60.0,111.0,104.0,114.0,60.0,121.0,101.0,122.0,62.0,149.0,102.0,151.0,60.0,159.0,99.0,162.0,61.0,182.0,100.0,181.0,55.0,193.0,98.0,196.0,60.0,221.0,99.0,219.0,59.0,236.0,103.0,228.0,61.0,263.0,106.0,254.0,61.0,274.0,109.0,265.0,66.0,302.0,112.0,293.0,68.0,311.0,115.0,301.0,73.0,340.0,123.0,329.0,78.0,357.0,127.0,340.0,86.0,380.0,136.0,367.0,93.0,399.0,144.0,388.0,105.0,425.0,149.0,415.0,108.0,438.0,157.0,429.0,118.0,465.0,166.0,460.0,117.0,480.0,178.0,471.0,114.0,502.0,183.0,493.0,120.0,513.0,186.0,508.0,123.0,536.0,189.0,543.0,114.0,544.0,180.0,564.0,104.0,567.0,165.0,595.0,92.0,580.0,156.0,605.0,65.0,608.0,134.0,640.0,59.0,624.0,130.0,643.0,48.0,655.0,125.0,665.0
494.0,384.0,735.0,381.0,504.0,478.0,735.0,476.0,506.0,520.0,746.0,520.0,522.0,631.0,739.0,630.0,531.0,669.0,743.0,680.0,510.0,779.0,737.0,806.0,519.0,817.0,706.0,859.0,472.0,916.0,685.0,974.0,468.0,969.0,647.0,1019.0,398.0,1068.0,622.0,1140.0,378.0,1086.0,578.0,1184.0,324.0,1223.0,539.0,1299.0,297.0,1268.0,533.0,1344.0,250.0,1407.0,494.0,1456.0,252.0,1440.0,492.0,1488.0,216.0,1598.0,465.0,1620.0,201.0,1644.0,474.0,1656.0,212.0,1810.0,490.0,1804.0,208.0,1855.0,492.0,1837.0,234.0,2004.0,510.0,1977.0,237.0,2080.0,512.0,2019.0,272.0,2219.0,551.0,2156.0,272.0,2262.0,553.0,2223.0,286.0,2414.0,605.0,2362.0,293.0,2463.0,598.0,2430.0,293.0,2638.0,634.0,2609.0,302.0,2681.0,642.0,2667.0,302.0,2883.0,679.0,2869.0,301.0,2944.0,667.0,2930.0,299.0,3132.0,699.0,3125.0,322.0,3212.0,692.0,3217.0,273.0,3385.0,694.0,3424.0,279.0,3468.0,674.0,3511.0,223.0,3659.0,649.0,3719.0
315.0,475.0,527.0,483.0,313.0,567.0,508.0,578.0,294.0,602.0,516.0,607.0,312.0,707.0,517.0,713.0,299.0,753.0,501.0,759.0,284.0,849.0,504.0,849.0,287.0,891.0,493.0,882.0,286.0,989.0,506.0,986.0,289.0,1035.0,501.0,1032.0,287.0,1141.0,509.0,1141.0,294.0,1198.0,508.0,1183.0,310.0,1312.0,509.0,1306.0,320.0,1342.0,508.0,1340.0,305.0,1469.0,519.0,1462.0,317.0,1503.0,500.0,1505.0,296.0,1642.0,508.0,1634.0,305.0,1673.0,501.0,1678.0,297.0,1813.0,506.0,1812.0,299.0,1851.0,511.0,1861.0,292.0,1981.0,501.0,1996.0,291.0,2017.0,500.0,2030.0,256.0,2161.0,500.0,2169.0,263.0,2203.0,491.0,2215.0,243.0,2358.0,500.0,2363.0,237.0,2409.0,511.0,2409.0,238.0,2583.0,509.0,2583.0,248.0,2636.0,493.0,2634.0,238.0,2830.0,513.0,2815.0,234.0,2897.0,521.0,2889.0,237.0,3083.0,540.0,3078.0,229.0,3156.0,531.0,3133.0,240.0,3344.0,555.0,3323.0,234.0,3424.0,563.0,3403.0,248.0,3608.0,568.0,3594.0
192.0,262.0,405.0,242.0,199.0,322.0,415.0,311.0,199.0,361.0,418.0,339.0,205.0,446.0,429.0,420.0,219.0,479.0,422.0,448.0,225.0,567.0,430.0,540.0,231.0,591.0,439.0,573.0,247.0,677.0,443.0,663.0,252.0,699.0,447.0,701.0,259.0,803.0,446.0,802.0,255.0,827.0,440.0,844.0,242.0,931.0,422.0,955.0,235.0,972.0,418.0,1005.0,217.0,1061.0,391.0,1101.0,203.0,1101.0,381.0,1148.0,175.0,1186.0,349.0,1240.0,154.0,1227.0,341.0,1286.0,137.0,1328.0,311.0,1367.0,125.0,1370.0,313.0,1411.0,90.0,1481.0,300.0,1502.0,91.0,1531.0,293.0,1533.0,80.0,1644.0,290.0,1642.0,70.0,1703.0,287.0,1673.0,78.0,1816.0,310.0,1787.0,90.0,1875.0,321.0,1818.0,134.0,2000.0,363.0,1933.0,143.0,2062.0,370.0,1992.0,188.0,2188.0,423.0,2102.0,217.0,2251.0,447.0,2153.0,276.0,2377.0,510.0,2275.0,289.0,2432.0,541.0,2346.0,338.0,2567.0,609.0,2481.0,366.0,2621.0,627.0,2563.0,386.0,2758.0,668.0,2700.0
226.0,332.0,445.0,316.0,248.0,399.0,457.0,360.0,249.0,435.0,457.0,410.0,277.0,492.0,457.0,476.0,269.0,546.0,474.0,520.0,278.0,618.0,474.0,599.0,284.0,652.0,473.0,636.0,300.0,747.0,465.0,739.0,288.0,783.0,471.0,767.0,300.0,886.0,490.0,884.0,298.0,922.0,477.0,915.0,308.0,1007.0,478.0,1011.0,307.0,1059.0,474.0,1047.0,310.0,1152.0,489.0,1142.0,307.0,1193.0,486.0,1190.0,304.0,1286.0,493.0,1269.0,308.0,1327.0,497.0,1325.0,316.0,1418.0,500.0,1413.0,317.0,1465.0,512.0,1472.0,311.0,1557.0,496.0,1565.0,304.0,1605.0,506.0,1619.0,284.0,1700.0,506.0,1723.0,290.0,1755.0,506.0,1769.0,269.0,1872.0,504.0,1879.0,258.0,1908.0,504.0,1932.0,241.0,2037.0,491.0,2052.0,232.0,2086.0,473.0,2107.0,220.0,2210.0,464.0,2223.0,200.0,2274.0,457.0,2287.0,189.0,2405.0,461.0,2414.0,173.0,2496.0,452.0,2503.0,163.0,2607.0,445.0,2628.0,156.0,2697.0,437.0,2708.0,140.0,2839.0,440.0,2855.0
84.0,53.0,127.0,51.0,82.0,65.0,125.0,65.0,82.0,75.0,125.0,73.0,84.0,92.0,125.0,92.0,83.0,101.0,126.0,98.0,87.0,116.0,125.0,114.0,91.0,125.0,123.0,121.0,93.0,138.0,127.0,137.0,93.0,146.0,127.0,147.0,96.0,165.0,128.0,169.0,94.0,174.0,125.0,185.0,83.0,197.0,118.0,210.0,79.0,201.0,117.0,217.0,65.0,222.0,107.0,242.0,61.0,229.0,100.0,248.0,49.0,250.0,88.0,267.0,43.0,260.0,84.0,274.0,37.0,288.0,80.0,292.0,37.0,299.0,78.0,299.0,38.0,325.0,79.0,321.0,43.0,339.0,80.0,328.0,52.0,366.0,96.0,351.0,57.0,375.0,96.0,358.0,68.0,404.0,110.0,382.0,73.0,411.0,116.0,394.0,80.0,440.0,125.0,419.0,80.0,448.0,132.0,438.0,88.0,479.0,140.0,474.0,87.0,488.0,140.0,488.0,83.0,524.0,142.0,526.0,83.0,532.0,144.0,541.0,75.0,570.0,141.0,582.0,73.0,581.0,135.0,595.0,63.0,619.0,130.0,633.0
488.0,755.0,687.0,669.0,512.0,837.0,721.0,777.0,527.0,880.0,723.0,811.0,549.0,951.0,747.0,921.0,545.0,992.0,757.0,969.0,560.0,1073.0,773.0,1051.0,557.0,1121.0,770.0,1097.0,558.0,1221.0,778.0,1214.0,558.0,1251.0,781.0,1257.0,543.0,1363.0,761.0,1363.0,539.0,1417.0,758.0,1404.0,549.0,1498.0,727.0,1506.0,557.0,1533.0,741.0,1537.0,555.0,1643.0,738.0,1663.0,554.0,1675.0,744.0,1688.0,534.0,1823.0,717.0,1844.0,515.0,1877.0,688.0,1910.0,477.0,1984.0,673.0,2023.0,480.0,2049.0,678.0,2083.0,461.0,2180.0,667.0,2210.0,449.0,2207.0,649.0,2246.0,419.0,2355.0,630.0,2393.0,407.0,2399.0,622.0,2424.0,371.0,2551.0,609.0,2581.0,371.0,2587.0,601.0,2617.0,332.0,2755.0,594.0,2789.0,326.0,2798.0,583.0,2825.0,293.0,2976.0,568.0,3015.0,284.0,3021.0,570.0,3076.0,239.0,3227.0,537.0,3283.0,226.0,3280.0,533.0,3320.0,177.0,3495.0,518.0,3536.0,186.0,3557.0,513.0,3579.0,153.0,3763.0,519.0,3777.0
368.0,327.0,588.0,305.0,385.0,418.0,598.0,407.0,388.0,440.0,591.0,434.0,398.0,535.0,605.0,529.0,398.0,560.0,607.0,555.0,416.0,681.0,612.0,670.0,413.0,719.0,611.0,700.0,440.0,816.0,614.0,824.0,438.0,860.0,607.0,857.0,449.0,989.0,626.0,981.0,440.0,1030.0,634.0,1016.0,435.0,1151.0,638.0,1150.0,442.0,1194.0,643.0,1191.0,439.0,1327.0,642.0,1320.0,443.0,1360.0,636.0,1353.0,435.0,1485.0,645.0,1479.0,436.0,1513.0,639.0,1513.0,442.0,1652.0,656.0,1650.0,432.0,1677.0,649.0,1688.0,413.0,1819.0,656.0,1827.0,416.0,1841.0,652.0,1858.0,396.0,1987.0,636.0,2016.0,396.0,2023.0,635.0,2051.0,361.0,2178.0,618.0,2212.0,352.0,2212.0,615.0,2263.0,300.0,2395.0,582.0,2431.0,293.0,2448.0,578.0,2480.0,263.0,2621.0,551.0,2652.0,244.0,2686.0,557.0,2703.0,232.0,2886.0,545.0,2885.0,227.0,2974.0,550.0,2947.0,239.0,3186.0,578.0,3143.0,246.0,3275.0,604.0,3227.0,290.0,3449.0,628.0,3405.0
266.0,573.0,461.0,492.0,308.0,653.0,514.0,590.0,310.0,733.0,522.0,629.0,345.0,818.0,563.0,747.0,345.0,871.0,570.0,786.0,403.0,950.0,607.0,879.0,409.0,988.0,617.0,920.0,451.0,1107.0,655.0,1037.0,468.0,1153.0,661.0,1085.0,507.0,1263.0,701.0,1195.0,520.0,1328.0,734.0,1258.0,543.0,1450.0,770.0,1396.0,556.0,1518.0,780.0,1469.0,570.0,1655.0,811.0,1574.0,571.0,1708.0,796.0,1647.0,600.0,1822.0,819.0,1761.0,627.0,1875.0,831.0,1790.0,694.0,1988.0,906.0,1888.0,723.0,2039.0,913.0,1917.0,784.0,2168.0,989.0,2031.0,828.0,2204.0,1006.0,2050.0,935.0,2325.0,1112.0,2174.0,966.0,2367.0,1135.0,2191.0,1086.0,2488.0,1266.0,2303.0,1117.0,2522.0,1305.0,2328.0,1219.0,2649.0,1450.0,2439.0,1258.0,2680.0,1516.0,2503.0,1358.0,2816.0,1603.0,2666.0,1383.0,2856.0,1638.0,2758.0,1429.0,3031.0,1708.0,2919.0,1475.0,3087.0,1738.0,3013.0,1502.0,3269.0,1791.0,3198.0,1502.0,3344.0,1803.0,3276.0,1504.0,3577.0,1817.0,3524.0
588.0,368.0,782.0,363.0,583.0,460.0,788.0,447.0,570.0,497.0,788.0,481.0,588.0,572.0,799.0,565.0,566.0,610.0,789.0,621.0,578.0,735.0,769.0,746.0,588.0,770.0,760.0,769.0,590.0,871.0,758.0,878.0,584.0,895.0,740.0,902.0,566.0,1014.0,741.0,1028.0,566.0,1047.0,731.0,1061.0,570.0,1170.0,724.0,1182.0,564.0,1193.0,722.0,1211.0,549.0,1316.0,706.0,1343.0,540.0,1356.0,703.0,1384.0,511.0,1477.0,675.0,1512.0,504.0,1510.0,668.0,1541.0,476.0,1651.0,656.0,1683.0,466.0,1682.0,639.0,1718.0,427.0,1826.0,619.0,1861.0,434.0,1856.0,613.0,1887.0,403.0,2009.0,615.0,2030.0,415.0,2064.0,604.0,2057.0,391.0,2224.0,626.0,2220.0,396.0,2267.0,630.0,2249.0,400.0,2447.0,670.0,2409.0,411.0,2487.0,665.0,2453.0,425.0,2672.0,713.0,2640.0,435.0,2721.0,729.0,2718.0,438.0,2897.0,730.0,2898.0,436.0,2947.0,730.0,2968.0,421.0,3124.0,696.0,3176.0,394.0,3187.0,681.0,3248.0,334.0,3376.0,630.0,3457.0
468.0,184.0,730.0,174.0,476.0,293.0,741.0,276.0,459.0,365.0,716.0,347.0,481.0,471.0,727.0,452.0,489.0,531.0,735.0,522.0,491.0,644.0,736.0,652.0,494.0,692.0,717.0,707.0,486.0,815.0,717.0,842.0,479.0,861.0,708.0,901.0,441.0,979.0,681.0,1031.0,432.0,1011.0,649.0,1077.0,384.0,1126.0,600.0,1215.0,360.0,1176.0,575.0,1260.0,313.0,1296.0,537.0,1388.0,306.0,1341.0,516.0,1426.0,221.0,1487.0,492.0,1590.0,206.0,1545.0,452.0,1602.0,164.0,1702.0,410.0,1729.0,151.0,1761.0,441.0,1766.0,141.0,1912.0,446.0,1891.0,146.0,1972.0,438.0,1920.0,176.0,2144.0,475.0,2075.0,179.0,2196.0,475.0,2128.0,205.0,2382.0,530.0,2294.0,233.0,2444.0,532.0,2361.0,287.0,2636.0,611.0,2556.0,319.0,2683.0,646.0,2613.0,356.0,2920.0,708.0,2821.0,375.0,2966.0,724.0,2910.0,419.0,3171.0,762.0,3137.0,414.0,3240.0,767.0,3240.0,391.0,3450.0,781.0,3464.0,397.0,3534.0,763.0,3583.0,327.0,3743.0,740.0,3797.0
414.0,313.0,669.0,302.0,428.0,387.0,664.0,371.0,431.0,417.0,660.0,402.0,434.0,530.0,661.0,525.0,443.0,548.0,664.0,552.0,435.0,650.0,640.0,669.0,451.0,689.0,637.0,697.0,441.0,812.0,633.0,824.0,450.0,841.0,615.0,851.0,433.0,965.0,607.0,978.0,433.0,1008.0,602.0,1014.0,411.0,1145.0,633.0,1140.0,418.0,1181.0,622.0,1165.0,425.0,1309.0,641.0,1294.0,421.0,1356.0,637.0,1329.0,443.0,1490.0,658.0,1458.0,454.0,1533.0,667.0,1496.0,470.0,1658.0,694.0,1627.0,471.0,1703.0,694.0,1677.0,477.0,1828.0,727.0,1805.0,482.0,1874.0,716.0,1860.0,480.0,2018.0,735.0,2015.0,467.0,2062.0,736.0,2077.0,448.0,2215.0,733.0,2229.0,447.0,2267.0,719.0,2291.0,427.0,2452.0,733.0,2474.0,418.0,2508.0,722.0,2524.0,387.0,2704.0,720.0,2714.0,387.0,2766.0,723.0,2780.0,368.0,2966.0,725.0,2973.0,375.0,3042.0,723.0,3049.0,349.0,3235.0,717.0,3249.0,356.0,3315.0,719.0,3338.0,323.0,3534.0,717.0,3541.0
412.0,441.0,630.0,455.0,398.0,542.0,621.0,551.0,402.0,591.0,624.0,592.0,402.0,688.0,627.0,698.0,398.0,731.0,605.0,747.0,390.0,827.0,591.0,846.0,413.0,868.0,583.0,890.0,377.0,961.0,579.0,995.0,376.0,1016.0,562.0,1038.0,361.0,1106.0,552.0,1146.0,360.0,1139.0,530.0,1168.0,324.0,1246.0,510.0,1286.0,320.0,1282.0,505.0,1315.0,283.0,1396.0,483.0,1427.0,290.0,1437.0,477.0,1456.0,275.0,1570.0,483.0,1577.0,275.0,1604.0,471.0,1611.0,268.0,1736.0,488.0,1726.0,281.0,1774.0,480.0,1764.0,280.0,1910.0,508.0,1882.0,291.0,1949.0,505.0,1921.0,301.0,2095.0,535.0,2067.0,306.0,2133.0,528.0,2100.0,312.0,2280.0,571.0,2252.0,307.0,2337.0,586.0,2309.0,318.0,2503.0,615.0,2466.0,320.0,2553.0,621.0,2529.0,325.0,2734.0,637.0,2708.0,334.0,2787.0,635.0,2779.0,328.0,2974.0,650.0,2975.0,329.0,3035.0,647.0,3049.0,310.0,3233.0,650.0,3240.0,310.0,3304.0,649.0,3318.0,280.0,3501.0,646.0,3521.0
393.0,178.0,615.0,141.0,421.0,272.0,647.0,248.0,432.0,315.0,643.0,304.0,446.0,414.0,650.0,397.0,457.0,449.0,650.0,441.0,459.0,554.0,662.0,534.0,476.0,581.0,662.0,586.0,473.0,706.0,660.0,704.0,481.0,750.0,651.0,752.0,466.0,867.0,658.0,878.0,457.0,908.0,648.0,922.0,443.0,1036.0,643.0,1058.0,438.0,1074.0,623.0,1085.0,411.0,1206.0,615.0,1231.0,414.0,1240.0,608.0,1261.0,382.0,1382.0,597.0,1403.0,388.0,1422.0,593.0,1435.0,371.0,1564.0,583.0,1590.0,371.0,1606.0,579.0,1626.0,371.0,1758.0,595.0,1757.0,374.0,1806.0,591.0,1783.0,371.0,1963.0,618.0,1933.0,375.0,2002.0,614.0,1966.0,385.0,2181.0,660.0,2135.0,392.0,2230.0,675.0,2172.0,418.0,2401.0,708.0,2370.0,414.0,2433.0,721.0,2423.0,417.0,2617.0,735.0,2609.0,403.0,2662.0,731.0,2686.0,377.0,2843.0,711.0,2892.0,361.0,2896.0,704.0,2988.0,297.0,3069.0,643.0,3174.0,276.0,3146.0,615.0,3239.0,197.0,3331.0,566.0,3437.0
468.0,412.0,675.0,420.0,460.0,489.0,680.0,490.0,450.0,539.0,683.0,551.0,455.0,621.0,673.0,638.0,441.0,683.0,678.0,688.0,447.0,806.0,661.0,816.0,440.0,848.0,658.0,864.0,440.0,948.0,649.0,975.0,430.0,999.0,621.0,1027.0,411.0,1108.0,616.0,1139.0,410.0,1139.0,597.0,1175.0,371.0,1245.0,576.0,1304.0,368.0,1284.0,567.0,1334.0,332.0,1408.0,532.0,1455.0,331.0,1450.0,530.0,1483.0,297.0,1577.0,504.0,1621.0,294.0,1607.0,495.0,1646.0,269.0,1760.0,478.0,1757.0,259.0,1805.0,483.0,1810.0,259.0,1943.0,502.0,1936.0,267.0,1991.0,507.0,1971.0,275.0,2144.0,530.0,2107.0,286.0,2186.0,542.0,2142.0,314.0,2334.0,579.0,2270.0,324.0,2384.0,582.0,2303.0,368.0,2545.0,644.0,2441.0,374.0,2573.0,654.0,2513.0,410.0,2750.0,712.0,2684.0,418.0,2793.0,723.0,2753.0,443.0,2988.0,767.0,2946.0,445.0,3038.0,775.0,3035.0,438.0,3231.0,785.0,3209.0,436.0,3278.0,765.0,3316.0,413.0,3483.0,767.0,3516.0
1134.0,77.0,1314.0,164.0,1089.0,149.0,1277.0,229.0,1071.0,221.0,1257.0,292.0,1043.0,295.0,1219.0,362.0,1007.0,352.0,1208.0,435.0,974.0,439.0,1174.0,516.0,950.0,475.0,1151.0,553.0,935.0,568.0,1112.0,655.0,909.0,607.0,1076.0,699.0,848.0,707.0,1018.0,797.0,829.0,740.0,991.0,834.0,773.0,834.0,925.0,942.0,749.0,862.0,896.0,967.0,662.0,970.0,819.0,1063.0,632.0,1001.0,789.0,1094.0,554.0,1116.0,729.0,1215.0,539.0,1157.0,714.0,1230.0,482.0,1299.0,677.0,1367.0,471.0,1340.0,655.0,1392.0,436.0,1485.0,655.0,1521.0,433.0,1529.0,647.0,1552.0,412.0,1685.0,652.0,1688.0,417.0,1735.0,650.0,1739.0,404.0,1889.0,673.0,1887.0,408.0,1936.0,664.0,1943.0,392.0,2093.0,672.0,2118.0,402.0,2151.0,657.0,2188.0,355.0,2324.0,647.0,2365.0,348.0,2378.0,623.0,2440.0,278.0,2551.0,598.0,2622.0,256.0,2625.0,565.0,2693.0,214.0,2803.0,529.0,2883.0,201.0,2917.0,503.0,2953.0,152.0,3094.0,494.0,3127.0
362.0,113.0,561.0,113.0,375.0,209.0,564.0,217.0,359.0,234.0,568.0,244.0,364.0,346.0,567.0,337.0,352.0,373.0,567.0,373.0,355.0,481.0,563.0,485.0,363.0,510.0,547.0,515.0,343.0,602.0,547.0,614.0,350.0,635.0,535.0,648.0,342.0,764.0,529.0,773.0,340.0,804.0,521.0,805.0,328.0,921.0,540.0,920.0,343.0,949.0,527.0,946.0,344.0,1078.0,536.0,1074.0,348.0,1101.0,533.0,1109.0,346.0,1240.0,539.0,1247.0,342.0,1271.0,527.0,1280.0,338.0,1407.0,536.0,1407.0,335.0,1447.0,540.0,1443.0,331.0,1569.0,547.0,1572.0,338.0,1613.0,531.0,1612.0,334.0,1735.0,535.0,1743.0,334.0,1781.0,539.0,1774.0,327.0,1919.0,567.0,1906.0,339.0,1974.0,559.0,1956.0,330.0,2124.0,605.0,2100.0,336.0,2169.0,605.0,2164.0,356.0,2346.0,617.0,2324.0,348.0,2389.0,626.0,2394.0,375.0,2566.0,640.0,2543.0,356.0,2619.0,641.0,2620.0,346.0,2787.0,645.0,2797.0,340.0,2864.0,644.0,2894.0,308.0,3035.0,628.0,3069.0
349.0,616.0,557.0,623.0,338.0,725.0,552.0,722.0,332.0,778.0,549.0,780.0,340.0,868.0,548.0,863.0,319.0,922.0,552.0,910.0,326.0,1004.0,552.0,980.0,332.0,1053.0,557.0,1029.0,375.0,1173.0,574.0,1138.0,388.0,1214.0,583.0,1185.0,410.0,1353.0,604.0,1300.0,423.0,1399.0,611.0,1369.0,437.0,1508.0,622.0,1488.0,438.0,1557.0,649.0,1552.0,420.0,1713.0,655.0,1708.0,416.0,1743.0,654.0,1740.0,422.0,1924.0,655.0,1907.0,414.0,1988.0,669.0,1974.0,416.0,2139.0,719.0,2124.0,419.0,2173.0,712.0,2162.0,419.0,2340.0,713.0,2341.0,422.0,2384.0,713.0,2379.0,404.0,2549.0,707.0,2551.0,402.0,2587.0,704.0,2598.0,387.0,2769.0,704.0,2789.0,390.0,2797.0,699.0,2818.0,366.0,3008.0,683.0,3032.0,363.0,3042.0,686.0,3071.0,334.0,3252.0,678.0,3270.0,334.0,3297.0,671.0,3323.0,316.0,3502.0,648.0,3530.0,299.0,3551.0,651.0,3564.0,281.0,3789.0,646.0,3786.0,281.0,3853.0,662.0,3848.0,275.0,4091.0,660.0,4087.0
88.0,45.0,126.0,48.0,86.0,64.0,124.0,68.0,84.0,71.0,122.0,74.0,82.0,89.0,120.0,93.0,82.0,94.0,117.0,99.0,79.0,116.0,115.0,120.0,80.0,125.0,113.0,127.0,76.0,144.0,112.0,148.0,77.0,150.0,110.0,155.0,73.0,171.0,108.0,179.0,73.0,176.0,105.0,183.0,67.0,201.0,103.0,207.0,66.0,206.0,101.0,214.0,60.0,230.0,95.0,237.0,58.0,236.0,93.0,241.0,56.0,262.0,93.0,264.0,54.0,269.0,93.0,268.0,53.0,293.0,93.0,293.0,54.0,301.0,91.0,300.0,54.0,329.0,96.0,327.0,57.0,336.0,97.0,332.0,56.0,367.0,104.0,361.0,59.0,373.0,104.0,366.0,60.0,407.0,112.0,398.0,62.0,413.0,112.0,406.0,67.0,439.0,116.0,434.0,68.0,451.0,119.0,448.0,69.0,485.0,124.0,479.0,68.0,492.0,126.0,494.0,63.0,525.0,126.0,529.0,65.0,537.0,124.0,540.0,60.0,571.0,122.0,577.0,57.0,583.0,119.0,587.0,54.0,605.0,117.0,609.0
532.0,177.0,781.0,186.0,541.0,264.0,760.0,274.0,537.0,299.0,753.0,306.0,540.0,390.0,752.0,402.0,538.0,433.0,731.0,436.0,537.0,520.0,725.0,535.0,534.0,589.0,702.0,608.0,529.0,720.0,687.0,739.0,522.0,766.0,672.0,786.0,504.0,885.0,674.0,898.0,498.0,925.0,666.0,941.0,469.0,1051.0,651.0,1070.0,467.0,1087.0,647.0,1098.0,459.0,1231.0,647.0,1235.0,462.0,1260.0,650.0,1265.0,448.0,1413.0,657.0,1410.0,448.0,1440.0,654.0,1444.0,456.0,1593.0,663.0,1593.0,456.0,1627.0,660.0,1622.0,447.0,1783.0,682.0,1768.0,469.0,1814.0,668.0,1806.0,472.0,1981.0,685.0,1962.0,479.0,2015.0,697.0,1993.0,490.0,2196.0,727.0,2152.0,498.0,2232.0,732.0,2202.0,522.0,2426.0,775.0,2392.0,529.0,2472.0,793.0,2433.0,540.0,2657.0,827.0,2638.0,554.0,2704.0,843.0,2694.0,559.0,2898.0,847.0,2891.0,562.0,2956.0,853.0,2984.0,528.0,3153.0,841.0,3193.0,520.0,3230.0,815.0,3274.0,470.0,3443.0,794.0,3506.0
607.0,471.0,845.0,442.0,625.0,576.0,865.0,541.0,624.0,620.0,874.0,587.0,628.0,715.0,881.0,692.0,627.0,761.0,869.0,737.0,652.0,861.0,878.0,834.0,658.0,900.0,878.0,894.0,658.0,1030.0,875.0,1022.0,655.0,1052.0,856.0,1067.0,640.0,1171.0,857.0,1189.0,646.0,1203.0,839.0,1235.0,613.0,1334.0,825.0,1363.0,610.0,1411.0,810.0,1446.0,578.0,1524.0,788.0,1551.0,550.0,1559.0,782.0,1601.0,521.0,1699.0,770.0,1729.0,530.0,1752.0,765.0,1774.0,506.0,1907.0,752.0,1934.0,515.0,1952.0,747.0,1972.0,515.0,2122.0,758.0,2116.0,500.0,2158.0,746.0,2155.0,500.0,2332.0,764.0,2309.0,504.0,2380.0,771.0,2363.0,511.0,2555.0,797.0,2514.0,512.0,2604.0,809.0,2567.0,532.0,2787.0,847.0,2754.0,533.0,2847.0,850.0,2828.0,518.0,3028.0,869.0,3020.0,526.0,3105.0,863.0,3111.0,509.0,3263.0,860.0,3295.0,489.0,3331.0,848.0,3396.0,449.0,3524.0,809.0,3593.0,438.0,3602.0,786.0,3677.0,391.0,3806.0,771.0,3866.0
279.0,141.0,489.0,128.0,281.0,258.0,500.0,240.0,279.0,300.0,495.0,285.0,296.0,429.0,509.0,413.0,299.0,458.0,503.0,443.0,300.0,588.0,513.0,566.0,309.0,623.0,504.0,612.0,311.0,761.0,519.0,742.0,329.0,785.0,515.0,781.0,315.0,925.0,506.0,929.0,321.0,946.0,501.0,959.0,293.0,1091.0,489.0,1109.0,300.0,1117.0,473.0,1135.0,288.0,1274.0,486.0,1280.0,297.0,1304.0,476.0,1313.0,281.0,1465.0,486.0,1456.0,288.0,1508.0,476.0,1492.0,284.0,1655.0,525.0,1633.0,291.0,1712.0,524.0,1675.0,308.0,1873.0,567.0,1831.0,329.0,1913.0,555.0,1864.0,353.0,2069.0,617.0,2014.0,375.0,2134.0,629.0,2048.0,413.0,2302.0,687.0,2227.0,423.0,2335.0,710.0,2285.0,465.0,2524.0,755.0,2476.0,461.0,2554.0,770.0,2556.0,456.0,2751.0,777.0,2761.0,443.0,2797.0,755.0,2868.0,401.0,2997.0,717.0,3069.0,378.0,3043.0,678.0,3174.0,296.0,3250.0,615.0,3381.0,260.0,3313.0,570.0,3403.0,194.0,3504.0,507.0,3565.0
417.0,361.0,627.0,362.0,417.0,451.0,636.0,452.0,413.0,503.0,627.0,497.0,401.0,611.0,616.0,614.0,402.0,655.0,610.0,652.0,405.0,761.0,619.0,769.0,417.0,805.0,615.0,810.0,414.0,920.0,609.0,927.0,416.0,951.0,598.0,969.0,393.0,1071.0,577.0,1103.0,392.0,1100.0,576.0,1133.0,362.0,1247.0,550.0,1277.0,356.0,1278.0,552.0,1308.0,335.0,1421.0,528.0,1446.0,333.0,1445.0,526.0,1467.0,305.0,1587.0,510.0,1596.0,308.0,1622.0,523.0,1640.0,285.0,1779.0,517.0,1780.0,284.0,1812.0,519.0,1815.0,284.0,1968.0,525.0,1956.0,287.0,2010.0,526.0,1999.0,288.0,2172.0,538.0,2146.0,294.0,2226.0,559.0,2194.0,302.0,2395.0,586.0,2347.0,311.0,2452.0,580.0,2404.0,327.0,2632.0,624.0,2568.0,338.0,2678.0,631.0,2653.0,350.0,2861.0,667.0,2828.0,360.0,2938.0,678.0,2926.0,356.0,3116.0,694.0,3100.0,359.0,3193.0,691.0,3209.0,338.0,3377.0,694.0,3397.0,327.0,3463.0,673.0,3488.0,300.0,3680.0,673.0,3699.0
451.0,327.0,672.0,300.0,453.0,423.0,694.0,396.0,451.0,479.0,705.0,442.0,468.0,592.0,728.0,579.0,468.0,632.0,704.0,623.0,478.0,741.0,719.0,753.0,483.0,775.0,705.0,802.0,470.0,888.0,687.0,924.0,464.0,926.0,685.0,981.0,415.0,1026.0,630.0,1101.0,410.0,1062.0,602.0,1139.0,327.0,1171.0,547.0,1259.0,327.0,1222.0,538.0,1291.0,262.0,1352.0,481.0,1427.0,243.0,1397.0,466.0,1452.0,211.0,1548.0,424.0,1578.0,201.0,1593.0,419.0,1610.0,196.0,1753.0,415.0,1744.0,193.0,1791.0,419.0,1780.0,205.0,1959.0,463.0,1919.0,213.0,1997.0,467.0,1952.0,247.0,2169.0,525.0,2109.0,261.0,2211.0,526.0,2140.0,305.0,2372.0,576.0,2283.0,321.0,2427.0,608.0,2356.0,366.0,2612.0,677.0,2549.0,368.0,2656.0,677.0,2585.0,401.0,2864.0,740.0,2791.0,410.0,2910.0,752.0,2844.0,424.0,3126.0,805.0,3055.0,428.0,3180.0,809.0,3152.0,433.0,3406.0,840.0,3378.0,433.0,3483.0,844.0,3474.0,428.0,3721.0,861.0,3718.0
62.0,102.0,102.0,100.0,63.0,116.0,103.0,115.0,64.0,124.0,102.0,123.0,65.0,141.0,104.0,139.0,67.0,149.0,106.0,145.0,71.0,167.0,108.0,163.0,74.0,175.0,108.0,172.0,78.0,195.0,113.0,192.0,80.0,201.0,112.0,200.0,79.0,225.0,113.0,225.0,79.0,231.0,111.0,231.0,80.0,259.0,114.0,258.0,81.0,267.0,111.0,267.0,80.0,289.0,116.0,285.0,82.0,298.0,116.0,296.0,80.0,324.0,121.0,320.0,81.0,332.0,119.0,328.0,83.0,357.0,122.0,355.0,82.0,365.0,122.0,362.0,82.0,390.0,125.0,390.0,85.0,397.0,124.0,401.0,80.0,423.0,124.0,429.0,81.0,432.0,122.0,439.0,71.0,458.0,117.0,471.0,69.0,467.0,110.0,480.0,55.0,496.0,101.0,511.0,49.0,507.0,98.0,523.0,37.0,536.0,88.0,551.0,34.0,556.0,81.0,559.0,28.0,592.0,84.0,591.0,29.0,609.0,78.0,598.0,36.0,643.0,91.0,630.0,41.0,659.0,92.0,644.0,52.0,694.0,107.0,675.0
79.0,7.0,139.0,4.0,77.0,24.0,139.0,20.0,80.0,38.0,137.0,35.0,80.0,45.0,132.0,42.0,83.0,55.0,133.0,56.0,83.0,63.0,131.0,61.0,84.0,72.0,132.0,74.0,84.0,82.0,130.0,84.0,83.0,105.0,128.0,105.0,83.0,113.0,128.0,113.0,81.0,132.0,124.0,132.0,82.0,136.0,122.0,137.0,80.0,161.0,121.0,163.0,78.0,171.0,124.0,174.0,74.0,200.0,121.0,202.0,75.0,212.0,122.0,212.0,72.0,233.0,122.0,234.0,73.0,242.0,122.0,246.0,65.0,268.0,122.0,273.0,67.0,275.0,123.0,284.0,62.0,306.0,121.0,314.0,56.0,316.0,120.0,326.0,54.0,350.0,112.0,358.0,52.0,361.0,110.0,369.0,47.0,398.0,106.0,407.0,47.0,409.0,108.0,420.0,44.0,434.0,100.0,441.0,41.0,446.0,96.0,445.0,38.0,458.0,98.0,453.0,47.0,487.0,106.0,475.0,49.0,514.0,122.0,497.0,62.0,548.0,131.0,527.0,63.0,557.0,142.0,547.0,65.0,594.0,145.0,587.0
497.0,364.0,709.0,377.0,466.0,475.0,705.0,506.0,461.0,521.0,704.0,536.0,463.0,643.0,714.0,653.0,439.0,698.0,681.0,699.0,444.0,813.0,674.0,828.0,446.0,871.0,658.0,873.0,449.0,1015.0,658.0,1008.0,448.0,1068.0,661.0,1081.0,439.0,1217.0,656.0,1235.0,438.0,1256.0,649.0,1281.0,433.0,1430.0,628.0,1456.0,416.0,1473.0,626.0,1501.0,377.0,1626.0,595.0,1678.0,368.0,1653.0,585.0,1701.0,344.0,1833.0,560.0,1871.0,329.0,1869.0,557.0,1916.0,301.0,2041.0,547.0,2058.0,299.0,2081.0,534.0,2107.0,264.0,2273.0,520.0,2283.0,263.0,2307.0,534.0,2321.0,274.0,2512.0,562.0,2496.0,273.0,2542.0,560.0,2527.0,286.0,2735.0,601.0,2697.0,284.0,2806.0,611.0,2750.0,297.0,3008.0,653.0,2957.0,296.0,3048.0,651.0,2998.0,335.0,3299.0,687.0,3223.0,337.0,3335.0,691.0,3294.0,362.0,3552.0,739.0,3509.0,357.0,3616.0,743.0,3598.0,362.0,3866.0,768.0,3842.0,363.0,3940.0,780.0,3914.0,357.0,4206.0,786.0,4186.0
422.0,290.0,643.0,302.0,423.0,353.0,628.0,366.0,425.0,384.0,621.0,405.0,419.0,456.0,612.0,478.0,417.0,483.0,610.0,496.0,407.0,562.0,603.0,576.0,400.0,595.0,602.0,611.0,410.0,673.0,594.0,692.0,410.0,717.0,596.0,730.0,397.0,813.0,575.0,822.0,389.0,854.0,579.0,873.0,382.0,947.0,569.0,966.0,370.0,988.0,568.0,1000.0,370.0,1097.0,577.0,1111.0,356.0,1128.0,556.0,1144.0,357.0,1261.0,552.0,1259.0,357.0,1301.0,550.0,1306.0,347.0,1418.0,566.0,1423.0,347.0,1463.0,557.0,1457.0,345.0,1572.0,559.0,1570.0,347.0,1619.0,565.0,1617.0,350.0,1741.0,577.0,1734.0,338.0,1799.0,587.0,1794.0,364.0,1894.0,607.0,1880.0,356.0,1971.0,605.0,1952.0,375.0,2082.0,616.0,2080.0,367.0,2151.0,619.0,2151.0,373.0,2292.0,613.0,2281.0,366.0,2363.0,618.0,2353.0,358.0,2482.0,630.0,2468.0,367.0,2555.0,643.0,2543.0,375.0,2696.0,653.0,2681.0,356.0,2770.0,658.0,2761.0,351.0,2916.0,662.0,2905.0
327.0,186.0,546.0,168.0,343.0,230.0,556.0,220.0,346.0,267.0,557.0,243.0,351.0,330.0,556.0,312.0,355.0,354.0,557.0,337.0,375.0,431.0,560.0,403.0,374.0,459.0,551.0,442.0,379.0,540.0,558.0,520.0,383.0,564.0,554.0,547.0,392.0,638.0,564.0,628.0,393.0,675.0,564.0,665.0,407.0,759.0,572.0,737.0,410.0,797.0,570.0,790.0,417.0,874.0,575.0,854.0,415.0,909.0,572.0,890.0,431.0,979.0,596.0,960.0,425.0,1024.0,602.0,1003.0,434.0,1098.0,615.0,1074.0,447.0,1143.0,615.0,1121.0,456.0,1218.0,630.0,1199.0,457.0,1277.0,647.0,1248.0,464.0,1350.0,667.0,1327.0,458.0,1414.0,663.0,1382.0,461.0,1484.0,684.0,1465.0,470.0,1537.0,684.0,1537.0,480.0,1624.0,691.0,1621.0,474.0,1681.0,700.0,1697.0,474.0,1779.0,696.0,1788.0,460.0,1850.0,693.0,1859.0,446.0,1937.0,696.0,1964.0,439.0,2015.0,685.0,2045.0,419.0,2114.0,677.0,2151.0,412.0,2168.0,658.0,2206.0,391.0,2261.0,652.0,2303.0
376.0,267.0,567.0,258.0,373.0,363.0,567.0,357.0,382.0,405.0,575.0,397.0,380.0,515.0,581.0,515.0,376.0,561.0,592.0,544.0,391.0,661.0,595.0,653.0,376.0,702.0,576.0,701.0,368.0,835.0,593.0,837.0,373.0,868.0,569.0,861.0,373.0,989.0,584.0,982.0,376.0,1025.0,573.0,1018.0,382.0,1157.0,573.0,1154.0,383.0,1195.0,570.0,1185.0,394.0,1335.0,589.0,1323.0,394.0,1370.0,586.0,1353.0,405.0,1513.0,607.0,1500.0,405.0,1545.0,598.0,1534.0,406.0,1706.0,625.0,1681.0,411.0,1738.0,621.0,1721.0,419.0,1880.0,631.0,1868.0,429.0,1916.0,630.0,1900.0,432.0,2063.0,641.0,2056.0,428.0,2096.0,647.0,2101.0,417.0,2251.0,654.0,2250.0,417.0,2292.0,647.0,2311.0,388.0,2450.0,641.0,2490.0,366.0,2502.0,635.0,2544.0,328.0,2692.0,596.0,2728.0,296.0,2754.0,578.0,2780.0,261.0,2956.0,556.0,2973.0,238.0,3016.0,535.0,3017.0,248.0,3229.0,546.0,3207.0,241.0,3316.0,556.0,3262.0,265.0,3524.0,584.0,3463.0
89.0,40.0,123.0,37.0,91.0,55.0,124.0,53.0,88.0,64.0,125.0,58.0,92.0,78.0,127.0,74.0,94.0,85.0,128.0,82.0,97.0,101.0,130.0,100.0,97.0,109.0,128.0,108.0,93.0,122.0,127.0,128.0,90.0,131.0,120.0,143.0,88.0,153.0,117.0,164.0,82.0,160.0,108.0,172.0,73.0,177.0,104.0,187.0,72.0,182.0,99.0,194.0,62.0,203.0,96.0,213.0,58.0,210.0,91.0,220.0,51.0,234.0,90.0,241.0,52.0,241.0,86.0,248.0,48.0,264.0,88.0,266.0,49.0,275.0,85.0,273.0,49.0,298.0,90.0,296.0,53.0,308.0,87.0,302.0,56.0,331.0,96.0,323.0,57.0,341.0,99.0,332.0,62.0,368.0,107.0,358.0,66.0,373.0,106.0,364.0,73.0,406.0,116.0,396.0,72.0,413.0,119.0,404.0,78.0,444.0,127.0,434.0,79.0,454.0,127.0,449.0,83.0,486.0,132.0,481.0,82.0,496.0,136.0,497.0,81.0,531.0,140.0,527.0,82.0,542.0,138.0,543.0,79.0,577.0,137.0,577.0
73.0,63.0,114.0,65.0,72.0,79.0,111.0,84.0,72.0,85.0,108.0,92.0,69.0,107.0,106.0,113.0,67.0,113.0,104.0,118.0,62.0,142.0,103.0,146.0,59.0,150.0,102.0,155.0,59.0,164.0,101.0,168.0,58.0,172.0,101.0,175.0,60.0,189.0,102.0,188.0,63.0,193.0,99.0,194.0,65.0,204.0,100.0,203.0,65.0,210.0,102.0,210.0,65.0,230.0,102.0,229.0,64.0,236.0,103.0,237.0,63.0,255.0,100.0,255.0,63.0,263.0,99.0,262.0,62.0,281.0,100.0,281.0,59.0,287.0,98.0,287.0,63.0,312.0,100.0,312.0,64.0,319.0,101.0,319.0,62.0,344.0,102.0,344.0,61.0,355.0,105.0,353.0,62.0,379.0,108.0,377.0,61.0,388.0,111.0,387.0,55.0,414.0,114.0,415.0,58.0,423.0,113.0,426.0,49.0,446.0,106.0,454.0,50.0,450.0,106.0,461.0,46.0,476.0,102.0,488.0,43.0,485.0,102.0,500.0,38.0,515.0,92.0,528.0,24.0,522.0,95.0,540.0,16.0,549.0,93.0,563.0
535.0,164.0,786.0,182.0,515.0,288.0,795.0,320.0,516.0,336.0,786.0,359.0,508.0,460.0,769.0,495.0,513.0,511.0,765.0,540.0,501.0,626.0,745.0,673.0,504.0,665.0,732.0,721.0,470.0,787.0,702.0,856.0,462.0,820.0,673.0,922.0,404.0,945.0,620.0,1043.0,384.0,992.0,585.0,1087.0,314.0,1123.0,533.0,1209.0,298.0,1167.0,508.0,1245.0,245.0,1296.0,467.0,1371.0,223.0,1350.0,429.0,1413.0,188.0,1509.0,423.0,1552.0,168.0,1558.0,430.0,1595.0,148.0,1721.0,432.0,1727.0,142.0,1765.0,427.0,1756.0,154.0,1936.0,424.0,1910.0,159.0,1983.0,449.0,1945.0,192.0,2178.0,518.0,2101.0,203.0,2230.0,530.0,2146.0,242.0,2416.0,597.0,2339.0,242.0,2460.0,613.0,2388.0,288.0,2672.0,662.0,2617.0,286.0,2727.0,662.0,2692.0,298.0,2964.0,694.0,2930.0,297.0,3034.0,700.0,3028.0,304.0,3277.0,720.0,3258.0,297.0,3350.0,717.0,3361.0,281.0,3596.0,717.0,3602.0,269.0,3694.0,726.0,3714.0,254.0,3943.0,725.0,3958.0
480.0,477.0,678.0,491.0,466.0,573.0,680.0,579.0,465.0,612.0,676.0,631.0,465.0,713.0,669.0,733.0,457.0,756.0,664.0,767.0,439.0,867.0,660.0,864.0,439.0,905.0,642.0,914.0,453.0,1045.0,651.0,1042.0,444.0,1078.0,639.0,1085.0,447.0,1212.0,645.0,1218.0,454.0,1252.0,633.0,1255.0,454.0,1383.0,637.0,1395.0,450.0,1429.0,630.0,1440.0,450.0,1583.0,625.0,1587.0,438.0,1608.0,628.0,1620.0,432.0,1760.0,630.0,1775.0,432.0,1797.0,619.0,1811.0,435.0,1961.0,642.0,1958.0,438.0,1995.0,646.0,1991.0,436.0,2151.0,646.0,2140.0,439.0,2192.0,660.0,2184.0,436.0,2343.0,678.0,2324.0,453.0,2379.0,680.0,2364.0,463.0,2540.0,703.0,2522.0,465.0,2571.0,709.0,2558.0,468.0,2741.0,728.0,2750.0,457.0,2793.0,733.0,2805.0,439.0,2964.0,730.0,2990.0,430.0,3010.0,716.0,3061.0,396.0,3188.0,689.0,3241.0,389.0,3259.0,673.0,3313.0,332.0,3433.0,652.0,3490.0,322.0,3524.0,624.0,3564.0,284.0,3724.0,616.0,3767.0
461.0,488.0,668.0,472.0,468.0,589.0,680.0,586.0,458.0,633.0,676.0,624.0,475.0,735.0,683.0,732.0,480.0,768.0,686.0,778.0,476.0,879.0,665.0,889.0,471.0,921.0,661.0,951.0,451.0,1018.0,645.0,1058.0,436.0,1062.0,629.0,1116.0,414.0,1176.0,590.0,1236.0,407.0,1220.0,577.0,1284.0,341.0,1326.0,544.0,1406.0,347.0,1376.0,519.0,1426.0,301.0,1506.0,501.0,1552.0,287.0,1558.0,480.0,1588.0,269.0,1694.0,482.0,1709.0,262.0,1750.0,473.0,1742.0,276.0,1885.0,479.0,1874.0,271.0,1929.0,476.0,1920.0,279.0,2075.0,514.0,2036.0,283.0,2127.0,518.0,2088.0,293.0,2251.0,539.0,2231.0,300.0,2310.0,536.0,2288.0,316.0,2464.0,575.0,2433.0,314.0,2525.0,572.0,2519.0,329.0,2665.0,595.0,2672.0,314.0,2733.0,576.0,2747.0,290.0,2883.0,584.0,2904.0,282.0,2952.0,569.0,3011.0,246.0,3116.0,557.0,3177.0,232.0,3203.0,530.0,3260.0,187.0,3369.0,498.0,3427.0,185.0,3442.0,476.0,3507.0,139.0,3642.0,473.0,3689.0
403.0,482.0,636.0,476.0,417.0,596.0,641.0,585.0,412.0,649.0,627.0,635.0,419.0,738.0,636.0,729.0,419.0,768.0,628.0,761.0,420.0,884.0,634.0,882.0,419.0,925.0,628.0,916.0,431.0,1051.0,621.0,1047.0,449.0,1088.0,620.0,1076.0,445.0,1196.0,628.0,1196.0,449.0,1230.0,621.0,1239.0,435.0,1357.0,627.0,1368.0,432.0,1397.0,627.0,1415.0,407.0,1553.0,610.0,1575.0,405.0,1580.0,594.0,1609.0,375.0,1737.0,592.0,1758.0,377.0,1767.0,574.0,1789.0,350.0,1919.0,582.0,1927.0,348.0,1956.0,559.0,1966.0,338.0,2124.0,587.0,2107.0,338.0,2159.0,580.0,2139.0,351.0,2330.0,610.0,2292.0,357.0,2364.0,610.0,2333.0,372.0,2541.0,648.0,2488.0,380.0,2583.0,661.0,2545.0,405.0,2770.0,704.0,2730.0,408.0,2799.0,704.0,2790.0,409.0,2967.0,712.0,2976.0,402.0,3010.0,705.0,3057.0,364.0,3184.0,687.0,3229.0,343.0,3240.0,664.0,3329.0,276.0,3421.0,630.0,3514.0,264.0,3512.0,582.0,3582.0,200.0,3716.0,572.0,3781.0
555.0,385.0,796.0,378.0,550.0,468.0,796.0,458.0,545.0,531.0,790.0,512.0,553.0,641.0,797.0,632.0,567.0,683.0,814.0,678.0,572.0,793.0,821.0,782.0,577.0,844.0,823.0,832.0,590.0,973.0,828.0,958.0,606.0,1019.0,816.0,1016.0,621.0,1151.0,829.0,1144.0,619.0,1194.0,823.0,1195.0,619.0,1336.0,833.0,1334.0,614.0,1375.0,829.0,1384.0,607.0,1502.0,819.0,1521.0,599.0,1543.0,809.0,1570.0,584.0,1697.0,801.0,1719.0,580.0,1746.0,799.0,1750.0,577.0,1885.0,799.0,1894.0,573.0,1938.0,792.0,1946.0,568.0,2096.0,807.0,2094.0,573.0,2133.0,799.0,2126.0,573.0,2291.0,824.0,2279.0,572.0,2337.0,812.0,2320.0,590.0,2499.0,845.0,2447.0,585.0,2542.0,841.0,2509.0,621.0,2704.0,887.0,2657.0,604.0,2781.0,921.0,2760.0,633.0,2942.0,948.0,2935.0,628.0,2981.0,924.0,2996.0,631.0,3178.0,946.0,3181.0,612.0,3232.0,945.0,3269.0,590.0,3413.0,914.0,3476.0,562.0,3496.0,899.0,3568.0,514.0,3691.0,857.0,3790.0
403.0,146.0,604.0,124.0,416.0,225.0,618.0,216.0,415.0,266.0,610.0,257.0,421.0,353.0,622.0,352.0,418.0,395.0,625.0,403.0,418.0,511.0,628.0,521.0,408.0,551.0,612.0,570.0,412.0,654.0,610.0,670.0,407.0,693.0,592.0,718.0,387.0,799.0,584.0,831.0,380.0,828.0,575.0,866.0,353.0,956.0,553.0,996.0,355.0,995.0,538.0,1026.0,330.0,1134.0,532.0,1148.0,336.0,1164.0,528.0,1179.0,329.0,1323.0,541.0,1310.0,334.0,1348.0,534.0,1335.0,342.0,1497.0,564.0,1457.0,355.0,1524.0,555.0,1486.0,366.0,1665.0,589.0,1619.0,386.0,1699.0,588.0,1648.0,397.0,1852.0,641.0,1793.0,403.0,1895.0,651.0,1831.0,440.0,2052.0,701.0,1970.0,447.0,2096.0,712.0,2029.0,493.0,2256.0,768.0,2182.0,505.0,2290.0,792.0,2254.0,520.0,2462.0,823.0,2438.0,521.0,2520.0,814.0,2524.0,509.0,2686.0,812.0,2716.0,489.0,2745.0,796.0,2821.0,433.0,2913.0,739.0,3018.0,420.0,2976.0,714.0,3094.0,301.0,3163.0,624.0,3313.0
415.0,435.0,641.0,425.0,408.0,531.0,641.0,522.0,405.0,574.0,665.0,571.0,412.0,685.0,660.0,671.0,411.0,714.0,651.0,705.0,418.0,853.0,665.0,836.0,429.0,891.0,652.0,879.0,422.0,1029.0,680.0,1022.0,441.0,1059.0,655.0,1043.0,442.0,1178.0,667.0,1174.0,445.0,1216.0,667.0,1222.0,419.0,1394.0,657.0,1394.0,425.0,1436.0,651.0,1433.0,405.0,1580.0,642.0,1580.0,417.0,1604.0,650.0,1616.0,395.0,1773.0,650.0,1781.0,393.0,1808.0,648.0,1817.0,391.0,1975.0,644.0,1985.0,386.0,2011.0,641.0,2026.0,376.0,2191.0,639.0,2193.0,378.0,2226.0,645.0,2226.0,363.0,2411.0,671.0,2398.0,368.0,2450.0,670.0,2434.0,372.0,2640.0,697.0,2617.0,375.0,2692.0,688.0,2679.0,375.0,2895.0,688.0,2874.0,379.0,2962.0,709.0,2941.0,373.0,3182.0,746.0,3158.0,392.0,3238.0,752.0,3214.0,388.0,3460.0,773.0,3438.0,395.0,3543.0,773.0,3520.0,382.0,3742.0,796.0,3761.0,404.0,3820.0,789.0,3850.0,353.0,4019.0,759.0,4094.0
87.0,88.0,121.0,87.0,86.0,101.0,122.0,101.0,87.0,109.0,120.0,108.0,87.0,122.0,120.0,124.0,86.0,128.0,120.0,129.0,85.0,146.0,118.0,149.0,85.0,152.0,116.0,155.0,83.0,171.0,114.0,173.0,83.0,179.0,114.0,180.0,82.0,196.0,110.0,201.0,81.0,202.0,111.0,206.0,77.0,222.0,107.0,229.0,76.0,227.0,107.0,232.0,73.0,249.0,104.0,253.0,73.0,256.0,105.0,259.0,70.0,278.0,104.0,280.0,70.0,285.0,103.0,284.0,70.0,308.0,105.0,304.0,69.0,315.0,104.0,312.0,73.0,339.0,109.0,333.0,73.0,346.0,109.0,338.0,81.0,371.0,116.0,361.0,82.0,378.0,119.0,369.0,87.0,406.0,128.0,395.0,86.0,411.0,130.0,403.0,92.0,438.0,138.0,431.0,90.0,445.0,138.0,446.0,88.0,472.0,136.0,475.0,88.0,480.0,136.0,490.0,80.0,506.0,130.0,519.0,74.0,515.0,126.0,533.0,62.0,545.0,116.0,563.0,59.0,557.0,112.0,572.0,48.0,590.0,104.0,604.0
141.0,111.0,186.0,111.0,137.0,133.0,184.0,136.0,138.0,139.0,181.0,140.0,137.0,158.0,181.0,159.0,135.0,167.0,185.0,172.0,126.0,191.0,183.0,195.0,125.0,198.0,179.0,209.0,119.0,221.0,173.0,236.0,115.0,231.0,167.0,244.0,104.0,250.0,162.0,268.0,100.0,259.0,159.0,273.0,93.0,284.0,150.0,299.0,93.0,292.0,150.0,305.0,84.0,321.0,145.0,330.0,85.0,328.0,141.0,338.0,78.0,359.0,139.0,362.0,80.0,367.0,139.0,371.0,79.0,402.0,140.0,399.0,82.0,408.0,140.0,407.0,83.0,440.0,148.0,438.0,82.0,450.0,148.0,446.0,81.0,485.0,151.0,484.0,79.0,496.0,146.0,494.0,80.0,535.0,153.0,533.0,79.0,548.0,153.0,544.0,79.0,585.0,156.0,587.0,80.0,599.0,158.0,598.0,73.0,642.0,161.0,636.0,74.0,658.0,163.0,654.0,76.0,694.0,162.0,697.0,71.0,704.0,157.0,709.0,65.0,741.0,151.0,746.0,65.0,758.0,149.0,760.0,53.0,790.0,149.0,794.0
258.0,457.0,500.0,428.0,277.0,546.0,517.0,517.0,273.0,597.0,500.0,573.0,285.0,717.0,529.0,701.0,279.0,791.0,537.0,760.0,296.0,901.0,545.0,884.0,296.0,959.0,545.0,940.0,304.0,1091.0,550.0,1074.0,314.0,1148.0,539.0,1134.0,325.0,1287.0,554.0,1254.0,329.0,1322.0,554.0,1295.0,341.0,1472.0,583.0,1444.0,343.0,1506.0,578.0,1483.0,368.0,1665.0,593.0,1648.0,378.0,1702.0,601.0,1685.0,386.0,1861.0,626.0,1852.0,388.0,1904.0,624.0,1890.0,393.0,2086.0,644.0,2053.0,393.0,2129.0,644.0,2102.0,397.0,2278.0,655.0,2251.0,397.0,2335.0,661.0,2308.0,384.0,2494.0,678.0,2484.0,382.0,2540.0,671.0,2540.0,382.0,2701.0,673.0,2707.0,382.0,2740.0,684.0,2761.0,349.0,2926.0,673.0,2961.0,353.0,3000.0,663.0,3021.0,316.0,3213.0,649.0,3237.0,306.0,3266.0,647.0,3299.0,267.0,3485.0,645.0,3522.0,258.0,3566.0,640.0,3603.0,236.0,3799.0,630.0,3828.0,240.0,3894.0,609.0,3915.0,223.0,4142.0,614.0,4152.0
309.0,295.0,534.0,287.0,322.0,399.0,542.0,397.0,325.0,433.0,544.0,433.0,323.0,556.0,553.0,545.0,323.0,581.0,549.0,570.0,329.0,685.0,553.0,682.0,333.0,716.0,553.0,717.0,337.0,842.0,558.0,849.0,344.0,874.0,545.0,883.0,353.0,998.0,546.0,1004.0,349.0,1033.0,525.0,1046.0,335.0,1171.0,534.0,1187.0,336.0,1200.0,538.0,1227.0,333.0,1339.0,523.0,1370.0,329.0,1374.0,516.0,1398.0,309.0,1513.0,495.0,1541.0,301.0,1534.0,499.0,1584.0,280.0,1683.0,482.0,1711.0,270.0,1733.0,482.0,1757.0,239.0,1861.0,466.0,1878.0,248.0,1904.0,459.0,1921.0,224.0,2050.0,461.0,2061.0,225.0,2084.0,465.0,2099.0,217.0,2240.0,452.0,2249.0,217.0,2286.0,459.0,2287.0,196.0,2459.0,461.0,2457.0,189.0,2496.0,462.0,2491.0,190.0,2689.0,471.0,2673.0,182.0,2750.0,452.0,2728.0,205.0,2959.0,489.0,2922.0,210.0,3035.0,479.0,2969.0,278.0,3255.0,560.0,3149.0,297.0,3314.0,586.0,3215.0,395.0,3528.0,692.0,3414.0
279.0,74.0,499.0,60.0,283.0,152.0,504.0,148.0,274.0,196.0,516.0,192.0,287.0,283.0,513.0,283.0,289.0,329.0,506.0,321.0,295.0,431.0,512.0,429.0,290.0,474.0,505.0,480.0,291.0,569.0,508.0,573.0,294.0,620.0,491.0,636.0,286.0,731.0,501.0,751.0,286.0,759.0,485.0,770.0,276.0,895.0,491.0,904.0,282.0,926.0,474.0,949.0,283.0,1060.0,475.0,1081.0,272.0,1099.0,470.0,1112.0,272.0,1239.0,467.0,1245.0,270.0,1281.0,466.0,1287.0,270.0,1408.0,471.0,1422.0,260.0,1475.0,460.0,1458.0,276.0,1613.0,483.0,1581.0,282.0,1659.0,490.0,1625.0,302.0,1788.0,517.0,1748.0,303.0,1828.0,529.0,1791.0,326.0,1963.0,562.0,1907.0,328.0,2002.0,574.0,1968.0,344.0,2143.0,604.0,2110.0,330.0,2179.0,618.0,2180.0,344.0,2348.0,624.0,2363.0,341.0,2394.0,625.0,2412.0,328.0,2579.0,623.0,2598.0,318.0,2631.0,620.0,2681.0,294.0,2808.0,597.0,2846.0,262.0,2894.0,583.0,2938.0,239.0,3075.0,560.0,3123.0
524.0,291.0,733.0,303.0,513.0,382.0,730.0,392.0,500.0,417.0,723.0,438.0,503.0,510.0,727.0,520.0,484.0,546.0,716.0,564.0,486.0,644.0,714.0,661.0,486.0,689.0,708.0,708.0,478.0,792.0,695.0,804.0,477.0,830.0,689.0,848.0,487.0,949.0,669.0,980.0,468.0,984.0,666.0,1016.0,454.0,1111.0,633.0,1145.0,442.0,1142.0,620.0,1177.0,407.0,1270.0,588.0,1310.0,400.0,1299.0,579.0,1341.0,358.0,1426.0,566.0,1476.0,353.0,1453.0,541.0,1504.0,336.0,1597.0,522.0,1634.0,326.0,1638.0,516.0,1669.0,304.0,1779.0,524.0,1801.0,299.0,1821.0,512.0,1830.0,307.0,1980.0,542.0,1966.0,311.0,2006.0,545.0,2003.0,304.0,2183.0,553.0,2162.0,304.0,2222.0,548.0,2203.0,320.0,2408.0,583.0,2394.0,310.0,2453.0,598.0,2427.0,323.0,2640.0,625.0,2615.0,320.0,2695.0,625.0,2666.0,326.0,2902.0,666.0,2858.0,334.0,2970.0,668.0,2928.0,362.0,3168.0,708.0,3120.0,378.0,3237.0,708.0,3213.0,372.0,3443.0,749.0,3414.0
415.0,459.0,628.0,457.0,429.0,524.0,633.0,522.0,428.0,567.0,630.0,548.0,441.0,649.0,642.0,643.0,445.0,687.0,637.0,678.0,452.0,759.0,636.0,753.0,449.0,805.0,640.0,812.0,445.0,871.0,633.0,884.0,450.0,904.0,636.0,933.0,449.0,974.0,617.0,1005.0,442.0,1005.0,619.0,1054.0,429.0,1091.0,593.0,1131.0,420.0,1127.0,575.0,1176.0,388.0,1214.0,550.0,1263.0,387.0,1242.0,544.0,1296.0,347.0,1319.0,506.0,1397.0,327.0,1347.0,503.0,1434.0,293.0,1430.0,457.0,1516.0,257.0,1456.0,444.0,1556.0,201.0,1545.0,409.0,1635.0,175.0,1590.0,392.0,1682.0,125.0,1683.0,348.0,1785.0,122.0,1741.0,330.0,1803.0,119.0,1863.0,330.0,1870.0,180.0,1987.0,396.0,1885.0,249.0,2080.0,460.0,1962.0,266.0,2129.0,479.0,1986.0,318.0,2176.0,538.0,2070.0,327.0,2231.0,559.0,2096.0,381.0,2289.0,613.0,2186.0,384.0,2345.0,644.0,2256.0,425.0,2451.0,685.0,2368.0,404.0,2537.0,707.0,2444.0,417.0,2618.0,743.0,2562.0
454.0,274.0,689.0,254.0,470.0,372.0,705.0,358.0,475.0,414.0,712.0,390.0,485.0,521.0,722.0,516.0,495.0,564.0,715.0,553.0,501.0,658.0,722.0,658.0,505.0,698.0,721.0,700.0,510.0,815.0,725.0,823.0,518.0,859.0,715.0,871.0,498.0,981.0,705.0,1000.0,494.0,1003.0,692.0,1034.0,473.0,1143.0,677.0,1176.0,473.0,1175.0,676.0,1200.0,446.0,1312.0,649.0,1348.0,446.0,1345.0,636.0,1368.0,421.0,1486.0,632.0,1507.0,418.0,1529.0,620.0,1542.0,398.0,1670.0,615.0,1689.0,398.0,1709.0,596.0,1716.0,388.0,1866.0,629.0,1863.0,396.0,1907.0,607.0,1882.0,417.0,2058.0,636.0,2029.0,409.0,2103.0,641.0,2063.0,433.0,2266.0,699.0,2221.0,446.0,2304.0,716.0,2262.0,470.0,2489.0,759.0,2440.0,473.0,2523.0,769.0,2501.0,476.0,2710.0,791.0,2707.0,465.0,2742.0,796.0,2767.0,444.0,2918.0,776.0,2971.0,420.0,2975.0,766.0,3065.0,367.0,3156.0,709.0,3247.0,334.0,3217.0,689.0,3313.0,270.0,3402.0,632.0,3530.0
553.0,448.0,767.0,450.0,553.0,553.0,780.0,553.0,546.0,584.0,786.0,586.0,557.0,700.0,780.0,693.0,555.0,742.0,767.0,751.0,550.0,853.0,769.0,871.0,568.0,907.0,769.0,916.0,564.0,1014.0,764.0,1020.0,553.0,1052.0,764.0,1060.0,533.0,1170.0,746.0,1205.0,537.0,1212.0,733.0,1247.0,513.0,1323.0,691.0,1377.0,495.0,1363.0,684.0,1415.0,468.0,1495.0,662.0,1535.0,453.0,1530.0,666.0,1590.0,423.0,1664.0,630.0,1711.0,414.0,1715.0,628.0,1753.0,390.0,1844.0,617.0,1876.0,385.0,1893.0,619.0,1907.0,392.0,2041.0,622.0,2029.0,386.0,2096.0,626.0,2074.0,414.0,2245.0,660.0,2190.0,428.0,2312.0,659.0,2252.0,472.0,2468.0,700.0,2393.0,484.0,2521.0,724.0,2457.0,522.0,2675.0,767.0,2606.0,537.0,2736.0,784.0,2691.0,568.0,2894.0,827.0,2847.0,564.0,2951.0,836.0,2934.0,541.0,3129.0,851.0,3109.0,541.0,3179.0,856.0,3227.0,524.0,3343.0,826.0,3399.0,506.0,3432.0,797.0,3481.0,461.0,3615.0,766.0,3635.0
408.0,406.0,664.0,403.0,412.0,522.0,661.0,525.0,408.0,556.0,670.0,562.0,405.0,680.0,653.0,691.0,403.0,723.0,637.0,729.0,399.0,830.0,629.0,840.0,402.0,869.0,621.0,881.0,398.0,990.0,624.0,993.0,398.0,1039.0,609.0,1046.0,380.0,1159.0,606.0,1166.0,369.0,1201.0,593.0,1197.0,344.0,1317.0,595.0,1320.0,347.0,1366.0,580.0,1378.0,332.0,1514.0,576.0,1542.0,338.0,1565.0,584.0,1587.0,325.0,1710.0,567.0,1733.0,328.0,1756.0,574.0,1766.0,289.0,1906.0,560.0,1914.0,322.0,1953.0,551.0,1959.0,308.0,2119.0,538.0,2126.0,295.0,2159.0,540.0,2159.0,303.0,2327.0,554.0,2321.0,296.0,2384.0,569.0,2371.0,311.0,2572.0,593.0,2533.0,312.0,2626.0,593.0,2601.0,332.0,2820.0,625.0,2792.0,337.0,2865.0,638.0,2858.0,332.0,3062.0,651.0,3059.0,322.0,3124.0,637.0,3144.0,313.0,3327.0,629.0,3344.0,308.0,3398.0,640.0,3444.0,270.0,3602.0,624.0,3665.0,256.0,3694.0,600.0,3737.0,215.0,3930.0,579.0,3973.0
331.0,1000.0,571.0,985.0,348.0,1087.0,568.0,1073.0,346.0,1132.0,582.0,1107.0,359.0,1209.0,574.0,1195.0,356.0,1248.0,574.0,1238.0,371.0,1344.0,575.0,1337.0,377.0,1392.0,583.0,1376.0,393.0,1487.0,598.0,1468.0,400.0,1543.0,593.0,1513.0,424.0,1649.0,610.0,1631.0,420.0,1703.0,610.0,1703.0,403.0,1843.0,621.0,1832.0,413.0,1884.0,628.0,1868.0,413.0,2013.0,635.0,1995.0,418.0,2069.0,625.0,2029.0,427.0,2188.0,655.0,2163.0,427.0,2226.0,653.0,2185.0,438.0,2348.0,679.0,2305.0,442.0,2380.0,683.0,2353.0,463.0,2515.0,714.0,2485.0,461.0,2543.0,719.0,2521.0,465.0,2694.0,741.0,2679.0,467.0,2735.0,743.0,2712.0,474.0,2901.0,752.0,2897.0,465.0,2944.0,748.0,2947.0,458.0,3117.0,747.0,3145.0,452.0,3153.0,744.0,3195.0,431.0,3345.0,705.0,3383.0,420.0,3385.0,697.0,3442.0,388.0,3572.0,666.0,3625.0,361.0,3621.0,650.0,3686.0,309.0,3816.0,623.0,3873.0,292.0,3905.0,617.0,3953.0,249.0,4107.0,594.0,4132.0
389.0,522.0,595.0,494.0,399.0,636.0,605.0,600.0,394.0,675.0,625.0,630.0,430.0,803.0,656.0,762.0,436.0,833.0,662.0,788.0,470.0,942.0,691.0,903.0,510.0,1008.0,699.0,974.0,521.0,1108.0,737.0,1076.0,531.0,1139.0,730.0,1152.0,511.0,1215.0,695.0,1266.0,499.0,1243.0,676.0,1317.0,431.0,1344.0,615.0,1438.0,408.0,1375.0,595.0,1466.0,331.0,1475.0,512.0,1567.0,298.0,1512.0,498.0,1592.0,253.0,1617.0,470.0,1683.0,234.0,1663.0,462.0,1708.0,211.0,1801.0,452.0,1837.0,205.0,1850.0,450.0,1860.0,216.0,1993.0,452.0,1984.0,231.0,2047.0,455.0,2018.0,250.0,2221.0,504.0,2157.0,262.0,2264.0,514.0,2200.0,302.0,2422.0,585.0,2345.0,327.0,2475.0,586.0,2399.0,366.0,2648.0,657.0,2568.0,378.0,2698.0,678.0,2639.0,411.0,2878.0,733.0,2813.0,413.0,2933.0,738.0,2910.0,427.0,3129.0,762.0,3120.0,420.0,3182.0,769.0,3204.0,402.0,3376.0,751.0,3404.0,398.0,3436.0,734.0,3520.0,331.0,3620.0,688.0,3702.0
240.0,336.0,459.0,338.0,244.0,411.0,458.0,418.0,244.0,469.0,450.0,461.0,252.0,563.0,446.0,560.0,246.0,599.0,457.0,592.0,246.0,693.0,466.0,693.0,256.0,746.0,450.0,732.0,257.0,836.0,462.0,827.0,266.0,864.0,436.0,872.0,250.0,981.0,434.0,982.0,248.0,1002.0,433.0,1021.0,229.0,1106.0,420.0,1132.0,227.0,1134.0,406.0,1168.0,198.0,1259.0,373.0,1293.0,202.0,1289.0,370.0,1319.0,169.0,1415.0,359.0,1447.0,165.0,1459.0,356.0,1472.0,154.0,1583.0,340.0,1581.0,150.0,1615.0,350.0,1614.0,152.0,1758.0,356.0,1737.0,150.0,1789.0,356.0,1771.0,153.0,1931.0,391.0,1898.0,163.0,1972.0,386.0,1930.0,175.0,2114.0,400.0,2075.0,182.0,2155.0,407.0,2117.0,199.0,2304.0,446.0,2270.0,209.0,2350.0,442.0,2322.0,229.0,2533.0,481.0,2495.0,227.0,2562.0,487.0,2549.0,240.0,2739.0,503.0,2726.0,238.0,2788.0,503.0,2792.0,215.0,2959.0,510.0,2963.0,207.0,3018.0,504.0,3051.0,182.0,3208.0,488.0,3238.0
447.0,658.0,666.0,643.0,453.0,768.0,673.0,752.0,450.0,810.0,687.0,785.0,484.0,920.0,721.0,880.0,492.0,954.0,706.0,928.0,514.0,1060.0,731.0,1042.0,526.0,1123.0,740.0,1099.0,529.0,1232.0,751.0,1221.0,547.0,1275.0,766.0,1264.0,532.0,1378.0,764.0,1388.0,524.0,1413.0,745.0,1439.0,500.0,1561.0,724.0,1570.0,497.0,1594.0,727.0,1604.0,495.0,1728.0,724.0,1734.0,499.0,1753.0,720.0,1767.0,478.0,1896.0,703.0,1901.0,471.0,1923.0,696.0,1944.0,462.0,2072.0,687.0,2080.0,462.0,2097.0,693.0,2111.0,438.0,2236.0,684.0,2260.0,435.0,2278.0,685.0,2293.0,417.0,2427.0,673.0,2451.0,410.0,2457.0,667.0,2489.0,377.0,2629.0,648.0,2659.0,366.0,2665.0,660.0,2708.0,343.0,2859.0,621.0,2907.0,326.0,2887.0,620.0,2944.0,292.0,3097.0,563.0,3151.0,271.0,3126.0,570.0,3203.0,229.0,3333.0,529.0,3391.0,213.0,3404.0,527.0,3443.0,167.0,3616.0,515.0,3646.0,159.0,3687.0,508.0,3693.0,155.0,3939.0,541.0,3923.0
