546.0,681.0,758.0,672.0,553.0,803.0,753.0,800.0,555.0,849.0,743.0,831.0,590.0,974.0,755.0,965.0,599.0,1019.0,752.0,1019.0,602.0,1138.0,774.0,1141.0,605.0,1173.0,787.0,1182.0,602.0,1301.0,794.0,1313.0,599.0,1339.0,800.0,1338.0,567.0,1498.0,797.0,1491.0,587.0,1530.0,794.0,1530.0,581.0,1688.0,788.0,1688.0,581.0,1713.0,787.0,1711.0,584.0,1884.0,806.0,1871.0,600.0,1917.0,806.0,1911.0,586.0,2067.0,821.0,2056.0,605.0,2114.0,830.0,2102.0,592.0,2255.0,827.0,2256.0,605.0,2290.0,819.0,2311.0,559.0,2441.0,805.0,2485.0,550.0,2482.0,809.0,2547.0,497.0,2634.0,769.0,2719.0,474.0,2688.0,744.0,2765.0,411.0,2873.0,693.0,2954.0,368.0,2912.0,666.0,2982.0,304.0,3122.0,587.0,3173.0,281.0,3188.0,608.0,3229.0,281.0,3429.0,583.0,3430.0,289.0,3518.0,602.0,3482.0,302.0,3748.0,619.0,3695.0,327.0,3831.0,662.0,3789.0,371.0,4066.0,730.0,3986.0,403.0,4125.0,746.0,4066.0,462.0,4257.0,780.0,4227.0
905.0,333.0,1121.0,331.0,915.0,438.0,1106.0,432.0,903.0,500.0,1108.0,508.0,917.0,621.0,1102.0,619.0,911.0,667.0,1104.0,671.0,923.0,800.0,1110.0,810.0,917.0,853.0,1106.0,855.0,903.0,986.0,1110.0,996.0,903.0,1032.0,1104.0,1038.0,905.0,1189.0,1102.0,1185.0,909.0,1229.0,1100.0,1225.0,907.0,1380.0,1106.0,1384.0,903.0,1419.0,1102.0,1427.0,865.0,1586.0,1113.0,1582.0,895.0,1626.0,1108.0,1606.0,895.0,1787.0,1139.0,1767.0,905.0,1828.0,1121.0,1804.0,935.0,1993.0,1179.0,1963.0,919.0,2037.0,1169.0,2003.0,951.0,2194.0,1205.0,2170.0,961.0,2245.0,1203.0,2210.0,961.0,2404.0,1247.0,2380.0,976.0,2452.0,1247.0,2430.0,996.0,2634.0,1274.0,2603.0,984.0,2684.0,1260.0,2676.0,1002.0,2885.0,1314.0,2863.0,980.0,2952.0,1314.0,2936.0,996.0,3173.0,1330.0,3157.0,986.0,3228.0,1350.0,3236.0,984.0,3433.0,1356.0,3447.0,974.0,3484.0,1352.0,3534.0,925.0,3697.0,1322.0,3754.0,915.0,3783.0,1302.0,3831.0,852.0,3981.0,1271.0,4080.0
886.0,455.0,1102.0,432.0,910.0,558.0,1103.0,547.0,904.0,590.0,1092.0,578.0,902.0,703.0,1103.0,685.0,920.0,741.0,1106.0,718.0,920.0,850.0,1118.0,837.0,936.0,897.0,1120.0,885.0,946.0,1005.0,1127.0,986.0,942.0,1042.0,1121.0,1051.0,924.0,1168.0,1114.0,1177.0,926.0,1195.0,1111.0,1222.0,910.0,1319.0,1087.0,1349.0,902.0,1346.0,1077.0,1400.0,853.0,1484.0,1049.0,1514.0,848.0,1501.0,1045.0,1563.0,800.0,1644.0,1013.0,1686.0,794.0,1676.0,1004.0,1724.0,762.0,1811.0,996.0,1848.0,773.0,1856.0,971.0,1887.0,743.0,1994.0,977.0,2019.0,751.0,2044.0,976.0,2053.0,744.0,2186.0,980.0,2184.0,741.0,2241.0,968.0,2238.0,738.0,2396.0,1004.0,2389.0,747.0,2451.0,1029.0,2446.0,750.0,2618.0,1020.0,2609.0,762.0,2677.0,1017.0,2659.0,770.0,2845.0,1052.0,2826.0,788.0,2925.0,1058.0,2894.0,806.0,3084.0,1120.0,3060.0,810.0,3161.0,1120.0,3142.0,816.0,3347.0,1140.0,3327.0,817.0,3400.0,1142.0,3417.0,794.0,3594.0,1147.0,3610.0
811.0,754.0,1024.0,747.0,751.0,875.0,1029.0,856.0,782.0,914.0,999.0,895.0,758.0,1049.0,1001.0,1047.0,780.0,1092.0,979.0,1089.0,748.0,1232.0,1001.0,1237.0,780.0,1284.0,951.0,1278.0,732.0,1415.0,1013.0,1434.0,758.0,1477.0,980.0,1489.0,708.0,1630.0,987.0,1641.0,730.0,1687.0,989.0,1679.0,720.0,1853.0,1008.0,1836.0,734.0,1877.0,1005.0,1872.0,736.0,2046.0,1006.0,2034.0,742.0,2100.0,993.0,2086.0,742.0,2251.0,1015.0,2239.0,736.0,2296.0,1015.0,2282.0,744.0,2457.0,1037.0,2453.0,751.0,2495.0,1032.0,2493.0,725.0,2652.0,1050.0,2667.0,729.0,2707.0,1015.0,2731.0,685.0,2895.0,1017.0,2904.0,677.0,2950.0,999.0,2976.0,644.0,3168.0,996.0,3204.0,651.0,3226.0,1003.0,3261.0,597.0,3456.0,991.0,3492.0,592.0,3556.0,972.0,3563.0,580.0,3784.0,989.0,3790.0,575.0,3887.0,979.0,3880.0,578.0,4123.0,1022.0,4104.0,592.0,4239.0,991.0,4198.0,578.0,4515.0,1062.0,4474.0,593.0,4602.0,1076.0,4569.0,631.0,4845.0,1079.0,4806.0
761.0,471.0,996.0,480.0,772.0,556.0,985.0,568.0,755.0,629.0,1000.0,632.0,766.0,732.0,991.0,750.0,764.0,769.0,981.0,779.0,770.0,879.0,977.0,901.0,770.0,924.0,967.0,947.0,741.0,1031.0,941.0,1085.0,741.0,1082.0,930.0,1123.0,708.0,1200.0,905.0,1253.0,686.0,1241.0,876.0,1292.0,631.0,1367.0,827.0,1418.0,617.0,1402.0,812.0,1460.0,586.0,1540.0,770.0,1572.0,569.0,1583.0,777.0,1594.0,569.0,1740.0,766.0,1741.0,562.0,1792.0,781.0,1767.0,586.0,1948.0,790.0,1916.0,588.0,1991.0,787.0,1948.0,622.0,2161.0,835.0,2100.0,639.0,2201.0,838.0,2141.0,680.0,2359.0,901.0,2303.0,691.0,2414.0,924.0,2353.0,711.0,2580.0,981.0,2526.0,721.0,2617.0,1000.0,2605.0,718.0,2807.0,1020.0,2793.0,718.0,2853.0,1008.0,2887.0,677.0,3037.0,997.0,3077.0,680.0,3108.0,958.0,3175.0,612.0,3273.0,935.0,3349.0,597.0,3329.0,912.0,3410.0,519.0,3560.0,879.0,3619.0,507.0,3669.0,870.0,3704.0,481.0,3909.0,862.0,3927.0
1051.0,499.0,1310.0,503.0,1057.0,616.0,1299.0,619.0,1062.0,653.0,1297.0,657.0,1048.0,785.0,1294.0,793.0,1055.0,841.0,1296.0,857.0,1057.0,951.0,1288.0,956.0,1074.0,991.0,1297.0,1010.0,1084.0,1114.0,1281.0,1149.0,1055.0,1187.0,1281.0,1258.0,1005.0,1288.0,1196.0,1346.0,1008.0,1356.0,1220.0,1419.0,973.0,1436.0,1185.0,1528.0,943.0,1511.0,1146.0,1621.0,842.0,1601.0,1142.0,1710.0,788.0,1662.0,1092.0,1803.0,714.0,1798.0,1048.0,1903.0,694.0,1868.0,1005.0,1941.0,671.0,2001.0,988.0,1994.0,670.0,2099.0,1002.0,2043.0,711.0,2266.0,1002.0,2157.0,765.0,2298.0,1043.0,2182.0,815.0,2451.0,1136.0,2301.0,878.0,2483.0,1183.0,2339.0,939.0,2650.0,1264.0,2476.0,959.0,2682.0,1296.0,2585.0,1019.0,2826.0,1365.0,2743.0,1018.0,2887.0,1392.0,2854.0,1043.0,3078.0,1409.0,3078.0,1030.0,3126.0,1379.0,3191.0,983.0,3353.0,1362.0,3418.0,953.0,3420.0,1329.0,3508.0,875.0,3627.0,1291.0,3731.0,850.0,3711.0,1266.0,3801.0,793.0,3964.0,1214.0,4056.0
719.0,674.0,946.0,665.0,712.0,777.0,948.0,760.0,730.0,833.0,929.0,833.0,717.0,937.0,939.0,923.0,725.0,981.0,932.0,981.0,727.0,1082.0,935.0,1084.0,725.0,1121.0,927.0,1124.0,727.0,1255.0,933.0,1230.0,733.0,1289.0,936.0,1256.0,763.0,1419.0,981.0,1370.0,763.0,1452.0,986.0,1409.0,789.0,1586.0,1017.0,1550.0,785.0,1629.0,1005.0,1581.0,808.0,1766.0,1040.0,1711.0,815.0,1814.0,1035.0,1751.0,854.0,1942.0,1074.0,1866.0,881.0,1986.0,1083.0,1918.0,920.0,2125.0,1160.0,2020.0,929.0,2163.0,1171.0,2078.0,948.0,2298.0,1238.0,2194.0,950.0,2341.0,1251.0,2419.0,925.0,2430.0,1202.0,2535.0,873.0,2514.0,1152.0,2617.0,788.0,2601.0,1097.0,2709.0,772.0,2642.0,1080.0,2737.0,725.0,2775.0,1048.0,2847.0,697.0,2867.0,1045.0,2903.0,684.0,3027.0,1019.0,3054.0,670.0,3118.0,1048.0,3147.0,666.0,3312.0,1038.0,3322.0,644.0,3414.0,1031.0,3406.0,664.0,3561.0,1048.0,3570.0,699.0,3634.0,1064.0,3619.0,704.0,3708.0,1070.0,3706.0
740.0,553.0,945.0,567.0,724.0,671.0,937.0,704.0,738.0,706.0,891.0,725.0,714.0,831.0,900.0,868.0,721.0,877.0,875.0,904.0,693.0,995.0,857.0,1013.0,666.0,1041.0,867.0,1055.0,658.0,1162.0,861.0,1172.0,652.0,1195.0,827.0,1211.0,643.0,1329.0,865.0,1334.0,630.0,1375.0,824.0,1367.0,644.0,1518.0,843.0,1498.0,636.0,1563.0,856.0,1541.0,636.0,1701.0,884.0,1676.0,649.0,1751.0,891.0,1719.0,678.0,1897.0,908.0,1854.0,695.0,1948.0,891.0,1919.0,693.0,2097.0,951.0,2061.0,705.0,2140.0,953.0,2105.0,706.0,2306.0,996.0,2282.0,719.0,2369.0,1005.0,2339.0,735.0,2557.0,1021.0,2532.0,733.0,2613.0,1026.0,2602.0,733.0,2791.0,1050.0,2769.0,727.0,2863.0,1040.0,2879.0,700.0,3046.0,1037.0,3069.0,689.0,3111.0,1032.0,3163.0,649.0,3291.0,1004.0,3340.0,623.0,3380.0,977.0,3421.0,588.0,3584.0,955.0,3620.0,578.0,3671.0,946.0,3663.0,595.0,3839.0,951.0,3836.0,595.0,3920.0,971.0,3902.0,619.0,4081.0,978.0,4054.0
578.0,401.0,761.0,491.0,531.0,482.0,717.0,584.0,512.0,511.0,694.0,608.0,450.0,553.0,606.0,696.0,423.0,603.0,585.0,725.0,369.0,666.0,501.0,799.0,341.0,698.0,490.0,823.0,262.0,782.0,421.0,880.0,241.0,812.0,398.0,889.0,192.0,931.0,383.0,977.0,179.0,960.0,361.0,998.0,159.0,1088.0,362.0,1116.0,154.0,1134.0,363.0,1170.0,158.0,1243.0,366.0,1243.0,130.0,1290.0,353.0,1286.0,164.0,1454.0,391.0,1421.0,153.0,1492.0,404.0,1442.0,207.0,1680.0,454.0,1607.0,215.0,1715.0,461.0,1631.0,270.0,1908.0,520.0,1809.0,292.0,1937.0,537.0,1830.0,377.0,2103.0,619.0,1984.0,407.0,2138.0,631.0,2013.0,486.0,2310.0,725.0,2180.0,508.0,2339.0,764.0,2217.0,568.0,2514.0,868.0,2397.0,581.0,2556.0,872.0,2460.0,619.0,2742.0,947.0,2648.0,640.0,2781.0,950.0,2743.0,661.0,2975.0,999.0,2922.0,674.0,3022.0,1009.0,3001.0,691.0,3234.0,1007.0,3205.0,702.0,3277.0,1036.0,3244.0,712.0,3480.0,1068.0,3438.0
127.0,34.0,166.0,31.0,129.0,49.0,166.0,44.0,131.0,60.0,169.0,55.0,133.0,75.0,173.0,72.0,131.0,85.0,172.0,83.0,132.0,103.0,173.0,103.0,130.0,112.0,174.0,112.0,134.0,135.0,175.0,133.0,133.0,140.0,174.0,142.0,131.0,163.0,174.0,166.0,132.0,167.0,172.0,172.0,126.0,189.0,165.0,198.0,124.0,198.0,165.0,206.0,119.0,220.0,160.0,228.0,116.0,230.0,157.0,235.0,111.0,253.0,152.0,259.0,109.0,265.0,152.0,266.0,110.0,285.0,151.0,286.0,109.0,298.0,154.0,297.0,107.0,322.0,155.0,318.0,106.0,334.0,157.0,328.0,110.0,366.0,168.0,354.0,112.0,374.0,171.0,367.0,117.0,408.0,177.0,398.0,119.0,420.0,180.0,406.0,125.0,443.0,188.0,434.0,125.0,455.0,187.0,447.0,129.0,491.0,194.0,480.0,131.0,505.0,198.0,496.0,128.0,539.0,207.0,532.0,124.0,554.0,208.0,550.0,128.0,590.0,209.0,587.0,129.0,604.0,212.0,608.0,124.0,638.0,212.0,644.0
950.0,344.0,1173.0,424.0,906.0,427.0,1123.0,507.0,891.0,456.0,1143.0,553.0,850.0,576.0,1092.0,662.0,843.0,643.0,1083.0,705.0,820.0,706.0,1050.0,787.0,815.0,787.0,1017.0,844.0,787.0,862.0,984.0,931.0,778.0,919.0,962.0,981.0,742.0,1018.0,932.0,1066.0,718.0,1066.0,925.0,1116.0,694.0,1178.0,891.0,1215.0,685.0,1227.0,889.0,1253.0,649.0,1320.0,853.0,1350.0,657.0,1391.0,867.0,1433.0,640.0,1495.0,865.0,1528.0,623.0,1540.0,841.0,1576.0,609.0,1668.0,825.0,1699.0,597.0,1722.0,823.0,1732.0,588.0,1869.0,815.0,1859.0,600.0,1926.0,809.0,1898.0,605.0,2061.0,870.0,2013.0,615.0,2113.0,889.0,2080.0,601.0,2218.0,887.0,2244.0,570.0,2275.0,877.0,2387.0,526.0,2362.0,796.0,2540.0,467.0,2431.0,737.0,2578.0,411.0,2546.0,683.0,2693.0,334.0,2587.0,636.0,2722.0,283.0,2746.0,571.0,2833.0,219.0,2828.0,567.0,2888.0,195.0,2997.0,553.0,3051.0,169.0,3094.0,531.0,3115.0,150.0,3279.0,527.0,3316.0
664.0,625.0,947.0,612.0,673.0,696.0,940.0,694.0,670.0,748.0,941.0,742.0,680.0,849.0,940.0,855.0,686.0,904.0,933.0,904.0,684.0,1000.0,922.0,1027.0,686.0,1063.0,951.0,1077.0,664.0,1222.0,929.0,1257.0,648.0,1273.0,900.0,1317.0,620.0,1391.0,886.0,1440.0,626.0,1440.0,859.0,1473.0,588.0,1564.0,829.0,1605.0,587.0,1608.0,823.0,1645.0,550.0,1756.0,782.0,1778.0,539.0,1794.0,785.0,1805.0,530.0,1968.0,784.0,1979.0,527.0,1998.0,780.0,2002.0,527.0,2168.0,784.0,2163.0,525.0,2215.0,784.0,2188.0,538.0,2385.0,818.0,2336.0,574.0,2406.0,810.0,2369.0,591.0,2585.0,858.0,2532.0,607.0,2628.0,864.0,2573.0,635.0,2789.0,916.0,2721.0,648.0,2844.0,947.0,2774.0,684.0,3019.0,1006.0,2948.0,694.0,3078.0,1014.0,3015.0,746.0,3275.0,1067.0,3203.0,741.0,3326.0,1081.0,3279.0,757.0,3517.0,1108.0,3496.0,758.0,3572.0,1119.0,3564.0,736.0,3789.0,1116.0,3781.0,750.0,3832.0,1119.0,3879.0,691.0,4059.0,1091.0,4103.0
878.0,528.0,1110.0,552.0,874.0,623.0,1094.0,636.0,852.0,665.0,1084.0,674.0,846.0,759.0,1081.0,770.0,848.0,801.0,1071.0,807.0,827.0,922.0,1046.0,942.0,827.0,1008.0,1026.0,990.0,826.0,1105.0,1046.0,1088.0,855.0,1152.0,1039.0,1150.0,830.0,1269.0,1042.0,1270.0,825.0,1309.0,1029.0,1317.0,836.0,1427.0,1029.0,1450.0,839.0,1480.0,1013.0,1495.0,803.0,1608.0,1004.0,1621.0,811.0,1641.0,1007.0,1667.0,785.0,1804.0,997.0,1825.0,783.0,1836.0,989.0,1859.0,761.0,2000.0,968.0,2003.0,754.0,2035.0,963.0,2048.0,739.0,2192.0,958.0,2201.0,736.0,2237.0,962.0,2242.0,714.0,2405.0,976.0,2414.0,716.0,2456.0,972.0,2456.0,706.0,2619.0,979.0,2621.0,703.0,2671.0,982.0,2674.0,688.0,2873.0,989.0,2868.0,684.0,2928.0,991.0,2928.0,683.0,3132.0,1001.0,3138.0,696.0,3207.0,1010.0,3185.0,713.0,3424.0,1036.0,3385.0,723.0,3505.0,1036.0,3456.0,759.0,3731.0,1092.0,3670.0,773.0,3802.0,1109.0,3749.0,803.0,4053.0,1162.0,3976.0
225.0,115.0,266.0,112.0,228.0,134.0,268.0,132.0,227.0,141.0,266.0,138.0,229.0,160.0,268.0,156.0,230.0,170.0,266.0,170.0,231.0,188.0,267.0,188.0,232.0,198.0,269.0,198.0,230.0,223.0,272.0,227.0,233.0,232.0,263.0,234.0,229.0,257.0,267.0,258.0,231.0,263.0,265.0,265.0,227.0,289.0,268.0,292.0,226.0,297.0,262.0,298.0,222.0,323.0,262.0,327.0,223.0,330.0,259.0,334.0,220.0,357.0,259.0,363.0,220.0,366.0,256.0,370.0,214.0,392.0,255.0,399.0,216.0,401.0,255.0,405.0,204.0,425.0,248.0,437.0,203.0,432.0,246.0,442.0,193.0,464.0,243.0,475.0,190.0,472.0,240.0,485.0,179.0,505.0,229.0,521.0,176.0,514.0,226.0,528.0,163.0,547.0,216.0,565.0,161.0,560.0,210.0,575.0,145.0,596.0,204.0,611.0,139.0,610.0,197.0,621.0,130.0,652.0,195.0,660.0,131.0,667.0,195.0,668.0,124.0,706.0,195.0,706.0,127.0,724.0,204.0,717.0,129.0,759.0,211.0,756.0
163.0,93.0,198.0,102.0,156.0,110.0,192.0,120.0,156.0,114.0,187.0,125.0,149.0,132.0,178.0,145.0,149.0,139.0,176.0,148.0,139.0,154.0,172.0,164.0,136.0,159.0,169.0,171.0,130.0,179.0,162.0,188.0,129.0,185.0,159.0,193.0,123.0,201.0,153.0,210.0,119.0,211.0,149.0,215.0,115.0,229.0,147.0,230.0,112.0,236.0,147.0,238.0,113.0,258.0,148.0,255.0,113.0,264.0,150.0,263.0,117.0,288.0,153.0,282.0,117.0,295.0,153.0,288.0,121.0,318.0,158.0,308.0,124.0,321.0,159.0,313.0,130.0,348.0,169.0,335.0,134.0,355.0,171.0,343.0,138.0,380.0,178.0,368.0,140.0,387.0,180.0,376.0,147.0,416.0,193.0,405.0,151.0,424.0,195.0,415.0,155.0,452.0,199.0,442.0,156.0,460.0,203.0,454.0,158.0,489.0,204.0,483.0,161.0,497.0,207.0,497.0,156.0,527.0,209.0,527.0,157.0,536.0,210.0,539.0,154.0,568.0,209.0,570.0,155.0,575.0,208.0,576.0,152.0,611.0,211.0,609.0
531.0,491.0,752.0,502.0,529.0,593.0,743.0,587.0,540.0,638.0,743.0,644.0,531.0,727.0,740.0,732.0,517.0,788.0,723.0,785.0,516.0,893.0,713.0,888.0,519.0,932.0,719.0,951.0,492.0,1055.0,701.0,1066.0,480.0,1097.0,704.0,1099.0,464.0,1243.0,687.0,1245.0,464.0,1288.0,671.0,1322.0,449.0,1424.0,668.0,1427.0,432.0,1518.0,649.0,1516.0,423.0,1616.0,668.0,1612.0,432.0,1670.0,674.0,1660.0,426.0,1809.0,680.0,1797.0,428.0,1845.0,686.0,1848.0,420.0,1995.0,678.0,1986.0,423.0,2046.0,675.0,2037.0,420.0,2206.0,692.0,2186.0,422.0,2256.0,704.0,2240.0,429.0,2431.0,735.0,2404.0,414.0,2501.0,728.0,2459.0,453.0,2668.0,753.0,2634.0,449.0,2723.0,777.0,2704.0,477.0,2910.0,801.0,2876.0,459.0,2977.0,820.0,2959.0,493.0,3162.0,835.0,3116.0,486.0,3228.0,855.0,3207.0,513.0,3401.0,856.0,3386.0,491.0,3470.0,850.0,3464.0,481.0,3649.0,865.0,3647.0,477.0,3690.0,859.0,3695.0,447.0,3883.0,839.0,3919.0
917.0,381.0,1104.0,371.0,922.0,459.0,1096.0,453.0,910.0,506.0,1095.0,497.0,915.0,617.0,1099.0,612.0,929.0,667.0,1104.0,674.0,933.0,762.0,1110.0,767.0,924.0,822.0,1095.0,832.0,924.0,917.0,1093.0,932.0,912.0,964.0,1085.0,987.0,905.0,1077.0,1082.0,1097.0,903.0,1115.0,1075.0,1136.0,876.0,1238.0,1074.0,1250.0,873.0,1285.0,1074.0,1287.0,853.0,1414.0,1057.0,1421.0,853.0,1454.0,1058.0,1460.0,856.0,1601.0,1081.0,1588.0,852.0,1634.0,1071.0,1620.0,856.0,1781.0,1085.0,1764.0,864.0,1813.0,1079.0,1799.0,866.0,1965.0,1103.0,1953.0,867.0,2013.0,1111.0,1988.0,877.0,2175.0,1152.0,2152.0,880.0,2221.0,1153.0,2196.0,874.0,2401.0,1169.0,2383.0,876.0,2444.0,1173.0,2436.0,885.0,2641.0,1187.0,2633.0,877.0,2693.0,1197.0,2694.0,864.0,2881.0,1199.0,2903.0,863.0,2952.0,1184.0,2983.0,835.0,3155.0,1178.0,3197.0,821.0,3216.0,1158.0,3275.0,771.0,3410.0,1135.0,3481.0,749.0,3481.0,1104.0,3565.0,699.0,3702.0,1068.0,3757.0
779.0,503.0,1002.0,485.0,794.0,602.0,1010.0,598.0,793.0,648.0,1013.0,646.0,790.0,752.0,1030.0,753.0,809.0,781.0,1020.0,806.0,776.0,899.0,1029.0,936.0,774.0,958.0,1019.0,973.0,761.0,1079.0,996.0,1121.0,756.0,1111.0,971.0,1155.0,723.0,1252.0,945.0,1317.0,713.0,1290.0,929.0,1347.0,668.0,1441.0,905.0,1488.0,662.0,1468.0,881.0,1512.0,634.0,1630.0,871.0,1669.0,617.0,1685.0,854.0,1701.0,611.0,1826.0,828.0,1835.0,604.0,1898.0,818.0,1880.0,591.0,2066.0,851.0,2026.0,595.0,2130.0,857.0,2070.0,637.0,2286.0,894.0,2204.0,671.0,2356.0,905.0,2262.0,708.0,2503.0,995.0,2405.0,742.0,2563.0,1010.0,2465.0,803.0,2711.0,1084.0,2627.0,828.0,2752.0,1125.0,2684.0,871.0,2927.0,1186.0,2867.0,882.0,2979.0,1216.0,2955.0,888.0,3171.0,1249.0,3153.0,897.0,3205.0,1256.0,3235.0,878.0,3433.0,1239.0,3460.0,838.0,3488.0,1229.0,3556.0,795.0,3705.0,1179.0,3781.0,763.0,3787.0,1147.0,3886.0,692.0,4005.0,1094.0,4077.0
935.0,655.0,1158.0,661.0,929.0,767.0,1152.0,773.0,928.0,816.0,1158.0,816.0,939.0,922.0,1149.0,909.0,935.0,984.0,1152.0,975.0,931.0,1113.0,1164.0,1109.0,948.0,1171.0,1166.0,1164.0,946.0,1302.0,1151.0,1292.0,950.0,1340.0,1152.0,1336.0,943.0,1474.0,1160.0,1477.0,929.0,1529.0,1164.0,1513.0,946.0,1663.0,1175.0,1640.0,935.0,1695.0,1168.0,1683.0,956.0,1850.0,1183.0,1821.0,953.0,1890.0,1181.0,1853.0,982.0,2029.0,1224.0,1995.0,986.0,2067.0,1220.0,2037.0,1001.0,2205.0,1251.0,2180.0,1003.0,2252.0,1262.0,2233.0,1007.0,2386.0,1260.0,2369.0,1005.0,2437.0,1270.0,2424.0,1007.0,2600.0,1285.0,2592.0,1016.0,2653.0,1287.0,2638.0,1016.0,2827.0,1304.0,2815.0,1018.0,2876.0,1313.0,2868.0,1028.0,3052.0,1322.0,3055.0,1024.0,3120.0,1326.0,3112.0,1024.0,3318.0,1334.0,3322.0,1020.0,3380.0,1336.0,3397.0,990.0,3586.0,1338.0,3598.0,982.0,3652.0,1330.0,3668.0,958.0,3885.0,1332.0,3898.0,977.0,3926.0,1319.0,3951.0,943.0,4168.0,1328.0,4182.0
160.0,69.0,206.0,66.0,165.0,88.0,205.0,87.0,165.0,95.0,203.0,92.0,167.0,115.0,208.0,110.0,167.0,122.0,207.0,116.0,169.0,142.0,211.0,140.0,169.0,150.0,209.0,149.0,169.0,174.0,208.0,176.0,169.0,182.0,207.0,185.0,164.0,205.0,203.0,210.0,164.0,214.0,199.0,216.0,161.0,238.0,199.0,244.0,160.0,246.0,197.0,252.0,152.0,272.0,199.0,278.0,151.0,280.0,193.0,285.0,144.0,307.0,187.0,312.0,143.0,316.0,182.0,319.0,137.0,345.0,182.0,348.0,136.0,354.0,180.0,356.0,133.0,385.0,181.0,383.0,133.0,398.0,181.0,393.0,137.0,428.0,188.0,419.0,138.0,441.0,187.0,433.0,142.0,475.0,198.0,464.0,148.0,489.0,195.0,480.0,154.0,521.0,205.0,511.0,154.0,533.0,208.0,531.0,156.0,569.0,221.0,568.0,153.0,578.0,213.0,580.0,152.0,616.0,216.0,620.0,149.0,629.0,213.0,637.0,143.0,661.0,206.0,672.0,133.0,686.0,201.0,694.0,121.0,714.0,195.0,730.0
776.0,528.0,1001.0,541.0,778.0,641.0,998.0,646.0,773.0,675.0,997.0,677.0,768.0,799.0,998.0,799.0,768.0,832.0,981.0,833.0,790.0,954.0,981.0,955.0,782.0,985.0,979.0,1001.0,779.0,1112.0,973.0,1140.0,781.0,1152.0,967.0,1179.0,748.0,1290.0,942.0,1314.0,756.0,1339.0,932.0,1362.0,707.0,1484.0,907.0,1512.0,706.0,1517.0,906.0,1550.0,684.0,1673.0,889.0,1689.0,682.0,1720.0,884.0,1727.0,673.0,1864.0,870.0,1880.0,657.0,1906.0,876.0,1914.0,651.0,2057.0,884.0,2066.0,635.0,2102.0,862.0,2111.0,624.0,2261.0,862.0,2282.0,615.0,2302.0,845.0,2321.0,612.0,2490.0,845.0,2490.0,602.0,2530.0,835.0,2529.0,596.0,2726.0,859.0,2695.0,606.0,2792.0,862.0,2740.0,629.0,2984.0,931.0,2895.0,652.0,3051.0,939.0,2953.0,726.0,3245.0,1014.0,3128.0,770.0,3308.0,1040.0,3202.0,834.0,3488.0,1139.0,3381.0,867.0,3546.0,1173.0,3483.0,887.0,3724.0,1222.0,3693.0,877.0,3779.0,1224.0,3754.0,835.0,3930.0,1194.0,3990.0
1054.0,393.0,1286.0,418.0,1058.0,482.0,1272.0,503.0,1052.0,549.0,1255.0,578.0,1046.0,636.0,1250.0,666.0,1029.0,680.0,1232.0,721.0,997.0,798.0,1208.0,831.0,1008.0,842.0,1194.0,881.0,985.0,950.0,1161.0,997.0,981.0,991.0,1155.0,1033.0,926.0,1098.0,1122.0,1160.0,923.0,1139.0,1100.0,1194.0,876.0,1263.0,1070.0,1332.0,858.0,1309.0,1052.0,1354.0,821.0,1439.0,1028.0,1477.0,812.0,1485.0,1025.0,1507.0,800.0,1609.0,1017.0,1630.0,787.0,1673.0,1017.0,1670.0,780.0,1805.0,1020.0,1797.0,779.0,1862.0,1017.0,1838.0,797.0,1999.0,1035.0,1947.0,817.0,2059.0,1038.0,1993.0,837.0,2197.0,1093.0,2129.0,849.0,2256.0,1091.0,2162.0,909.0,2412.0,1178.0,2314.0,931.0,2475.0,1191.0,2365.0,981.0,2638.0,1246.0,2534.0,987.0,2685.0,1270.0,2579.0,1055.0,2879.0,1364.0,2747.0,1070.0,2920.0,1370.0,2826.0,1132.0,3111.0,1432.0,3020.0,1138.0,3176.0,1467.0,3117.0,1164.0,3407.0,1519.0,3326.0,1179.0,3486.0,1518.0,3472.0,1173.0,3677.0,1563.0,3642.0
894.0,547.0,1095.0,551.0,878.0,662.0,1102.0,652.0,888.0,702.0,1075.0,702.0,886.0,821.0,1109.0,794.0,902.0,858.0,1089.0,837.0,914.0,974.0,1116.0,949.0,936.0,1028.0,1099.0,1015.0,931.0,1115.0,1121.0,1108.0,935.0,1155.0,1119.0,1144.0,916.0,1272.0,1144.0,1265.0,932.0,1307.0,1131.0,1289.0,938.0,1435.0,1148.0,1417.0,948.0,1458.0,1138.0,1439.0,952.0,1591.0,1151.0,1587.0,958.0,1619.0,1154.0,1614.0,946.0,1765.0,1158.0,1758.0,954.0,1799.0,1146.0,1797.0,945.0,1952.0,1149.0,1939.0,952.0,1978.0,1136.0,1979.0,958.0,2145.0,1154.0,2122.0,951.0,2189.0,1181.0,2165.0,976.0,2357.0,1216.0,2314.0,965.0,2401.0,1234.0,2367.0,988.0,2577.0,1276.0,2534.0,991.0,2629.0,1296.0,2617.0,1006.0,2811.0,1311.0,2785.0,1001.0,2852.0,1296.0,2878.0,968.0,3025.0,1278.0,3082.0,968.0,3092.0,1269.0,3184.0,884.0,3262.0,1206.0,3378.0,854.0,3329.0,1186.0,3448.0,761.0,3531.0,1094.0,3661.0,722.0,3607.0,1048.0,3727.0,674.0,3832.0,995.0,3913.0
110.0,104.0,150.0,104.0,109.0,124.0,148.0,125.0,109.0,130.0,147.0,130.0,109.0,145.0,146.0,147.0,109.0,157.0,150.0,160.0,107.0,170.0,149.0,174.0,109.0,185.0,144.0,193.0,108.0,203.0,145.0,205.0,108.0,208.0,143.0,211.0,106.0,220.0,142.0,222.0,100.0,225.0,140.0,229.0,100.0,249.0,139.0,253.0,96.0,258.0,137.0,260.0,93.0,284.0,143.0,286.0,93.0,292.0,140.0,291.0,95.0,319.0,141.0,317.0,95.0,327.0,137.0,322.0,97.0,357.0,143.0,351.0,97.0,364.0,141.0,358.0,100.0,393.0,149.0,383.0,101.0,403.0,151.0,393.0,106.0,437.0,158.0,425.0,109.0,446.0,158.0,432.0,116.0,481.0,171.0,464.0,119.0,490.0,172.0,476.0,127.0,524.0,183.0,508.0,127.0,534.0,183.0,522.0,136.0,569.0,193.0,555.0,135.0,580.0,193.0,572.0,139.0,617.0,202.0,605.0,141.0,629.0,202.0,623.0,143.0,658.0,204.0,657.0,143.0,667.0,207.0,669.0,143.0,703.0,209.0,705.0
909.0,510.0,1122.0,497.0,928.0,587.0,1112.0,589.0,927.0,642.0,1125.0,632.0,922.0,733.0,1128.0,720.0,932.0,789.0,1134.0,762.0,943.0,890.0,1134.0,869.0,951.0,947.0,1141.0,930.0,954.0,1043.0,1164.0,1028.0,963.0,1101.0,1173.0,1078.0,964.0,1196.0,1178.0,1186.0,968.0,1256.0,1181.0,1242.0,970.0,1370.0,1201.0,1348.0,976.0,1415.0,1207.0,1379.0,979.0,1531.0,1225.0,1512.0,987.0,1568.0,1219.0,1557.0,980.0,1688.0,1222.0,1691.0,967.0,1722.0,1220.0,1725.0,963.0,1849.0,1225.0,1863.0,970.0,1898.0,1216.0,1902.0,940.0,2029.0,1212.0,2058.0,930.0,2078.0,1217.0,2111.0,901.0,2229.0,1199.0,2268.0,886.0,2262.0,1178.0,2308.0,858.0,2430.0,1132.0,2486.0,827.0,2489.0,1124.0,2537.0,800.0,2678.0,1091.0,2713.0,787.0,2745.0,1095.0,2749.0,779.0,2957.0,1094.0,2941.0,792.0,3031.0,1101.0,2995.0,820.0,3220.0,1130.0,3164.0,835.0,3298.0,1137.0,3250.0,863.0,3495.0,1194.0,3447.0,865.0,3560.0,1208.0,3505.0,910.0,3720.0,1249.0,3651.0
958.0,682.0,1167.0,670.0,963.0,768.0,1176.0,766.0,970.0,820.0,1170.0,809.0,983.0,927.0,1176.0,925.0,986.0,969.0,1176.0,980.0,987.0,1082.0,1172.0,1093.0,995.0,1128.0,1170.0,1130.0,980.0,1272.0,1187.0,1272.0,967.0,1327.0,1173.0,1330.0,967.0,1466.0,1184.0,1461.0,964.0,1499.0,1184.0,1485.0,981.0,1635.0,1196.0,1627.0,973.0,1661.0,1192.0,1653.0,970.0,1814.0,1219.0,1795.0,983.0,1846.0,1208.0,1823.0,998.0,1989.0,1227.0,1977.0,995.0,2020.0,1228.0,2006.0,983.0,2168.0,1248.0,2163.0,992.0,2191.0,1245.0,2197.0,969.0,2360.0,1241.0,2355.0,967.0,2394.0,1245.0,2398.0,957.0,2572.0,1248.0,2598.0,957.0,2607.0,1245.0,2639.0,920.0,2806.0,1228.0,2841.0,917.0,2850.0,1222.0,2887.0,877.0,3039.0,1198.0,3082.0,877.0,3105.0,1192.0,3129.0,847.0,3316.0,1179.0,3342.0,842.0,3392.0,1179.0,3392.0,835.0,3596.0,1175.0,3616.0,835.0,3661.0,1170.0,3670.0,818.0,3893.0,1187.0,3891.0,824.0,3984.0,1177.0,3976.0,852.0,4157.0,1183.0,4147.0
978.0,284.0,1178.0,261.0,984.0,351.0,1199.0,327.0,982.0,391.0,1208.0,363.0,1005.0,464.0,1216.0,434.0,1010.0,486.0,1231.0,460.0,1014.0,567.0,1239.0,574.0,1029.0,591.0,1213.0,589.0,1029.0,692.0,1217.0,689.0,1045.0,722.0,1210.0,728.0,1036.0,820.0,1182.0,835.0,1034.0,851.0,1194.0,873.0,1023.0,980.0,1165.0,994.0,1002.0,1034.0,1156.0,1038.0,979.0,1151.0,1147.0,1164.0,973.0,1186.0,1146.0,1208.0,958.0,1306.0,1141.0,1319.0,950.0,1350.0,1138.0,1358.0,942.0,1467.0,1150.0,1466.0,936.0,1510.0,1129.0,1492.0,941.0,1646.0,1152.0,1617.0,944.0,1684.0,1147.0,1661.0,949.0,1828.0,1176.0,1796.0,953.0,1881.0,1193.0,1848.0,987.0,2013.0,1214.0,1968.0,987.0,2060.0,1234.0,2032.0,994.0,2194.0,1248.0,2176.0,993.0,2243.0,1278.0,2248.0,978.0,2381.0,1259.0,2405.0,971.0,2430.0,1251.0,2498.0,927.0,2570.0,1196.0,2656.0,903.0,2640.0,1185.0,2723.0,851.0,2779.0,1142.0,2882.0,808.0,2853.0,1115.0,2939.0,779.0,2983.0,1070.0,3089.0
946.0,569.0,1164.0,585.0,909.0,675.0,1153.0,698.0,910.0,719.0,1151.0,730.0,907.0,844.0,1138.0,844.0,907.0,883.0,1129.0,889.0,901.0,1021.0,1108.0,1036.0,897.0,1051.0,1096.0,1072.0,892.0,1180.0,1090.0,1204.0,870.0,1215.0,1074.0,1243.0,837.0,1359.0,1077.0,1400.0,827.0,1389.0,1060.0,1424.0,785.0,1543.0,1051.0,1573.0,797.0,1591.0,1037.0,1606.0,787.0,1739.0,1029.0,1752.0,783.0,1773.0,1019.0,1789.0,764.0,1927.0,1025.0,1933.0,763.0,1973.0,1019.0,1963.0,770.0,2131.0,1025.0,2123.0,769.0,2168.0,1032.0,2159.0,763.0,2328.0,1044.0,2314.0,769.0,2379.0,1041.0,2369.0,770.0,2557.0,1068.0,2529.0,775.0,2602.0,1077.0,2587.0,782.0,2792.0,1102.0,2766.0,770.0,2833.0,1099.0,2822.0,767.0,3020.0,1127.0,3005.0,790.0,3085.0,1126.0,3051.0,799.0,3264.0,1157.0,3237.0,805.0,3344.0,1170.0,3323.0,822.0,3542.0,1187.0,3537.0,791.0,3616.0,1190.0,3607.0,808.0,3826.0,1199.0,3832.0,795.0,3953.0,1209.0,3965.0,805.0,4143.0,1171.0,4159.0
825.0,483.0,1054.0,487.0,835.0,578.0,1043.0,582.0,835.0,614.0,1053.0,614.0,851.0,706.0,1051.0,717.0,847.0,741.0,1044.0,758.0,835.0,830.0,1021.0,885.0,795.0,880.0,995.0,957.0,741.0,958.0,926.0,1067.0,730.0,1006.0,894.0,1115.0,648.0,1087.0,805.0,1216.0,629.0,1135.0,779.0,1245.0,536.0,1234.0,721.0,1338.0,495.0,1283.0,714.0,1368.0,479.0,1426.0,687.0,1455.0,457.0,1502.0,683.0,1486.0,486.0,1647.0,710.0,1580.0,498.0,1700.0,720.0,1624.0,594.0,1842.0,776.0,1712.0,625.0,1878.0,820.0,1752.0,710.0,1993.0,924.0,1848.0,753.0,2022.0,975.0,1896.0,831.0,2142.0,1074.0,2015.0,844.0,2185.0,1107.0,2106.0,864.0,2325.0,1168.0,2292.0,879.0,2360.0,1174.0,2376.0,854.0,2513.0,1157.0,2585.0,848.0,2559.0,1108.0,2692.0,775.0,2712.0,1035.0,2853.0,718.0,2790.0,990.0,2924.0,607.0,2942.0,905.0,3095.0,521.0,3054.0,866.0,3131.0,496.0,3242.0,832.0,3282.0,503.0,3314.0,833.0,3343.0,537.0,3455.0,835.0,3446.0
644.0,509.0,858.0,486.0,654.0,589.0,868.0,580.0,649.0,640.0,868.0,622.0,667.0,758.0,881.0,750.0,674.0,790.0,881.0,793.0,676.0,919.0,889.0,917.0,681.0,946.0,874.0,947.0,673.0,1054.0,869.0,1063.0,680.0,1082.0,857.0,1101.0,663.0,1202.0,850.0,1223.0,664.0,1235.0,837.0,1255.0,641.0,1351.0,822.0,1383.0,629.0,1377.0,808.0,1401.0,619.0,1518.0,797.0,1540.0,603.0,1551.0,798.0,1572.0,597.0,1695.0,784.0,1699.0,583.0,1728.0,784.0,1726.0,596.0,1880.0,797.0,1852.0,604.0,1916.0,804.0,1885.0,619.0,2056.0,837.0,1994.0,623.0,2093.0,844.0,2043.0,664.0,2233.0,892.0,2167.0,670.0,2278.0,901.0,2195.0,698.0,2401.0,962.0,2329.0,713.0,2442.0,989.0,2377.0,744.0,2582.0,1045.0,2522.0,744.0,2620.0,1056.0,2583.0,784.0,2797.0,1079.0,2774.0,784.0,2844.0,1092.0,2867.0,773.0,3017.0,1078.0,3062.0,733.0,3071.0,1060.0,3160.0,683.0,3259.0,1003.0,3343.0,648.0,3325.0,974.0,3408.0,573.0,3518.0,906.0,3630.0
770.0,608.0,995.0,576.0,797.0,718.0,1013.0,706.0,801.0,760.0,1001.0,745.0,804.0,867.0,1031.0,858.0,816.0,909.0,1015.0,912.0,819.0,1034.0,1028.0,1042.0,815.0,1063.0,1016.0,1070.0,804.0,1192.0,1012.0,1209.0,804.0,1222.0,1012.0,1239.0,765.0,1355.0,985.0,1385.0,776.0,1391.0,970.0,1416.0,753.0,1532.0,968.0,1553.0,755.0,1573.0,961.0,1582.0,744.0,1726.0,961.0,1716.0,762.0,1756.0,961.0,1750.0,758.0,1908.0,977.0,1904.0,758.0,1940.0,980.0,1946.0,753.0,2102.0,988.0,2087.0,756.0,2145.0,985.0,2127.0,759.0,2316.0,1012.0,2303.0,749.0,2351.0,1018.0,2342.0,750.0,2533.0,1025.0,2530.0,739.0,2574.0,1024.0,2586.0,714.0,2757.0,1001.0,2781.0,702.0,2810.0,1009.0,2835.0,667.0,3013.0,983.0,3048.0,661.0,3066.0,973.0,3081.0,648.0,3293.0,967.0,3275.0,652.0,3362.0,967.0,3332.0,678.0,3580.0,1013.0,3531.0,694.0,3653.0,1036.0,3603.0,726.0,3868.0,1072.0,3799.0,734.0,3923.0,1093.0,3863.0,753.0,4018.0,1114.0,3971.0
904.0,280.0,1147.0,255.0,926.0,371.0,1146.0,349.0,929.0,411.0,1146.0,394.0,951.0,518.0,1165.0,513.0,954.0,560.0,1163.0,557.0,947.0,672.0,1170.0,679.0,943.0,704.0,1151.0,736.0,920.0,821.0,1133.0,870.0,924.0,854.0,1126.0,904.0,885.0,975.0,1106.0,1039.0,867.0,1000.0,1097.0,1076.0,828.0,1138.0,1058.0,1200.0,830.0,1175.0,1041.0,1244.0,780.0,1313.0,1007.0,1359.0,760.0,1349.0,988.0,1396.0,736.0,1493.0,960.0,1529.0,723.0,1544.0,956.0,1560.0,709.0,1702.0,959.0,1687.0,709.0,1755.0,943.0,1730.0,727.0,1909.0,993.0,1865.0,729.0,1966.0,1012.0,1905.0,773.0,2134.0,1042.0,2058.0,777.0,2198.0,1051.0,2113.0,830.0,2370.0,1119.0,2269.0,856.0,2423.0,1142.0,2322.0,911.0,2611.0,1216.0,2510.0,924.0,2671.0,1241.0,2586.0,972.0,2857.0,1301.0,2769.0,988.0,2926.0,1319.0,2855.0,1011.0,3100.0,1360.0,3057.0,1021.0,3157.0,1363.0,3132.0,1012.0,3371.0,1381.0,3352.0,1021.0,3404.0,1395.0,3433.0,1013.0,3532.0,1345.0,3579.0
710.0,451.0,953.0,454.0,727.0,544.0,943.0,548.0,710.0,588.0,926.0,588.0,702.0,683.0,931.0,697.0,719.0,738.0,921.0,732.0,704.0,826.0,930.0,819.0,713.0,873.0,927.0,874.0,710.0,977.0,942.0,970.0,730.0,1025.0,927.0,1024.0,721.0,1125.0,939.0,1121.0,729.0,1170.0,927.0,1165.0,719.0,1273.0,939.0,1265.0,729.0,1314.0,927.0,1319.0,721.0,1419.0,938.0,1422.0,726.0,1468.0,926.0,1476.0,717.0,1580.0,925.0,1601.0,710.0,1617.0,913.0,1643.0,684.0,1725.0,903.0,1750.0,675.0,1779.0,892.0,1809.0,640.0,1895.0,878.0,1925.0,628.0,1949.0,878.0,1984.0,607.0,2074.0,876.0,2103.0,609.0,2131.0,872.0,2169.0,581.0,2257.0,847.0,2282.0,559.0,2328.0,850.0,2360.0,559.0,2463.0,832.0,2483.0,540.0,2538.0,830.0,2550.0,521.0,2665.0,834.0,2690.0,515.0,2757.0,827.0,2769.0,504.0,2899.0,829.0,2906.0,500.0,2992.0,835.0,3007.0,485.0,3137.0,840.0,3153.0,477.0,3162.0,839.0,3173.0,482.0,3300.0,858.0,3301.0
674.0,534.0,925.0,525.0,679.0,658.0,936.0,624.0,682.0,705.0,935.0,668.0,694.0,828.0,963.0,800.0,717.0,876.0,968.0,833.0,733.0,1018.0,1009.0,972.0,758.0,1083.0,996.0,1035.0,778.0,1198.0,1016.0,1173.0,786.0,1238.0,1017.0,1230.0,784.0,1382.0,1022.0,1396.0,781.0,1433.0,1004.0,1441.0,761.0,1588.0,996.0,1603.0,766.0,1644.0,989.0,1647.0,748.0,1816.0,996.0,1801.0,742.0,1854.0,1002.0,1849.0,743.0,2022.0,1002.0,1997.0,740.0,2062.0,1006.0,2054.0,733.0,2225.0,1014.0,2224.0,748.0,2275.0,1014.0,2280.0,722.0,2438.0,1024.0,2452.0,723.0,2481.0,1011.0,2509.0,689.0,2658.0,993.0,2693.0,684.0,2708.0,986.0,2750.0,652.0,2916.0,969.0,2942.0,633.0,2968.0,951.0,3008.0,600.0,3180.0,936.0,3208.0,575.0,3254.0,922.0,3271.0,573.0,3479.0,936.0,3470.0,557.0,3568.0,917.0,3570.0,557.0,3791.0,945.0,3759.0,558.0,3867.0,930.0,3850.0,583.0,4101.0,974.0,4055.0,598.0,4166.0,977.0,4132.0,619.0,4413.0,1005.0,4377.0
675.0,444.0,907.0,437.0,682.0,569.0,937.0,536.0,686.0,616.0,927.0,585.0,709.0,756.0,946.0,725.0,722.0,792.0,943.0,758.0,728.0,912.0,964.0,871.0,752.0,948.0,976.0,929.0,753.0,1061.0,986.0,1061.0,763.0,1094.0,973.0,1096.0,747.0,1207.0,976.0,1223.0,742.0,1243.0,962.0,1264.0,719.0,1369.0,949.0,1405.0,714.0,1400.0,924.0,1444.0,690.0,1542.0,924.0,1584.0,692.0,1575.0,905.0,1609.0,648.0,1723.0,898.0,1756.0,654.0,1777.0,893.0,1787.0,646.0,1919.0,898.0,1906.0,648.0,1968.0,905.0,1942.0,678.0,2123.0,932.0,2071.0,681.0,2153.0,929.0,2120.0,689.0,2310.0,968.0,2277.0,714.0,2354.0,962.0,2310.0,728.0,2505.0,1008.0,2459.0,731.0,2555.0,1006.0,2519.0,759.0,2733.0,1050.0,2709.0,753.0,2786.0,1047.0,2777.0,766.0,2976.0,1088.0,2967.0,767.0,3031.0,1077.0,3047.0,744.0,3223.0,1075.0,3253.0,750.0,3287.0,1058.0,3341.0,682.0,3493.0,1034.0,3556.0,675.0,3555.0,1011.0,3610.0,618.0,3778.0,965.0,3835.0
660.0,472.0,901.0,462.0,677.0,576.0,910.0,556.0,686.0,602.0,893.0,596.0,686.0,709.0,902.0,705.0,691.0,745.0,877.0,755.0,680.0,856.0,876.0,863.0,673.0,888.0,868.0,908.0,649.0,998.0,833.0,1029.0,643.0,1029.0,824.0,1061.0,616.0,1145.0,802.0,1184.0,610.0,1171.0,804.0,1220.0,578.0,1306.0,780.0,1329.0,583.0,1335.0,767.0,1362.0,562.0,1477.0,779.0,1477.0,563.0,1506.0,770.0,1506.0,570.0,1654.0,784.0,1621.0,575.0,1688.0,773.0,1669.0,578.0,1830.0,791.0,1791.0,585.0,1867.0,792.0,1843.0,598.0,2010.0,827.0,1971.0,596.0,2046.0,841.0,2019.0,607.0,2207.0,863.0,2170.0,623.0,2255.0,876.0,2233.0,632.0,2433.0,910.0,2398.0,638.0,2476.0,911.0,2467.0,642.0,2658.0,928.0,2642.0,650.0,2716.0,932.0,2717.0,645.0,2892.0,937.0,2892.0,637.0,2960.0,934.0,2982.0,620.0,3157.0,933.0,3166.0,614.0,3215.0,916.0,3229.0,585.0,3411.0,916.0,3431.0,581.0,3488.0,912.0,3484.0,599.0,3664.0,892.0,3657.0
187.0,77.0,227.0,76.0,188.0,96.0,226.0,94.0,189.0,101.0,226.0,101.0,187.0,122.0,225.0,123.0,186.0,129.0,221.0,133.0,182.0,150.0,219.0,152.0,181.0,158.0,214.0,165.0,172.0,180.0,207.0,187.0,170.0,186.0,200.0,197.0,161.0,206.0,195.0,220.0,160.0,215.0,189.0,227.0,147.0,236.0,182.0,251.0,146.0,244.0,181.0,258.0,136.0,268.0,172.0,279.0,133.0,278.0,168.0,282.0,130.0,302.0,165.0,306.0,129.0,312.0,163.0,313.0,126.0,340.0,167.0,335.0,128.0,351.0,170.0,342.0,135.0,381.0,184.0,365.0,139.0,388.0,185.0,373.0,154.0,416.0,198.0,398.0,159.0,428.0,203.0,412.0,169.0,450.0,214.0,433.0,171.0,463.0,227.0,447.0,182.0,496.0,238.0,482.0,184.0,505.0,241.0,495.0,189.0,536.0,249.0,531.0,188.0,547.0,249.0,549.0,185.0,582.0,247.0,585.0,183.0,593.0,245.0,601.0,179.0,624.0,239.0,630.0,169.0,645.0,242.0,652.0,162.0,679.0,236.0,691.0
910.0,450.0,1168.0,433.0,919.0,577.0,1165.0,564.0,919.0,619.0,1171.0,591.0,937.0,753.0,1176.0,753.0,935.0,802.0,1170.0,782.0,943.0,922.0,1181.0,904.0,948.0,955.0,1181.0,951.0,950.0,1093.0,1194.0,1080.0,953.0,1134.0,1194.0,1122.0,950.0,1274.0,1204.0,1272.0,945.0,1306.0,1202.0,1308.0,948.0,1461.0,1199.0,1460.0,945.0,1489.0,1196.0,1494.0,947.0,1652.0,1199.0,1652.0,947.0,1691.0,1201.0,1679.0,937.0,1846.0,1210.0,1841.0,937.0,1881.0,1214.0,1873.0,937.0,2046.0,1214.0,2051.0,947.0,2066.0,1212.0,2077.0,937.0,2241.0,1219.0,2250.0,938.0,2272.0,1209.0,2297.0,916.0,2448.0,1202.0,2476.0,914.0,2489.0,1199.0,2518.0,883.0,2694.0,1202.0,2720.0,880.0,2733.0,1201.0,2751.0,846.0,2948.0,1202.0,2976.0,834.0,2992.0,1197.0,3022.0,805.0,3209.0,1193.0,3248.0,812.0,3305.0,1193.0,3316.0,801.0,3529.0,1207.0,3535.0,801.0,3594.0,1196.0,3608.0,770.0,3829.0,1202.0,3851.0,762.0,3922.0,1190.0,3933.0,737.0,4168.0,1188.0,4188.0
676.0,474.0,925.0,489.0,680.0,575.0,920.0,595.0,679.0,626.0,929.0,626.0,683.0,729.0,915.0,740.0,683.0,769.0,908.0,777.0,680.0,897.0,899.0,921.0,687.0,938.0,886.0,957.0,670.0,1056.0,877.0,1080.0,670.0,1084.0,868.0,1118.0,639.0,1188.0,838.0,1242.0,636.0,1218.0,826.0,1276.0,604.0,1340.0,793.0,1391.0,602.0,1375.0,776.0,1422.0,564.0,1521.0,772.0,1540.0,554.0,1555.0,775.0,1570.0,553.0,1697.0,769.0,1700.0,549.0,1737.0,765.0,1723.0,551.0,1883.0,780.0,1857.0,565.0,1919.0,778.0,1890.0,574.0,2048.0,817.0,2013.0,587.0,2096.0,824.0,2068.0,599.0,2253.0,862.0,2211.0,604.0,2297.0,844.0,2267.0,584.0,2440.0,888.0,2418.0,604.0,2493.0,881.0,2464.0,609.0,2670.0,926.0,2647.0,621.0,2715.0,922.0,2703.0,605.0,2898.0,947.0,2892.0,601.0,2956.0,937.0,2971.0,587.0,3134.0,933.0,3158.0,568.0,3219.0,929.0,3254.0,543.0,3411.0,910.0,3455.0,532.0,3510.0,905.0,3521.0,499.0,3762.0,893.0,3780.0
140.0,50.0,175.0,50.0,143.0,70.0,175.0,70.0,143.0,75.0,174.0,78.0,142.0,91.0,172.0,94.0,139.0,100.0,172.0,103.0,135.0,123.0,168.0,126.0,136.0,130.0,166.0,134.0,130.0,157.0,164.0,162.0,128.0,164.0,163.0,168.0,124.0,187.0,160.0,192.0,125.0,194.0,161.0,197.0,124.0,220.0,161.0,221.0,124.0,230.0,161.0,228.0,122.0,255.0,161.0,256.0,120.0,264.0,160.0,265.0,122.0,287.0,162.0,291.0,120.0,299.0,159.0,300.0,121.0,331.0,164.0,327.0,118.0,342.0,164.0,336.0,124.0,373.0,172.0,362.0,125.0,384.0,173.0,374.0,136.0,413.0,179.0,398.0,141.0,426.0,194.0,418.0,144.0,453.0,200.0,450.0,146.0,460.0,200.0,464.0,139.0,489.0,198.0,495.0,135.0,498.0,188.0,516.0,122.0,522.0,175.0,545.0,116.0,533.0,170.0,553.0,104.0,563.0,157.0,582.0,94.0,582.0,152.0,593.0,89.0,613.0,148.0,617.0,83.0,623.0,145.0,626.0,85.0,655.0,148.0,655.0
590.0,449.0,801.0,444.0,586.0,529.0,817.0,517.0,590.0,567.0,806.0,561.0,604.0,644.0,812.0,642.0,603.0,700.0,792.0,691.0,607.0,781.0,801.0,768.0,610.0,817.0,789.0,812.0,612.0,909.0,806.0,899.0,619.0,951.0,801.0,944.0,623.0,1042.0,806.0,1024.0,628.0,1091.0,799.0,1077.0,635.0,1172.0,813.0,1142.0,636.0,1218.0,809.0,1178.0,643.0,1317.0,841.0,1279.0,671.0,1360.0,849.0,1304.0,686.0,1436.0,875.0,1393.0,683.0,1502.0,896.0,1475.0,697.0,1572.0,899.0,1545.0,677.0,1628.0,916.0,1608.0,701.0,1724.0,941.0,1696.0,709.0,1768.0,938.0,1758.0,703.0,1868.0,956.0,1867.0,704.0,1920.0,976.0,1916.0,718.0,2027.0,958.0,2030.0,722.0,2075.0,988.0,2072.0,716.0,2193.0,987.0,2209.0,717.0,2277.0,962.0,2290.0,717.0,2390.0,958.0,2398.0,688.0,2467.0,975.0,2497.0,660.0,2611.0,970.0,2650.0,646.0,2671.0,960.0,2711.0,612.0,2822.0,937.0,2881.0,602.0,2919.0,930.0,2938.0,600.0,3060.0,914.0,3079.0
944.0,518.0,1170.0,543.0,927.0,636.0,1176.0,644.0,929.0,666.0,1145.0,699.0,902.0,775.0,1144.0,796.0,904.0,811.0,1113.0,868.0,874.0,898.0,1083.0,957.0,874.0,954.0,1068.0,1016.0,826.0,1039.0,1024.0,1119.0,809.0,1075.0,1014.0,1157.0,765.0,1182.0,957.0,1263.0,748.0,1218.0,934.0,1294.0,674.0,1317.0,896.0,1400.0,659.0,1362.0,864.0,1436.0,607.0,1491.0,843.0,1549.0,602.0,1539.0,839.0,1579.0,594.0,1676.0,820.0,1687.0,588.0,1703.0,822.0,1722.0,579.0,1855.0,799.0,1839.0,583.0,1906.0,834.0,1875.0,592.0,2060.0,860.0,2001.0,613.0,2115.0,872.0,2056.0,644.0,2263.0,921.0,2183.0,659.0,2328.0,931.0,2248.0,720.0,2482.0,991.0,2398.0,727.0,2543.0,1018.0,2461.0,775.0,2701.0,1052.0,2621.0,784.0,2773.0,1066.0,2699.0,815.0,2921.0,1119.0,2855.0,826.0,2989.0,1140.0,2936.0,853.0,3149.0,1172.0,3113.0,848.0,3241.0,1169.0,3228.0,838.0,3412.0,1183.0,3406.0,826.0,3478.0,1189.0,3473.0,853.0,3704.0,1212.0,3674.0
1132.0,315.0,1394.0,337.0,1132.0,446.0,1369.0,486.0,1095.0,493.0,1336.0,536.0,1063.0,601.0,1299.0,661.0,1053.0,654.0,1284.0,717.0,1011.0,787.0,1241.0,863.0,1000.0,824.0,1220.0,903.0,959.0,963.0,1160.0,1028.0,943.0,1005.0,1160.0,1054.0,901.0,1156.0,1126.0,1193.0,896.0,1196.0,1127.0,1223.0,879.0,1351.0,1118.0,1377.0,879.0,1400.0,1123.0,1414.0,862.0,1544.0,1113.0,1565.0,865.0,1587.0,1112.0,1606.0,835.0,1745.0,1112.0,1756.0,833.0,1807.0,1094.0,1814.0,817.0,1956.0,1097.0,1963.0,827.0,2008.0,1111.0,2018.0,811.0,2176.0,1107.0,2175.0,819.0,2239.0,1115.0,2236.0,819.0,2441.0,1131.0,2428.0,812.0,2504.0,1145.0,2477.0,820.0,2711.0,1173.0,2686.0,825.0,2771.0,1170.0,2729.0,845.0,3001.0,1204.0,2956.0,849.0,3049.0,1200.0,2999.0,880.0,3269.0,1242.0,3231.0,885.0,3349.0,1246.0,3299.0,908.0,3582.0,1301.0,3527.0,919.0,3648.0,1296.0,3615.0,909.0,3886.0,1327.0,3855.0,887.0,3951.0,1333.0,3930.0,877.0,4143.0,1306.0,4149.0
418.0,573.0,620.0,556.0,427.0,671.0,628.0,646.0,428.0,724.0,632.0,711.0,423.0,830.0,647.0,817.0,441.0,861.0,638.0,846.0,458.0,967.0,654.0,950.0,471.0,1000.0,649.0,996.0,450.0,1129.0,666.0,1111.0,467.0,1171.0,650.0,1172.0,445.0,1287.0,659.0,1281.0,449.0,1311.0,650.0,1310.0,432.0,1444.0,654.0,1456.0,433.0,1478.0,653.0,1478.0,433.0,1622.0,643.0,1620.0,436.0,1645.0,649.0,1652.0,439.0,1789.0,650.0,1774.0,449.0,1820.0,649.0,1806.0,439.0,1956.0,672.0,1936.0,452.0,1986.0,673.0,1980.0,435.0,2112.0,683.0,2137.0,432.0,2142.0,666.0,2164.0,401.0,2290.0,666.0,2327.0,396.0,2320.0,656.0,2374.0,354.0,2479.0,630.0,2535.0,332.0,2529.0,603.0,2600.0,286.0,2681.0,551.0,2751.0,257.0,2749.0,525.0,2792.0,243.0,2964.0,529.0,2970.0,233.0,3034.0,526.0,3006.0,259.0,3239.0,563.0,3178.0,276.0,3317.0,594.0,3252.0,338.0,3536.0,673.0,3402.0,369.0,3572.0,719.0,3422.0,456.0,3725.0,805.0,3570.0
752.0,328.0,986.0,297.0,778.0,429.0,997.0,400.0,769.0,464.0,1008.0,435.0,782.0,561.0,1004.0,551.0,788.0,595.0,995.0,584.0,786.0,713.0,994.0,714.0,786.0,756.0,993.0,758.0,803.0,867.0,991.0,881.0,792.0,905.0,993.0,928.0,769.0,1015.0,970.0,1061.0,765.0,1039.0,956.0,1081.0,722.0,1153.0,914.0,1216.0,714.0,1181.0,900.0,1245.0,664.0,1303.0,854.0,1360.0,655.0,1330.0,840.0,1390.0,605.0,1438.0,800.0,1514.0,594.0,1485.0,788.0,1543.0,549.0,1620.0,754.0,1675.0,546.0,1662.0,757.0,1700.0,498.0,1806.0,747.0,1832.0,505.0,1841.0,738.0,1861.0,488.0,2009.0,748.0,1995.0,488.0,2040.0,757.0,2032.0,483.0,2217.0,788.0,2189.0,488.0,2261.0,800.0,2229.0,505.0,2466.0,823.0,2407.0,507.0,2515.0,830.0,2459.0,535.0,2712.0,875.0,2651.0,536.0,2778.0,884.0,2712.0,574.0,2962.0,922.0,2903.0,574.0,3038.0,928.0,2990.0,595.0,3234.0,960.0,3191.0,620.0,3314.0,965.0,3282.0,616.0,3502.0,999.0,3485.0
176.0,56.0,222.0,57.0,178.0,80.0,221.0,79.0,179.0,90.0,222.0,89.0,178.0,111.0,222.0,114.0,178.0,121.0,219.0,122.0,180.0,149.0,220.0,151.0,178.0,159.0,217.0,162.0,179.0,182.0,218.0,181.0,173.0,193.0,216.0,196.0,178.0,221.0,217.0,219.0,177.0,236.0,221.0,228.0,179.0,263.0,224.0,254.0,179.0,274.0,227.0,265.0,184.0,302.0,230.0,293.0,186.0,311.0,233.0,301.0,191.0,340.0,241.0,329.0,196.0,357.0,245.0,340.0,204.0,380.0,254.0,367.0,211.0,399.0,262.0,388.0,223.0,425.0,267.0,415.0,226.0,438.0,275.0,429.0,236.0,465.0,284.0,460.0,235.0,480.0,296.0,471.0,232.0,502.0,301.0,493.0,238.0,513.0,304.0,508.0,241.0,536.0,307.0,543.0,232.0,544.0,298.0,564.0,222.0,567.0,283.0,595.0,210.0,580.0,274.0,605.0,183.0,608.0,252.0,640.0,177.0,624.0,248.0,643.0,166.0,655.0,243.0,665.0,163.0,670.0,249.0,674.0,159.0,705.0,258.0,710.0
765.0,526.0,961.0,520.0,768.0,631.0,976.0,637.0,779.0,664.0,977.0,680.0,759.0,785.0,957.0,824.0,761.0,817.0,945.0,862.0,729.0,914.0,909.0,972.0,704.0,950.0,902.0,1014.0,634.0,1057.0,842.0,1139.0,622.0,1084.0,826.0,1175.0,562.0,1217.0,772.0,1302.0,553.0,1256.0,758.0,1338.0,491.0,1403.0,719.0,1465.0,489.0,1448.0,717.0,1490.0,458.0,1597.0,710.0,1614.0,456.0,1627.0,719.0,1649.0,453.0,1815.0,735.0,1807.0,455.0,1851.0,728.0,1833.0,481.0,2041.0,748.0,1991.0,485.0,2076.0,756.0,2018.0,512.0,2226.0,791.0,2178.0,517.0,2262.0,792.0,2214.0,531.0,2434.0,842.0,2380.0,536.0,2467.0,844.0,2427.0,540.0,2636.0,876.0,2600.0,547.0,2686.0,882.0,2662.0,553.0,2894.0,907.0,2867.0,547.0,2948.0,914.0,2923.0,549.0,3144.0,930.0,3128.0,554.0,3203.0,925.0,3212.0,514.0,3388.0,921.0,3428.0,502.0,3459.0,912.0,3508.0,475.0,3678.0,882.0,3731.0,462.0,3734.0,870.0,3783.0,449.0,3958.0,846.0,3983.0
745.0,602.0,967.0,607.0,763.0,707.0,968.0,713.0,750.0,753.0,952.0,759.0,735.0,849.0,955.0,849.0,738.0,891.0,944.0,882.0,737.0,989.0,957.0,986.0,740.0,1035.0,952.0,1032.0,738.0,1141.0,960.0,1141.0,745.0,1198.0,959.0,1183.0,761.0,1312.0,960.0,1306.0,771.0,1342.0,959.0,1340.0,756.0,1469.0,970.0,1462.0,768.0,1503.0,951.0,1505.0,747.0,1642.0,959.0,1634.0,756.0,1673.0,952.0,1678.0,748.0,1813.0,957.0,1812.0,750.0,1851.0,962.0,1861.0,743.0,1981.0,952.0,1996.0,742.0,2017.0,951.0,2030.0,707.0,2161.0,951.0,2169.0,714.0,2203.0,942.0,2215.0,694.0,2358.0,951.0,2363.0,688.0,2409.0,962.0,2409.0,689.0,2583.0,960.0,2583.0,699.0,2636.0,944.0,2634.0,689.0,2830.0,964.0,2815.0,685.0,2897.0,972.0,2889.0,688.0,3083.0,991.0,3078.0,680.0,3156.0,982.0,3133.0,691.0,3344.0,1006.0,3323.0,685.0,3424.0,1014.0,3403.0,699.0,3608.0,1019.0,3594.0,699.0,3683.0,1035.0,3661.0,698.0,3878.0,1039.0,3869.0
431.0,471.0,614.0,445.0,439.0,561.0,642.0,540.0,438.0,591.0,646.0,573.0,454.0,677.0,650.0,663.0,459.0,699.0,654.0,701.0,466.0,803.0,653.0,802.0,462.0,827.0,647.0,844.0,449.0,931.0,629.0,955.0,442.0,972.0,625.0,1005.0,424.0,1061.0,598.0,1101.0,410.0,1101.0,588.0,1148.0,382.0,1186.0,556.0,1240.0,361.0,1227.0,548.0,1286.0,344.0,1328.0,518.0,1367.0,332.0,1370.0,520.0,1411.0,297.0,1481.0,507.0,1502.0,298.0,1531.0,500.0,1533.0,287.0,1644.0,497.0,1642.0,277.0,1703.0,494.0,1673.0,285.0,1816.0,517.0,1787.0,297.0,1875.0,528.0,1818.0,341.0,2000.0,570.0,1933.0,350.0,2062.0,577.0,1992.0,395.0,2188.0,630.0,2102.0,424.0,2251.0,654.0,2153.0,483.0,2377.0,717.0,2275.0,496.0,2432.0,748.0,2346.0,545.0,2567.0,816.0,2481.0,573.0,2621.0,834.0,2563.0,593.0,2758.0,875.0,2700.0,605.0,2808.0,895.0,2775.0,609.0,2949.0,912.0,2938.0,613.0,3028.0,900.0,3007.0,609.0,3198.0,910.0,3191.0
647.0,326.0,845.0,298.0,652.0,386.0,862.0,374.0,659.0,432.0,856.0,410.0,679.0,499.0,868.0,484.0,674.0,535.0,864.0,521.0,681.0,633.0,877.0,633.0,690.0,659.0,884.0,658.0,700.0,759.0,891.0,744.0,702.0,781.0,885.0,779.0,709.0,880.0,890.0,882.0,699.0,914.0,888.0,913.0,697.0,1014.0,882.0,1014.0,704.0,1056.0,892.0,1048.0,704.0,1155.0,894.0,1150.0,707.0,1190.0,891.0,1183.0,711.0,1291.0,899.0,1275.0,719.0,1315.0,906.0,1313.0,722.0,1434.0,913.0,1425.0,721.0,1456.0,909.0,1449.0,729.0,1564.0,910.0,1565.0,724.0,1592.0,910.0,1608.0,718.0,1713.0,917.0,1730.0,711.0,1757.0,910.0,1773.0,702.0,1855.0,908.0,1871.0,679.0,1896.0,908.0,1916.0,667.0,2027.0,886.0,2037.0,639.0,2092.0,872.0,2105.0,629.0,2220.0,863.0,2237.0,602.0,2268.0,863.0,2301.0,597.0,2405.0,858.0,2423.0,579.0,2483.0,868.0,2491.0,570.0,2616.0,860.0,2625.0,562.0,2686.0,863.0,2702.0,552.0,2841.0,862.0,2852.0
178.0,75.0,221.0,73.0,180.0,92.0,221.0,92.0,179.0,101.0,222.0,98.0,183.0,116.0,221.0,114.0,187.0,125.0,219.0,121.0,189.0,138.0,223.0,137.0,189.0,146.0,223.0,147.0,192.0,165.0,224.0,169.0,190.0,174.0,221.0,185.0,179.0,197.0,214.0,210.0,175.0,201.0,213.0,217.0,161.0,222.0,203.0,242.0,157.0,229.0,196.0,248.0,145.0,250.0,184.0,267.0,139.0,260.0,180.0,274.0,133.0,288.0,176.0,292.0,133.0,299.0,174.0,299.0,134.0,325.0,175.0,321.0,139.0,339.0,176.0,328.0,148.0,366.0,192.0,351.0,153.0,375.0,192.0,358.0,164.0,404.0,206.0,382.0,169.0,411.0,212.0,394.0,176.0,440.0,221.0,419.0,176.0,448.0,228.0,438.0,184.0,479.0,236.0,474.0,183.0,488.0,236.0,488.0,179.0,524.0,238.0,526.0,179.0,532.0,240.0,541.0,171.0,570.0,237.0,582.0,169.0,581.0,231.0,595.0,159.0,619.0,226.0,633.0,149.0,639.0,228.0,644.0,151.0,676.0,228.0,675.0
557.0,1121.0,770.0,1097.0,558.0,1221.0,778.0,1214.0,558.0,1251.0,781.0,1257.0,543.0,1363.0,761.0,1363.0,539.0,1417.0,758.0,1404.0,549.0,1498.0,727.0,1506.0,557.0,1533.0,741.0,1537.0,555.0,1643.0,738.0,1663.0,554.0,1675.0,744.0,1688.0,534.0,1823.0,717.0,1844.0,515.0,1877.0,688.0,1910.0,477.0,1984.0,673.0,2023.0,480.0,2049.0,678.0,2083.0,461.0,2180.0,667.0,2210.0,449.0,2207.0,649.0,2246.0,419.0,2355.0,630.0,2393.0,407.0,2399.0,622.0,2424.0,371.0,2551.0,609.0,2581.0,371.0,2587.0,601.0,2617.0,332.0,2755.0,594.0,2789.0,326.0,2798.0,583.0,2825.0,293.0,2976.0,568.0,3015.0,284.0,3021.0,570.0,3076.0,239.0,3227.0,537.0,3283.0,226.0,3280.0,533.0,3320.0,177.0,3495.0,518.0,3536.0,186.0,3557.0,513.0,3579.0,153.0,3763.0,511.0,3754.0,153.0,3822.0,520.0,3796.0,193.0,4041.0,567.0,4009.0,204.0,4087.0,570.0,4041.0,241.0,4319.0,625.0,4267.0,235.0,4401.0,639.0,4339.0,264.0,4620.0,650.0,4563.0
844.0,440.0,1047.0,434.0,854.0,535.0,1061.0,529.0,854.0,560.0,1063.0,555.0,872.0,681.0,1068.0,670.0,869.0,719.0,1067.0,700.0,896.0,816.0,1070.0,824.0,894.0,860.0,1063.0,857.0,905.0,989.0,1082.0,981.0,896.0,1030.0,1090.0,1016.0,891.0,1151.0,1094.0,1150.0,898.0,1194.0,1099.0,1191.0,895.0,1327.0,1098.0,1320.0,899.0,1360.0,1092.0,1353.0,891.0,1485.0,1101.0,1479.0,892.0,1513.0,1095.0,1513.0,898.0,1652.0,1112.0,1650.0,888.0,1677.0,1105.0,1688.0,869.0,1819.0,1112.0,1827.0,872.0,1841.0,1108.0,1858.0,852.0,1987.0,1092.0,2016.0,852.0,2023.0,1091.0,2051.0,817.0,2178.0,1074.0,2212.0,808.0,2212.0,1071.0,2263.0,756.0,2395.0,1038.0,2431.0,749.0,2448.0,1034.0,2480.0,719.0,2621.0,1007.0,2652.0,700.0,2686.0,1013.0,2703.0,688.0,2886.0,1001.0,2885.0,683.0,2974.0,1006.0,2947.0,695.0,3186.0,1034.0,3143.0,702.0,3275.0,1060.0,3227.0,746.0,3449.0,1084.0,3405.0,750.0,3523.0,1103.0,3484.0,789.0,3709.0,1129.0,3669.0
310.0,733.0,522.0,629.0,345.0,818.0,563.0,747.0,345.0,871.0,570.0,786.0,403.0,950.0,607.0,879.0,409.0,988.0,617.0,920.0,451.0,1107.0,655.0,1037.0,468.0,1153.0,661.0,1085.0,507.0,1263.0,701.0,1195.0,520.0,1328.0,734.0,1258.0,543.0,1450.0,770.0,1396.0,556.0,1518.0,780.0,1469.0,570.0,1655.0,811.0,1574.0,571.0,1708.0,796.0,1647.0,600.0,1822.0,819.0,1761.0,627.0,1875.0,831.0,1790.0,694.0,1988.0,906.0,1888.0,723.0,2039.0,913.0,1917.0,784.0,2168.0,989.0,2031.0,828.0,2204.0,1006.0,2050.0,935.0,2325.0,1112.0,2174.0,966.0,2367.0,1135.0,2191.0,1086.0,2488.0,1266.0,2303.0,1117.0,2522.0,1305.0,2328.0,1219.0,2649.0,1450.0,2439.0,1258.0,2680.0,1516.0,2503.0,1358.0,2816.0,1603.0,2666.0,1383.0,2856.0,1638.0,2758.0,1429.0,3031.0,1708.0,2919.0,1475.0,3087.0,1738.0,3013.0,1502.0,3269.0,1791.0,3198.0,1502.0,3344.0,1803.0,3276.0,1504.0,3577.0,1817.0,3524.0,1486.0,3604.0,1824.0,3586.0,1483.0,3791.0,1857.0,3798.0
882.0,610.0,1105.0,621.0,894.0,735.0,1085.0,746.0,904.0,770.0,1076.0,769.0,906.0,871.0,1074.0,878.0,900.0,895.0,1056.0,902.0,882.0,1014.0,1057.0,1028.0,882.0,1047.0,1047.0,1061.0,886.0,1170.0,1040.0,1182.0,880.0,1193.0,1038.0,1211.0,865.0,1316.0,1022.0,1343.0,856.0,1356.0,1019.0,1384.0,827.0,1477.0,991.0,1512.0,820.0,1510.0,984.0,1541.0,792.0,1651.0,972.0,1683.0,782.0,1682.0,955.0,1718.0,743.0,1826.0,935.0,1861.0,750.0,1856.0,929.0,1887.0,719.0,2009.0,931.0,2030.0,731.0,2064.0,920.0,2057.0,707.0,2224.0,942.0,2220.0,712.0,2267.0,946.0,2249.0,716.0,2447.0,986.0,2409.0,727.0,2487.0,981.0,2453.0,741.0,2672.0,1029.0,2640.0,751.0,2721.0,1045.0,2718.0,754.0,2897.0,1046.0,2898.0,752.0,2947.0,1046.0,2968.0,737.0,3124.0,1012.0,3176.0,710.0,3187.0,997.0,3248.0,650.0,3376.0,946.0,3457.0,624.0,3430.0,939.0,3509.0,559.0,3654.0,886.0,3724.0,539.0,3724.0,862.0,3757.0,513.0,3892.0,843.0,3924.0
827.0,531.0,1073.0,522.0,829.0,644.0,1074.0,652.0,832.0,692.0,1055.0,707.0,824.0,815.0,1055.0,842.0,817.0,861.0,1046.0,901.0,779.0,979.0,1019.0,1031.0,770.0,1011.0,987.0,1077.0,722.0,1126.0,938.0,1215.0,698.0,1176.0,913.0,1260.0,651.0,1296.0,875.0,1388.0,644.0,1341.0,854.0,1426.0,559.0,1487.0,830.0,1590.0,544.0,1545.0,790.0,1602.0,502.0,1702.0,748.0,1729.0,489.0,1761.0,779.0,1766.0,479.0,1912.0,784.0,1891.0,484.0,1972.0,776.0,1920.0,514.0,2144.0,813.0,2075.0,517.0,2196.0,813.0,2128.0,543.0,2382.0,868.0,2294.0,571.0,2444.0,870.0,2361.0,625.0,2636.0,949.0,2556.0,657.0,2683.0,984.0,2613.0,694.0,2920.0,1046.0,2821.0,713.0,2966.0,1062.0,2910.0,757.0,3171.0,1100.0,3137.0,752.0,3240.0,1105.0,3240.0,729.0,3450.0,1119.0,3464.0,735.0,3534.0,1101.0,3583.0,665.0,3743.0,1078.0,3797.0,658.0,3834.0,1032.0,3917.0,576.0,4091.0,1003.0,4163.0,553.0,4175.0,1032.0,4229.0,557.0,4387.0,1018.0,4422.0
794.0,417.0,1023.0,402.0,797.0,530.0,1024.0,525.0,806.0,548.0,1027.0,552.0,798.0,650.0,1003.0,669.0,814.0,689.0,1000.0,697.0,804.0,812.0,996.0,824.0,813.0,841.0,978.0,851.0,796.0,965.0,970.0,978.0,796.0,1008.0,965.0,1014.0,774.0,1145.0,996.0,1140.0,781.0,1181.0,985.0,1165.0,788.0,1309.0,1004.0,1294.0,784.0,1356.0,1000.0,1329.0,806.0,1490.0,1021.0,1458.0,817.0,1533.0,1030.0,1496.0,833.0,1658.0,1057.0,1627.0,834.0,1703.0,1057.0,1677.0,840.0,1828.0,1090.0,1805.0,845.0,1874.0,1079.0,1860.0,843.0,2018.0,1098.0,2015.0,830.0,2062.0,1099.0,2077.0,811.0,2215.0,1096.0,2229.0,810.0,2267.0,1082.0,2291.0,790.0,2452.0,1096.0,2474.0,781.0,2508.0,1085.0,2524.0,750.0,2704.0,1083.0,2714.0,750.0,2766.0,1086.0,2780.0,731.0,2966.0,1088.0,2973.0,738.0,3042.0,1086.0,3049.0,712.0,3235.0,1080.0,3249.0,719.0,3315.0,1082.0,3338.0,686.0,3534.0,1080.0,3541.0,693.0,3581.0,1088.0,3587.0,685.0,3802.0,1095.0,3787.0
652.0,591.0,874.0,592.0,652.0,688.0,877.0,698.0,648.0,731.0,855.0,747.0,640.0,827.0,841.0,846.0,663.0,868.0,833.0,890.0,627.0,961.0,829.0,995.0,626.0,1016.0,812.0,1038.0,611.0,1106.0,802.0,1146.0,610.0,1139.0,780.0,1168.0,574.0,1246.0,760.0,1286.0,570.0,1282.0,755.0,1315.0,533.0,1396.0,733.0,1427.0,540.0,1437.0,727.0,1456.0,525.0,1570.0,733.0,1577.0,525.0,1604.0,721.0,1611.0,518.0,1736.0,738.0,1726.0,531.0,1774.0,730.0,1764.0,530.0,1910.0,758.0,1882.0,541.0,1949.0,755.0,1921.0,551.0,2095.0,785.0,2067.0,556.0,2133.0,778.0,2100.0,562.0,2280.0,821.0,2252.0,557.0,2337.0,836.0,2309.0,568.0,2503.0,865.0,2466.0,570.0,2553.0,871.0,2529.0,575.0,2734.0,887.0,2708.0,584.0,2787.0,885.0,2779.0,578.0,2974.0,900.0,2975.0,579.0,3035.0,897.0,3049.0,560.0,3233.0,900.0,3240.0,560.0,3304.0,899.0,3318.0,530.0,3501.0,896.0,3521.0,524.0,3555.0,892.0,3583.0,492.0,3763.0,893.0,3775.0
966.0,315.0,1177.0,304.0,980.0,414.0,1184.0,397.0,991.0,449.0,1184.0,441.0,993.0,554.0,1196.0,534.0,1010.0,581.0,1196.0,586.0,1007.0,706.0,1194.0,704.0,1015.0,750.0,1185.0,752.0,1000.0,867.0,1192.0,878.0,991.0,908.0,1182.0,922.0,977.0,1036.0,1177.0,1058.0,972.0,1074.0,1157.0,1085.0,945.0,1206.0,1149.0,1231.0,948.0,1240.0,1142.0,1261.0,916.0,1382.0,1131.0,1403.0,922.0,1422.0,1127.0,1435.0,905.0,1564.0,1117.0,1590.0,905.0,1606.0,1113.0,1626.0,905.0,1758.0,1129.0,1757.0,908.0,1806.0,1125.0,1783.0,905.0,1963.0,1152.0,1933.0,909.0,2002.0,1148.0,1966.0,919.0,2181.0,1194.0,2135.0,926.0,2230.0,1209.0,2172.0,952.0,2401.0,1242.0,2370.0,948.0,2433.0,1255.0,2423.0,951.0,2617.0,1269.0,2609.0,937.0,2662.0,1265.0,2686.0,911.0,2843.0,1245.0,2892.0,895.0,2896.0,1238.0,2988.0,831.0,3069.0,1177.0,3174.0,810.0,3146.0,1149.0,3239.0,731.0,3331.0,1100.0,3437.0,698.0,3405.0,1092.0,3479.0,644.0,3633.0,1079.0,3666.0
1068.0,683.0,1305.0,688.0,1074.0,806.0,1288.0,816.0,1067.0,848.0,1285.0,864.0,1067.0,948.0,1276.0,975.0,1057.0,999.0,1248.0,1027.0,1038.0,1108.0,1243.0,1139.0,1037.0,1139.0,1224.0,1175.0,998.0,1245.0,1203.0,1304.0,995.0,1284.0,1194.0,1334.0,959.0,1408.0,1159.0,1455.0,958.0,1450.0,1157.0,1483.0,924.0,1577.0,1131.0,1621.0,921.0,1607.0,1122.0,1646.0,896.0,1760.0,1105.0,1757.0,886.0,1805.0,1110.0,1810.0,886.0,1943.0,1129.0,1936.0,894.0,1991.0,1134.0,1971.0,902.0,2144.0,1157.0,2107.0,913.0,2186.0,1169.0,2142.0,941.0,2334.0,1206.0,2270.0,951.0,2384.0,1209.0,2303.0,995.0,2545.0,1271.0,2441.0,1001.0,2573.0,1281.0,2513.0,1037.0,2750.0,1339.0,2684.0,1045.0,2793.0,1350.0,2753.0,1070.0,2988.0,1394.0,2946.0,1072.0,3038.0,1402.0,3035.0,1065.0,3231.0,1412.0,3209.0,1063.0,3278.0,1392.0,3316.0,1040.0,3483.0,1394.0,3516.0,1025.0,3538.0,1369.0,3599.0,965.0,3750.0,1332.0,3822.0,941.0,3813.0,1306.0,3860.0,921.0,4042.0,1269.0,4055.0
1071.0,221.0,1257.0,292.0,1043.0,295.0,1219.0,362.0,1007.0,352.0,1208.0,435.0,974.0,439.0,1174.0,516.0,950.0,475.0,1151.0,553.0,935.0,568.0,1112.0,655.0,909.0,607.0,1076.0,699.0,848.0,707.0,1018.0,797.0,829.0,740.0,991.0,834.0,773.0,834.0,925.0,942.0,749.0,862.0,896.0,967.0,662.0,970.0,819.0,1063.0,632.0,1001.0,789.0,1094.0,554.0,1116.0,729.0,1215.0,539.0,1157.0,714.0,1230.0,482.0,1299.0,677.0,1367.0,471.0,1340.0,655.0,1392.0,436.0,1485.0,655.0,1521.0,433.0,1529.0,647.0,1552.0,412.0,1685.0,652.0,1688.0,417.0,1735.0,650.0,1739.0,404.0,1889.0,673.0,1887.0,408.0,1936.0,664.0,1943.0,392.0,2093.0,672.0,2118.0,402.0,2151.0,657.0,2188.0,355.0,2324.0,647.0,2365.0,348.0,2378.0,623.0,2440.0,278.0,2551.0,598.0,2622.0,256.0,2625.0,565.0,2693.0,214.0,2803.0,529.0,2883.0,201.0,2917.0,503.0,2953.0,152.0,3094.0,494.0,3127.0,153.0,3129.0,490.0,3161.0,153.0,3407.0,490.0,3414.0
912.0,234.0,1121.0,244.0,917.0,346.0,1120.0,337.0,905.0,373.0,1120.0,373.0,908.0,481.0,1116.0,485.0,916.0,510.0,1100.0,515.0,896.0,602.0,1100.0,614.0,903.0,635.0,1088.0,648.0,895.0,764.0,1082.0,773.0,893.0,804.0,1074.0,805.0,881.0,921.0,1093.0,920.0,896.0,949.0,1080.0,946.0,897.0,1078.0,1089.0,1074.0,901.0,1101.0,1086.0,1109.0,899.0,1240.0,1092.0,1247.0,895.0,1271.0,1080.0,1280.0,891.0,1407.0,1089.0,1407.0,888.0,1447.0,1093.0,1443.0,884.0,1569.0,1100.0,1572.0,891.0,1613.0,1084.0,1612.0,887.0,1735.0,1088.0,1743.0,887.0,1781.0,1092.0,1774.0,880.0,1919.0,1120.0,1906.0,892.0,1974.0,1112.0,1956.0,883.0,2124.0,1158.0,2100.0,889.0,2169.0,1158.0,2164.0,909.0,2346.0,1170.0,2324.0,901.0,2389.0,1179.0,2394.0,928.0,2566.0,1193.0,2543.0,909.0,2619.0,1194.0,2620.0,899.0,2787.0,1198.0,2797.0,893.0,2864.0,1197.0,2894.0,861.0,3035.0,1181.0,3069.0,792.0,3089.0,1152.0,3144.0,762.0,3246.0,1125.0,3309.0
547.0,778.0,764.0,780.0,555.0,868.0,763.0,863.0,534.0,922.0,767.0,910.0,541.0,1004.0,767.0,980.0,547.0,1053.0,772.0,1029.0,590.0,1173.0,789.0,1138.0,603.0,1214.0,798.0,1185.0,625.0,1353.0,819.0,1300.0,638.0,1399.0,826.0,1369.0,652.0,1508.0,837.0,1488.0,653.0,1557.0,864.0,1552.0,635.0,1713.0,870.0,1708.0,631.0,1743.0,869.0,1740.0,637.0,1924.0,870.0,1907.0,629.0,1988.0,884.0,1974.0,631.0,2139.0,934.0,2124.0,634.0,2173.0,927.0,2162.0,634.0,2340.0,928.0,2341.0,637.0,2384.0,928.0,2379.0,619.0,2549.0,922.0,2551.0,617.0,2587.0,919.0,2598.0,602.0,2769.0,919.0,2789.0,605.0,2797.0,914.0,2818.0,581.0,3008.0,898.0,3032.0,578.0,3042.0,901.0,3071.0,549.0,3252.0,893.0,3270.0,549.0,3297.0,886.0,3323.0,531.0,3502.0,863.0,3530.0,514.0,3551.0,866.0,3564.0,496.0,3789.0,861.0,3786.0,496.0,3853.0,877.0,3848.0,490.0,4091.0,875.0,4087.0,501.0,4175.0,886.0,4137.0,520.0,4388.0,889.0,4378.0
116.0,71.0,154.0,74.0,114.0,89.0,152.0,93.0,114.0,94.0,149.0,99.0,111.0,116.0,147.0,120.0,112.0,125.0,145.0,127.0,108.0,144.0,144.0,148.0,109.0,150.0,142.0,155.0,105.0,171.0,140.0,179.0,105.0,176.0,137.0,183.0,99.0,201.0,135.0,207.0,98.0,206.0,133.0,214.0,92.0,230.0,127.0,237.0,90.0,236.0,125.0,241.0,88.0,262.0,125.0,264.0,86.0,269.0,125.0,268.0,85.0,293.0,125.0,293.0,86.0,301.0,123.0,300.0,86.0,329.0,128.0,327.0,89.0,336.0,129.0,332.0,88.0,367.0,136.0,361.0,91.0,373.0,136.0,366.0,92.0,407.0,144.0,398.0,94.0,413.0,144.0,406.0,99.0,439.0,148.0,434.0,100.0,451.0,151.0,448.0,101.0,485.0,156.0,479.0,100.0,492.0,158.0,494.0,95.0,525.0,158.0,529.0,97.0,537.0,156.0,540.0,92.0,571.0,154.0,577.0,89.0,583.0,151.0,587.0,84.0,623.0,149.0,627.0,82.0,628.0,149.0,632.0,79.0,665.0,150.0,663.0
537.0,299.0,753.0,306.0,540.0,390.0,752.0,402.0,538.0,433.0,731.0,436.0,537.0,520.0,725.0,535.0,534.0,589.0,702.0,608.0,529.0,720.0,687.0,739.0,522.0,766.0,672.0,786.0,504.0,885.0,674.0,898.0,498.0,925.0,666.0,941.0,469.0,1051.0,651.0,1070.0,467.0,1087.0,647.0,1098.0,459.0,1231.0,647.0,1235.0,462.0,1260.0,650.0,1265.0,448.0,1413.0,657.0,1410.0,448.0,1440.0,654.0,1444.0,456.0,1593.0,663.0,1593.0,456.0,1627.0,660.0,1622.0,447.0,1783.0,682.0,1768.0,469.0,1814.0,668.0,1806.0,472.0,1981.0,685.0,1962.0,479.0,2015.0,697.0,1993.0,490.0,2196.0,727.0,2152.0,498.0,2232.0,732.0,2202.0,522.0,2426.0,775.0,2392.0,529.0,2472.0,793.0,2433.0,540.0,2657.0,827.0,2638.0,554.0,2704.0,843.0,2694.0,559.0,2898.0,847.0,2891.0,562.0,2956.0,853.0,2984.0,528.0,3153.0,841.0,3193.0,520.0,3230.0,815.0,3274.0,470.0,3443.0,794.0,3506.0,431.0,3534.0,783.0,3598.0,371.0,3674.0,730.0,3766.0
1076.0,620.0,1326.0,587.0,1080.0,715.0,1333.0,692.0,1079.0,761.0,1321.0,737.0,1104.0,861.0,1330.0,834.0,1110.0,900.0,1330.0,894.0,1110.0,1030.0,1327.0,1022.0,1107.0,1052.0,1308.0,1067.0,1092.0,1171.0,1309.0,1189.0,1098.0,1203.0,1291.0,1235.0,1065.0,1334.0,1277.0,1363.0,1062.0,1411.0,1262.0,1446.0,1030.0,1524.0,1240.0,1551.0,1002.0,1559.0,1234.0,1601.0,973.0,1699.0,1222.0,1729.0,982.0,1752.0,1217.0,1774.0,959.0,1918.0,1208.0,1928.0,959.0,1967.0,1208.0,1983.0,953.0,2115.0,1213.0,2115.0,948.0,2164.0,1213.0,2164.0,952.0,2332.0,1216.0,2309.0,956.0,2380.0,1223.0,2363.0,963.0,2555.0,1249.0,2514.0,964.0,2604.0,1261.0,2567.0,984.0,2787.0,1299.0,2754.0,985.0,2847.0,1302.0,2828.0,970.0,3028.0,1321.0,3020.0,978.0,3105.0,1315.0,3111.0,961.0,3263.0,1312.0,3295.0,941.0,3331.0,1300.0,3396.0,901.0,3524.0,1261.0,3593.0,890.0,3602.0,1238.0,3677.0,843.0,3806.0,1223.0,3866.0,816.0,3871.0,1197.0,3952.0,808.0,4113.0,1166.0,4152.0
673.0,300.0,889.0,285.0,690.0,429.0,903.0,413.0,693.0,458.0,897.0,443.0,694.0,588.0,907.0,566.0,703.0,623.0,898.0,612.0,705.0,761.0,913.0,742.0,723.0,785.0,909.0,781.0,709.0,925.0,900.0,929.0,715.0,946.0,895.0,959.0,687.0,1091.0,883.0,1109.0,694.0,1117.0,867.0,1135.0,682.0,1274.0,880.0,1280.0,691.0,1304.0,870.0,1313.0,675.0,1465.0,880.0,1456.0,682.0,1508.0,870.0,1492.0,678.0,1655.0,919.0,1633.0,685.0,1712.0,918.0,1675.0,702.0,1873.0,961.0,1831.0,723.0,1913.0,949.0,1864.0,747.0,2069.0,1011.0,2014.0,769.0,2134.0,1023.0,2048.0,807.0,2302.0,1081.0,2227.0,817.0,2335.0,1104.0,2285.0,859.0,2524.0,1149.0,2476.0,855.0,2554.0,1164.0,2556.0,850.0,2751.0,1171.0,2761.0,837.0,2797.0,1149.0,2868.0,795.0,2997.0,1111.0,3069.0,772.0,3043.0,1072.0,3174.0,690.0,3250.0,1009.0,3381.0,654.0,3313.0,964.0,3403.0,588.0,3504.0,901.0,3565.0,541.0,3569.0,898.0,3616.0,508.0,3755.0,855.0,3780.0
725.0,503.0,939.0,497.0,713.0,611.0,928.0,614.0,714.0,655.0,922.0,652.0,717.0,761.0,931.0,769.0,729.0,805.0,927.0,810.0,726.0,920.0,921.0,927.0,728.0,951.0,910.0,969.0,705.0,1071.0,889.0,1103.0,704.0,1100.0,888.0,1133.0,674.0,1247.0,862.0,1277.0,668.0,1278.0,864.0,1308.0,647.0,1421.0,840.0,1446.0,645.0,1445.0,838.0,1467.0,617.0,1587.0,822.0,1596.0,620.0,1622.0,835.0,1640.0,597.0,1779.0,829.0,1780.0,596.0,1812.0,831.0,1815.0,596.0,1968.0,837.0,1956.0,599.0,2010.0,838.0,1999.0,600.0,2172.0,850.0,2146.0,606.0,2226.0,871.0,2194.0,614.0,2395.0,898.0,2347.0,623.0,2452.0,892.0,2404.0,639.0,2632.0,936.0,2568.0,650.0,2678.0,943.0,2653.0,662.0,2861.0,979.0,2828.0,672.0,2938.0,990.0,2926.0,668.0,3116.0,1006.0,3100.0,671.0,3193.0,1003.0,3209.0,650.0,3377.0,1006.0,3397.0,639.0,3463.0,985.0,3488.0,612.0,3680.0,985.0,3699.0,573.0,3740.0,992.0,3744.0,556.0,3909.0,973.0,3924.0
797.0,327.0,1018.0,300.0,799.0,423.0,1040.0,396.0,797.0,479.0,1051.0,442.0,814.0,592.0,1074.0,579.0,814.0,632.0,1050.0,623.0,824.0,741.0,1065.0,753.0,829.0,775.0,1051.0,802.0,816.0,888.0,1033.0,924.0,810.0,926.0,1031.0,981.0,761.0,1026.0,976.0,1101.0,756.0,1062.0,948.0,1139.0,673.0,1171.0,893.0,1259.0,673.0,1222.0,884.0,1291.0,608.0,1352.0,827.0,1427.0,589.0,1397.0,812.0,1452.0,557.0,1548.0,770.0,1578.0,547.0,1593.0,765.0,1610.0,542.0,1753.0,761.0,1744.0,539.0,1791.0,765.0,1780.0,551.0,1959.0,809.0,1919.0,559.0,1997.0,813.0,1952.0,593.0,2169.0,871.0,2109.0,607.0,2211.0,872.0,2140.0,651.0,2372.0,922.0,2283.0,667.0,2427.0,954.0,2356.0,712.0,2612.0,1023.0,2549.0,714.0,2656.0,1023.0,2585.0,747.0,2864.0,1086.0,2791.0,756.0,2910.0,1098.0,2844.0,770.0,3126.0,1151.0,3055.0,774.0,3180.0,1155.0,3152.0,779.0,3406.0,1186.0,3378.0,779.0,3483.0,1190.0,3474.0,774.0,3721.0,1207.0,3718.0
168.0,123.0,208.0,121.0,170.0,142.0,209.0,140.0,171.0,149.0,210.0,146.0,175.0,166.0,212.0,165.0,175.0,174.0,213.0,172.0,181.0,196.0,214.0,195.0,182.0,203.0,215.0,202.0,183.0,236.0,217.0,235.0,183.0,241.0,217.0,240.0,185.0,260.0,218.0,257.0,186.0,265.0,218.0,264.0,185.0,291.0,220.0,286.0,184.0,297.0,220.0,294.0,186.0,322.0,224.0,320.0,185.0,330.0,225.0,328.0,186.0,358.0,225.0,354.0,186.0,363.0,227.0,359.0,187.0,389.0,229.0,388.0,189.0,399.0,229.0,397.0,184.0,423.0,229.0,428.0,185.0,430.0,226.0,438.0,176.0,459.0,221.0,471.0,172.0,466.0,216.0,481.0,162.0,496.0,205.0,510.0,155.0,506.0,201.0,520.0,142.0,539.0,193.0,553.0,141.0,556.0,192.0,558.0,137.0,592.0,188.0,589.0,136.0,609.0,188.0,598.0,143.0,643.0,194.0,632.0,146.0,658.0,197.0,644.0,158.0,694.0,211.0,675.0,160.0,706.0,218.0,687.0,169.0,742.0,229.0,718.0
194.0,7.0,254.0,4.0,192.0,24.0,254.0,20.0,195.0,38.0,252.0,35.0,195.0,45.0,247.0,42.0,198.0,55.0,248.0,56.0,198.0,63.0,246.0,61.0,199.0,72.0,247.0,74.0,199.0,82.0,245.0,84.0,198.0,105.0,243.0,105.0,198.0,113.0,243.0,113.0,196.0,132.0,239.0,132.0,197.0,136.0,237.0,137.0,195.0,161.0,236.0,163.0,193.0,171.0,239.0,174.0,189.0,200.0,236.0,202.0,190.0,212.0,237.0,212.0,187.0,233.0,237.0,234.0,188.0,242.0,237.0,246.0,180.0,268.0,237.0,273.0,182.0,275.0,238.0,284.0,177.0,306.0,236.0,314.0,171.0,316.0,235.0,326.0,169.0,350.0,227.0,358.0,167.0,361.0,225.0,369.0,162.0,398.0,221.0,407.0,162.0,409.0,223.0,420.0,159.0,434.0,215.0,441.0,156.0,446.0,211.0,445.0,153.0,458.0,213.0,453.0,162.0,487.0,221.0,475.0,164.0,514.0,237.0,497.0,177.0,548.0,246.0,527.0,178.0,557.0,257.0,547.0,180.0,594.0,260.0,587.0
588.0,521.0,831.0,536.0,590.0,643.0,841.0,653.0,566.0,698.0,808.0,699.0,571.0,813.0,801.0,828.0,573.0,871.0,785.0,873.0,576.0,1015.0,785.0,1008.0,575.0,1068.0,788.0,1081.0,566.0,1217.0,783.0,1235.0,565.0,1256.0,776.0,1281.0,560.0,1430.0,755.0,1456.0,543.0,1473.0,753.0,1501.0,504.0,1626.0,722.0,1678.0,495.0,1653.0,712.0,1701.0,471.0,1833.0,687.0,1871.0,456.0,1869.0,684.0,1916.0,428.0,2041.0,674.0,2058.0,426.0,2081.0,661.0,2107.0,391.0,2273.0,647.0,2283.0,390.0,2307.0,661.0,2321.0,401.0,2512.0,689.0,2496.0,400.0,2542.0,687.0,2527.0,413.0,2735.0,728.0,2697.0,411.0,2806.0,738.0,2750.0,424.0,3008.0,780.0,2957.0,423.0,3048.0,778.0,2998.0,462.0,3299.0,814.0,3223.0,464.0,3335.0,818.0,3294.0,489.0,3552.0,866.0,3509.0,484.0,3616.0,870.0,3598.0,489.0,3866.0,895.0,3842.0,490.0,3940.0,907.0,3914.0,484.0,4206.0,913.0,4186.0,492.0,4289.0,906.0,4277.0,490.0,4552.0,906.0,4542.0
903.0,384.0,1099.0,405.0,897.0,456.0,1090.0,478.0,895.0,483.0,1088.0,496.0,885.0,562.0,1081.0,576.0,878.0,595.0,1080.0,611.0,888.0,673.0,1072.0,692.0,888.0,717.0,1074.0,730.0,875.0,813.0,1053.0,822.0,867.0,854.0,1057.0,873.0,860.0,947.0,1047.0,966.0,848.0,988.0,1046.0,1000.0,848.0,1097.0,1055.0,1111.0,834.0,1128.0,1034.0,1144.0,835.0,1261.0,1030.0,1259.0,835.0,1301.0,1028.0,1306.0,825.0,1418.0,1044.0,1423.0,825.0,1463.0,1035.0,1457.0,823.0,1572.0,1037.0,1570.0,825.0,1619.0,1043.0,1617.0,828.0,1741.0,1055.0,1734.0,816.0,1799.0,1065.0,1794.0,842.0,1894.0,1085.0,1880.0,834.0,1971.0,1083.0,1952.0,853.0,2082.0,1094.0,2080.0,845.0,2151.0,1097.0,2151.0,851.0,2292.0,1091.0,2281.0,844.0,2363.0,1096.0,2353.0,836.0,2482.0,1108.0,2468.0,845.0,2555.0,1121.0,2543.0,853.0,2696.0,1131.0,2681.0,834.0,2770.0,1136.0,2761.0,829.0,2916.0,1140.0,2905.0,815.0,2983.0,1159.0,2985.0,804.0,3135.0,1182.0,3129.0
327.0,186.0,546.0,168.0,343.0,230.0,556.0,220.0,346.0,267.0,557.0,243.0,351.0,330.0,556.0,312.0,355.0,354.0,557.0,337.0,375.0,431.0,560.0,403.0,374.0,459.0,551.0,442.0,379.0,540.0,558.0,520.0,383.0,564.0,554.0,547.0,392.0,638.0,564.0,628.0,393.0,675.0,564.0,665.0,407.0,759.0,572.0,737.0,410.0,797.0,570.0,790.0,417.0,874.0,575.0,854.0,415.0,909.0,572.0,890.0,431.0,979.0,596.0,960.0,425.0,1024.0,602.0,1003.0,434.0,1098.0,615.0,1074.0,447.0,1143.0,615.0,1121.0,456.0,1218.0,630.0,1199.0,457.0,1277.0,647.0,1248.0,464.0,1350.0,667.0,1327.0,458.0,1414.0,663.0,1382.0,461.0,1484.0,684.0,1465.0,470.0,1537.0,684.0,1537.0,480.0,1624.0,691.0,1621.0,474.0,1681.0,700.0,1697.0,474.0,1779.0,696.0,1788.0,460.0,1850.0,693.0,1859.0,446.0,1937.0,696.0,1964.0,439.0,2015.0,685.0,2045.0,419.0,2114.0,677.0,2151.0,412.0,2168.0,658.0,2206.0,391.0,2261.0,652.0,2303.0
442.0,561.0,658.0,544.0,457.0,661.0,661.0,653.0,442.0,702.0,642.0,701.0,434.0,835.0,659.0,837.0,439.0,868.0,635.0,861.0,439.0,989.0,650.0,982.0,442.0,1025.0,639.0,1018.0,448.0,1157.0,639.0,1154.0,449.0,1195.0,636.0,1185.0,460.0,1335.0,655.0,1323.0,460.0,1370.0,652.0,1353.0,471.0,1513.0,673.0,1500.0,471.0,1545.0,664.0,1534.0,472.0,1706.0,691.0,1681.0,477.0,1738.0,687.0,1721.0,485.0,1880.0,697.0,1868.0,495.0,1916.0,696.0,1900.0,498.0,2063.0,707.0,2056.0,494.0,2096.0,713.0,2101.0,483.0,2251.0,720.0,2250.0,483.0,2292.0,713.0,2311.0,454.0,2450.0,707.0,2490.0,432.0,2502.0,701.0,2544.0,394.0,2692.0,662.0,2728.0,362.0,2754.0,644.0,2780.0,327.0,2956.0,622.0,2973.0,304.0,3016.0,601.0,3017.0,314.0,3229.0,612.0,3207.0,307.0,3316.0,622.0,3262.0,331.0,3524.0,650.0,3463.0,358.0,3611.0,678.0,3543.0,414.0,3826.0,730.0,3751.0,420.0,3895.0,777.0,3824.0,465.0,4076.0,805.0,4005.0
186.0,40.0,220.0,37.0,188.0,55.0,221.0,53.0,185.0,64.0,222.0,58.0,189.0,78.0,224.0,74.0,191.0,85.0,225.0,82.0,194.0,101.0,227.0,100.0,194.0,109.0,225.0,108.0,190.0,122.0,224.0,128.0,187.0,131.0,217.0,143.0,185.0,153.0,214.0,164.0,179.0,160.0,205.0,172.0,170.0,177.0,201.0,187.0,169.0,182.0,196.0,194.0,159.0,203.0,193.0,213.0,155.0,210.0,188.0,220.0,148.0,234.0,187.0,241.0,149.0,241.0,183.0,248.0,145.0,264.0,185.0,266.0,146.0,275.0,182.0,273.0,146.0,298.0,187.0,296.0,150.0,308.0,184.0,302.0,153.0,331.0,193.0,323.0,154.0,341.0,196.0,332.0,159.0,368.0,204.0,358.0,163.0,373.0,203.0,364.0,170.0,406.0,213.0,396.0,169.0,413.0,216.0,404.0,175.0,444.0,224.0,434.0,176.0,454.0,224.0,449.0,180.0,486.0,229.0,481.0,179.0,496.0,233.0,497.0,178.0,531.0,237.0,527.0,179.0,542.0,235.0,543.0,176.0,577.0,234.0,577.0
157.0,63.0,198.0,65.0,156.0,79.0,195.0,84.0,156.0,85.0,192.0,92.0,153.0,107.0,190.0,113.0,151.0,113.0,188.0,118.0,146.0,142.0,187.0,146.0,143.0,150.0,186.0,155.0,143.0,164.0,185.0,168.0,142.0,172.0,185.0,175.0,144.0,189.0,186.0,188.0,147.0,193.0,183.0,194.0,149.0,204.0,184.0,203.0,149.0,210.0,186.0,210.0,149.0,230.0,186.0,229.0,148.0,236.0,187.0,237.0,147.0,255.0,184.0,255.0,147.0,263.0,183.0,262.0,146.0,281.0,184.0,281.0,143.0,287.0,182.0,287.0,147.0,312.0,184.0,312.0,148.0,319.0,185.0,319.0,146.0,344.0,186.0,344.0,145.0,355.0,189.0,353.0,146.0,379.0,192.0,377.0,145.0,388.0,195.0,387.0,139.0,414.0,198.0,415.0,142.0,423.0,197.0,426.0,133.0,446.0,190.0,454.0,134.0,450.0,190.0,461.0,130.0,476.0,186.0,488.0,127.0,485.0,186.0,500.0,122.0,515.0,176.0,528.0,108.0,522.0,179.0,540.0,100.0,549.0,177.0,563.0
750.0,336.0,1020.0,359.0,742.0,460.0,1003.0,495.0,747.0,511.0,999.0,540.0,735.0,626.0,979.0,673.0,738.0,665.0,966.0,721.0,704.0,787.0,936.0,856.0,696.0,820.0,907.0,922.0,638.0,945.0,854.0,1043.0,618.0,992.0,819.0,1087.0,548.0,1123.0,767.0,1209.0,532.0,1167.0,742.0,1245.0,479.0,1296.0,701.0,1371.0,457.0,1350.0,663.0,1413.0,422.0,1509.0,657.0,1552.0,402.0,1558.0,664.0,1595.0,382.0,1721.0,666.0,1727.0,376.0,1765.0,661.0,1756.0,388.0,1936.0,658.0,1910.0,393.0,1983.0,683.0,1945.0,426.0,2178.0,752.0,2101.0,437.0,2230.0,764.0,2146.0,476.0,2416.0,831.0,2339.0,476.0,2460.0,847.0,2388.0,522.0,2672.0,896.0,2617.0,520.0,2727.0,896.0,2692.0,532.0,2964.0,928.0,2930.0,531.0,3034.0,934.0,3028.0,538.0,3277.0,954.0,3258.0,531.0,3350.0,951.0,3361.0,515.0,3596.0,951.0,3602.0,503.0,3694.0,960.0,3714.0,488.0,3943.0,959.0,3958.0,479.0,4043.0,961.0,4063.0,497.0,4280.0,945.0,4294.0
820.0,612.0,1031.0,631.0,820.0,713.0,1024.0,733.0,812.0,756.0,1019.0,767.0,794.0,867.0,1015.0,864.0,794.0,905.0,997.0,914.0,808.0,1045.0,1006.0,1042.0,799.0,1078.0,994.0,1085.0,802.0,1212.0,1000.0,1218.0,809.0,1252.0,988.0,1255.0,809.0,1383.0,992.0,1395.0,805.0,1429.0,985.0,1440.0,805.0,1583.0,980.0,1587.0,793.0,1608.0,983.0,1620.0,787.0,1760.0,985.0,1775.0,787.0,1797.0,974.0,1811.0,790.0,1961.0,997.0,1958.0,793.0,1995.0,1001.0,1991.0,791.0,2151.0,1001.0,2140.0,794.0,2192.0,1015.0,2184.0,791.0,2343.0,1033.0,2324.0,808.0,2379.0,1035.0,2364.0,818.0,2540.0,1058.0,2522.0,820.0,2571.0,1064.0,2558.0,823.0,2741.0,1083.0,2750.0,812.0,2793.0,1088.0,2805.0,794.0,2964.0,1085.0,2990.0,785.0,3010.0,1071.0,3061.0,751.0,3188.0,1044.0,3241.0,744.0,3259.0,1028.0,3313.0,687.0,3433.0,1007.0,3490.0,677.0,3524.0,979.0,3564.0,639.0,3724.0,971.0,3767.0,622.0,3806.0,952.0,3808.0,595.0,4015.0,949.0,4042.0
783.0,488.0,990.0,472.0,790.0,589.0,1002.0,586.0,780.0,633.0,998.0,624.0,797.0,735.0,1005.0,732.0,802.0,768.0,1008.0,778.0,798.0,879.0,987.0,889.0,793.0,921.0,983.0,951.0,773.0,1018.0,967.0,1058.0,758.0,1062.0,951.0,1116.0,736.0,1176.0,912.0,1236.0,729.0,1220.0,899.0,1284.0,663.0,1326.0,866.0,1406.0,669.0,1376.0,841.0,1426.0,623.0,1506.0,823.0,1552.0,609.0,1558.0,802.0,1588.0,591.0,1694.0,804.0,1709.0,584.0,1750.0,795.0,1742.0,598.0,1885.0,801.0,1874.0,593.0,1929.0,798.0,1920.0,601.0,2075.0,836.0,2036.0,605.0,2127.0,840.0,2088.0,615.0,2251.0,861.0,2231.0,622.0,2310.0,858.0,2288.0,638.0,2464.0,897.0,2433.0,636.0,2525.0,894.0,2519.0,651.0,2665.0,917.0,2672.0,636.0,2733.0,898.0,2747.0,612.0,2883.0,906.0,2904.0,604.0,2952.0,891.0,3011.0,568.0,3116.0,879.0,3177.0,554.0,3203.0,852.0,3260.0,509.0,3369.0,820.0,3427.0,507.0,3442.0,798.0,3507.0,461.0,3642.0,795.0,3689.0
844.0,482.0,1077.0,476.0,858.0,596.0,1082.0,585.0,853.0,649.0,1068.0,635.0,860.0,738.0,1077.0,729.0,860.0,768.0,1069.0,761.0,861.0,884.0,1075.0,882.0,860.0,925.0,1069.0,916.0,872.0,1051.0,1062.0,1047.0,890.0,1088.0,1061.0,1076.0,886.0,1196.0,1069.0,1196.0,890.0,1230.0,1062.0,1239.0,876.0,1357.0,1068.0,1368.0,873.0,1397.0,1068.0,1415.0,848.0,1553.0,1051.0,1575.0,846.0,1580.0,1035.0,1609.0,816.0,1737.0,1033.0,1758.0,818.0,1767.0,1015.0,1789.0,791.0,1919.0,1023.0,1927.0,789.0,1956.0,1000.0,1966.0,779.0,2124.0,1028.0,2107.0,779.0,2159.0,1021.0,2139.0,792.0,2330.0,1051.0,2292.0,798.0,2364.0,1051.0,2333.0,813.0,2541.0,1089.0,2488.0,821.0,2583.0,1102.0,2545.0,846.0,2770.0,1145.0,2730.0,849.0,2799.0,1145.0,2790.0,850.0,2967.0,1153.0,2976.0,843.0,3010.0,1146.0,3057.0,805.0,3184.0,1128.0,3229.0,784.0,3240.0,1105.0,3329.0,717.0,3421.0,1071.0,3514.0,705.0,3512.0,1023.0,3582.0,641.0,3716.0,1013.0,3781.0
927.0,531.0,1172.0,512.0,935.0,641.0,1179.0,632.0,949.0,683.0,1196.0,678.0,954.0,793.0,1203.0,782.0,959.0,844.0,1205.0,832.0,972.0,973.0,1210.0,958.0,988.0,1019.0,1198.0,1016.0,1003.0,1151.0,1211.0,1144.0,1001.0,1194.0,1205.0,1195.0,1001.0,1336.0,1215.0,1334.0,996.0,1375.0,1211.0,1384.0,989.0,1502.0,1201.0,1521.0,981.0,1543.0,1191.0,1570.0,966.0,1697.0,1183.0,1719.0,962.0,1746.0,1181.0,1750.0,959.0,1885.0,1181.0,1894.0,955.0,1938.0,1174.0,1946.0,950.0,2096.0,1189.0,2094.0,955.0,2133.0,1181.0,2126.0,955.0,2291.0,1206.0,2279.0,954.0,2337.0,1194.0,2320.0,972.0,2499.0,1227.0,2447.0,967.0,2542.0,1223.0,2509.0,1003.0,2704.0,1269.0,2657.0,986.0,2781.0,1303.0,2760.0,1015.0,2942.0,1330.0,2935.0,1010.0,2981.0,1306.0,2996.0,1013.0,3178.0,1328.0,3181.0,994.0,3232.0,1327.0,3269.0,972.0,3413.0,1296.0,3476.0,944.0,3496.0,1281.0,3568.0,896.0,3691.0,1239.0,3790.0,872.0,3782.0,1226.0,3852.0,788.0,4006.0,1164.0,4104.0
767.0,146.0,968.0,124.0,780.0,225.0,982.0,216.0,779.0,266.0,974.0,257.0,785.0,353.0,986.0,352.0,782.0,395.0,989.0,403.0,782.0,511.0,992.0,521.0,772.0,551.0,976.0,570.0,776.0,654.0,974.0,670.0,771.0,693.0,956.0,718.0,751.0,799.0,948.0,831.0,744.0,828.0,939.0,866.0,717.0,956.0,917.0,996.0,719.0,995.0,902.0,1026.0,694.0,1134.0,896.0,1148.0,700.0,1164.0,892.0,1179.0,693.0,1323.0,905.0,1310.0,698.0,1348.0,898.0,1335.0,706.0,1497.0,928.0,1457.0,719.0,1524.0,919.0,1486.0,730.0,1665.0,953.0,1619.0,750.0,1699.0,952.0,1648.0,761.0,1852.0,1005.0,1793.0,767.0,1895.0,1015.0,1831.0,804.0,2052.0,1065.0,1970.0,811.0,2096.0,1076.0,2029.0,857.0,2256.0,1132.0,2182.0,869.0,2290.0,1156.0,2254.0,884.0,2462.0,1187.0,2438.0,885.0,2520.0,1178.0,2524.0,873.0,2686.0,1176.0,2716.0,853.0,2745.0,1160.0,2821.0,797.0,2913.0,1103.0,3018.0,784.0,2976.0,1078.0,3094.0,665.0,3163.0,988.0,3313.0
553.0,574.0,813.0,571.0,560.0,685.0,808.0,671.0,559.0,714.0,799.0,705.0,566.0,853.0,813.0,836.0,577.0,891.0,800.0,879.0,570.0,1029.0,828.0,1022.0,589.0,1059.0,803.0,1043.0,590.0,1178.0,815.0,1174.0,593.0,1216.0,815.0,1222.0,567.0,1394.0,805.0,1394.0,573.0,1436.0,799.0,1433.0,553.0,1580.0,790.0,1580.0,565.0,1604.0,798.0,1616.0,543.0,1773.0,798.0,1781.0,541.0,1808.0,796.0,1817.0,539.0,1975.0,792.0,1985.0,534.0,2011.0,789.0,2026.0,524.0,2191.0,787.0,2193.0,526.0,2226.0,793.0,2226.0,511.0,2411.0,819.0,2398.0,516.0,2450.0,818.0,2434.0,520.0,2640.0,845.0,2617.0,523.0,2692.0,836.0,2679.0,523.0,2895.0,836.0,2874.0,527.0,2962.0,857.0,2941.0,521.0,3182.0,894.0,3158.0,540.0,3238.0,900.0,3214.0,536.0,3460.0,921.0,3438.0,543.0,3543.0,921.0,3520.0,530.0,3742.0,944.0,3761.0,552.0,3820.0,937.0,3850.0,501.0,4019.0,907.0,4094.0,486.0,4086.0,872.0,4188.0,398.0,4283.0,812.0,4416.0
145.0,109.0,178.0,108.0,145.0,122.0,178.0,124.0,144.0,128.0,178.0,129.0,143.0,146.0,176.0,149.0,143.0,152.0,174.0,155.0,141.0,171.0,172.0,173.0,141.0,179.0,172.0,180.0,140.0,196.0,168.0,201.0,139.0,202.0,169.0,206.0,135.0,222.0,165.0,229.0,134.0,227.0,165.0,232.0,131.0,249.0,162.0,253.0,131.0,256.0,163.0,259.0,128.0,278.0,162.0,280.0,128.0,285.0,161.0,284.0,128.0,308.0,163.0,304.0,127.0,315.0,162.0,312.0,131.0,339.0,167.0,333.0,131.0,346.0,167.0,338.0,139.0,371.0,174.0,361.0,140.0,378.0,177.0,369.0,145.0,406.0,186.0,395.0,144.0,411.0,188.0,403.0,150.0,438.0,196.0,431.0,148.0,445.0,196.0,446.0,146.0,472.0,194.0,475.0,146.0,480.0,194.0,490.0,138.0,506.0,188.0,519.0,132.0,515.0,184.0,533.0,120.0,545.0,174.0,563.0,117.0,557.0,170.0,572.0,106.0,590.0,162.0,604.0,94.0,603.0,160.0,611.0,87.0,644.0,157.0,648.0
233.0,111.0,278.0,111.0,229.0,133.0,276.0,136.0,230.0,139.0,273.0,140.0,229.0,158.0,273.0,159.0,227.0,167.0,277.0,172.0,218.0,191.0,275.0,195.0,217.0,198.0,271.0,209.0,211.0,221.0,265.0,236.0,207.0,231.0,259.0,244.0,196.0,250.0,254.0,268.0,192.0,259.0,251.0,273.0,185.0,284.0,242.0,299.0,185.0,292.0,242.0,305.0,176.0,321.0,237.0,330.0,177.0,328.0,233.0,338.0,170.0,359.0,231.0,362.0,172.0,367.0,231.0,371.0,171.0,402.0,232.0,399.0,174.0,408.0,232.0,407.0,175.0,440.0,240.0,438.0,174.0,450.0,240.0,446.0,173.0,485.0,243.0,484.0,171.0,496.0,238.0,494.0,172.0,535.0,245.0,533.0,171.0,548.0,245.0,544.0,171.0,585.0,248.0,587.0,172.0,599.0,250.0,598.0,165.0,642.0,253.0,636.0,166.0,658.0,255.0,654.0,168.0,694.0,254.0,697.0,163.0,704.0,249.0,709.0,157.0,741.0,243.0,746.0,157.0,758.0,241.0,760.0,145.0,790.0,241.0,794.0
597.0,604.0,828.0,575.0,607.0,717.0,851.0,701.0,601.0,791.0,859.0,760.0,618.0,901.0,867.0,884.0,618.0,959.0,867.0,940.0,626.0,1091.0,872.0,1074.0,636.0,1148.0,861.0,1134.0,647.0,1287.0,876.0,1254.0,651.0,1322.0,876.0,1295.0,663.0,1472.0,905.0,1444.0,665.0,1506.0,900.0,1483.0,690.0,1665.0,915.0,1648.0,700.0,1702.0,923.0,1685.0,708.0,1861.0,948.0,1852.0,710.0,1904.0,946.0,1890.0,715.0,2086.0,966.0,2053.0,715.0,2129.0,966.0,2102.0,719.0,2278.0,977.0,2251.0,719.0,2335.0,983.0,2308.0,706.0,2494.0,1000.0,2484.0,704.0,2540.0,993.0,2540.0,704.0,2701.0,995.0,2707.0,704.0,2740.0,1006.0,2761.0,671.0,2926.0,995.0,2961.0,675.0,3000.0,985.0,3021.0,638.0,3213.0,971.0,3237.0,628.0,3266.0,969.0,3299.0,589.0,3485.0,967.0,3522.0,580.0,3566.0,962.0,3603.0,558.0,3799.0,952.0,3828.0,562.0,3894.0,931.0,3915.0,545.0,4142.0,936.0,4152.0,536.0,4200.0,909.0,4210.0,523.0,4457.0,935.0,4449.0
773.0,433.0,992.0,433.0,771.0,556.0,1001.0,545.0,771.0,581.0,997.0,570.0,777.0,685.0,1001.0,682.0,781.0,716.0,1001.0,717.0,785.0,842.0,1006.0,849.0,792.0,874.0,993.0,883.0,801.0,998.0,994.0,1004.0,797.0,1033.0,973.0,1046.0,783.0,1171.0,982.0,1187.0,784.0,1200.0,986.0,1227.0,781.0,1339.0,971.0,1370.0,777.0,1374.0,964.0,1398.0,757.0,1513.0,943.0,1541.0,749.0,1534.0,947.0,1584.0,728.0,1683.0,930.0,1711.0,718.0,1733.0,930.0,1757.0,687.0,1861.0,914.0,1878.0,696.0,1904.0,907.0,1921.0,672.0,2050.0,909.0,2061.0,673.0,2084.0,913.0,2099.0,665.0,2240.0,900.0,2249.0,665.0,2286.0,907.0,2287.0,644.0,2459.0,909.0,2457.0,637.0,2496.0,910.0,2491.0,638.0,2689.0,919.0,2673.0,630.0,2750.0,900.0,2728.0,653.0,2959.0,937.0,2922.0,658.0,3035.0,927.0,2969.0,726.0,3255.0,1008.0,3149.0,745.0,3314.0,1034.0,3215.0,843.0,3528.0,1140.0,3414.0,869.0,3578.0,1174.0,3490.0,917.0,3755.0,1228.0,3678.0
739.0,196.0,981.0,192.0,752.0,283.0,978.0,283.0,754.0,329.0,971.0,321.0,760.0,431.0,977.0,429.0,755.0,474.0,970.0,480.0,756.0,569.0,973.0,573.0,759.0,620.0,956.0,636.0,751.0,731.0,966.0,751.0,751.0,759.0,950.0,770.0,741.0,895.0,956.0,904.0,747.0,926.0,939.0,949.0,748.0,1060.0,940.0,1081.0,737.0,1099.0,935.0,1112.0,737.0,1239.0,932.0,1245.0,735.0,1281.0,931.0,1287.0,735.0,1408.0,936.0,1422.0,725.0,1475.0,925.0,1458.0,741.0,1613.0,948.0,1581.0,747.0,1659.0,955.0,1625.0,767.0,1788.0,982.0,1748.0,768.0,1828.0,994.0,1791.0,791.0,1963.0,1027.0,1907.0,793.0,2002.0,1039.0,1968.0,809.0,2143.0,1069.0,2110.0,795.0,2179.0,1083.0,2180.0,809.0,2348.0,1089.0,2363.0,806.0,2394.0,1090.0,2412.0,793.0,2579.0,1088.0,2598.0,783.0,2631.0,1085.0,2681.0,759.0,2808.0,1062.0,2846.0,727.0,2894.0,1048.0,2938.0,704.0,3075.0,1025.0,3123.0,688.0,3143.0,1022.0,3179.0,640.0,3369.0,985.0,3379.0
1042.0,417.0,1265.0,438.0,1045.0,510.0,1269.0,520.0,1026.0,546.0,1258.0,564.0,1028.0,644.0,1256.0,661.0,1028.0,689.0,1250.0,708.0,1020.0,792.0,1237.0,804.0,1019.0,830.0,1231.0,848.0,1029.0,949.0,1211.0,980.0,1010.0,984.0,1208.0,1016.0,996.0,1111.0,1175.0,1145.0,984.0,1142.0,1162.0,1177.0,949.0,1270.0,1130.0,1310.0,942.0,1299.0,1121.0,1341.0,900.0,1426.0,1108.0,1476.0,895.0,1453.0,1083.0,1504.0,878.0,1597.0,1064.0,1634.0,868.0,1638.0,1058.0,1669.0,846.0,1779.0,1066.0,1801.0,841.0,1821.0,1054.0,1830.0,849.0,1980.0,1084.0,1966.0,853.0,2006.0,1087.0,2003.0,846.0,2183.0,1095.0,2162.0,846.0,2222.0,1090.0,2203.0,862.0,2408.0,1125.0,2394.0,852.0,2453.0,1140.0,2427.0,865.0,2640.0,1167.0,2615.0,862.0,2695.0,1167.0,2666.0,868.0,2902.0,1208.0,2858.0,876.0,2970.0,1210.0,2928.0,904.0,3168.0,1250.0,3120.0,920.0,3237.0,1250.0,3213.0,914.0,3443.0,1291.0,3414.0,917.0,3484.0,1280.0,3478.0,917.0,3710.0,1282.0,3730.0
415.0,459.0,628.0,457.0,429.0,524.0,633.0,522.0,428.0,567.0,630.0,548.0,441.0,649.0,642.0,643.0,445.0,687.0,637.0,678.0,452.0,759.0,636.0,753.0,449.0,805.0,640.0,812.0,445.0,871.0,633.0,884.0,450.0,904.0,636.0,933.0,449.0,974.0,617.0,1005.0,442.0,1005.0,619.0,1054.0,429.0,1091.0,593.0,1131.0,420.0,1127.0,575.0,1176.0,388.0,1214.0,550.0,1263.0,387.0,1242.0,544.0,1296.0,347.0,1319.0,506.0,1397.0,327.0,1347.0,503.0,1434.0,293.0,1430.0,457.0,1516.0,257.0,1456.0,444.0,1556.0,201.0,1545.0,409.0,1635.0,175.0,1590.0,392.0,1682.0,125.0,1683.0,348.0,1785.0,122.0,1741.0,330.0,1803.0,119.0,1863.0,330.0,1870.0,180.0,1987.0,396.0,1885.0,249.0,2080.0,460.0,1962.0,266.0,2129.0,479.0,1986.0,318.0,2176.0,538.0,2070.0,327.0,2231.0,559.0,2096.0,381.0,2289.0,613.0,2186.0,384.0,2345.0,644.0,2256.0,425.0,2451.0,685.0,2368.0,404.0,2537.0,707.0,2444.0,417.0,2618.0,743.0,2562.0
777.0,414.0,1014.0,390.0,787.0,521.0,1024.0,516.0,797.0,564.0,1017.0,553.0,803.0,658.0,1024.0,658.0,807.0,698.0,1023.0,700.0,812.0,815.0,1027.0,823.0,820.0,859.0,1017.0,871.0,800.0,981.0,1007.0,1000.0,796.0,1003.0,994.0,1034.0,775.0,1143.0,979.0,1176.0,775.0,1175.0,978.0,1200.0,748.0,1312.0,951.0,1348.0,748.0,1345.0,938.0,1368.0,723.0,1486.0,934.0,1507.0,720.0,1529.0,922.0,1542.0,700.0,1670.0,917.0,1689.0,700.0,1709.0,898.0,1716.0,690.0,1866.0,931.0,1863.0,698.0,1907.0,909.0,1882.0,719.0,2058.0,938.0,2029.0,711.0,2103.0,943.0,2063.0,735.0,2266.0,1001.0,2221.0,748.0,2304.0,1018.0,2262.0,772.0,2489.0,1061.0,2440.0,775.0,2523.0,1071.0,2501.0,778.0,2710.0,1093.0,2707.0,767.0,2742.0,1098.0,2767.0,746.0,2918.0,1078.0,2971.0,722.0,2975.0,1068.0,3065.0,669.0,3156.0,1011.0,3247.0,636.0,3217.0,991.0,3313.0,572.0,3402.0,934.0,3530.0,529.0,3479.0,921.0,3563.0,509.0,3704.0,926.0,3745.0
1040.0,584.0,1280.0,586.0,1051.0,700.0,1274.0,693.0,1049.0,742.0,1261.0,751.0,1044.0,853.0,1263.0,871.0,1062.0,907.0,1263.0,916.0,1058.0,1014.0,1258.0,1020.0,1047.0,1052.0,1258.0,1060.0,1027.0,1170.0,1240.0,1205.0,1031.0,1212.0,1227.0,1247.0,1007.0,1323.0,1185.0,1377.0,989.0,1363.0,1178.0,1415.0,962.0,1495.0,1156.0,1535.0,947.0,1530.0,1160.0,1590.0,917.0,1664.0,1124.0,1711.0,908.0,1715.0,1122.0,1753.0,884.0,1844.0,1111.0,1876.0,879.0,1893.0,1113.0,1907.0,886.0,2041.0,1116.0,2029.0,880.0,2096.0,1120.0,2074.0,908.0,2245.0,1154.0,2190.0,922.0,2312.0,1153.0,2252.0,966.0,2468.0,1194.0,2393.0,978.0,2521.0,1218.0,2457.0,1016.0,2675.0,1261.0,2606.0,1031.0,2736.0,1278.0,2691.0,1062.0,2894.0,1321.0,2847.0,1058.0,2951.0,1330.0,2934.0,1035.0,3129.0,1345.0,3109.0,1035.0,3179.0,1350.0,3227.0,1018.0,3343.0,1320.0,3399.0,1000.0,3432.0,1291.0,3481.0,955.0,3615.0,1260.0,3635.0,905.0,3696.0,1239.0,3722.0,872.0,3908.0,1243.0,3934.0
915.0,556.0,1177.0,562.0,912.0,680.0,1160.0,691.0,910.0,723.0,1144.0,729.0,906.0,830.0,1136.0,840.0,909.0,869.0,1128.0,881.0,905.0,990.0,1131.0,993.0,905.0,1039.0,1116.0,1046.0,887.0,1159.0,1113.0,1166.0,876.0,1201.0,1100.0,1197.0,851.0,1317.0,1102.0,1320.0,854.0,1366.0,1087.0,1378.0,839.0,1514.0,1083.0,1542.0,845.0,1565.0,1091.0,1587.0,832.0,1710.0,1074.0,1733.0,835.0,1756.0,1081.0,1766.0,796.0,1906.0,1067.0,1914.0,829.0,1953.0,1058.0,1959.0,815.0,2119.0,1045.0,2126.0,802.0,2159.0,1047.0,2159.0,810.0,2327.0,1061.0,2321.0,803.0,2384.0,1076.0,2371.0,818.0,2572.0,1100.0,2533.0,819.0,2626.0,1100.0,2601.0,839.0,2820.0,1132.0,2792.0,844.0,2865.0,1145.0,2858.0,839.0,3062.0,1158.0,3059.0,829.0,3124.0,1144.0,3144.0,820.0,3327.0,1136.0,3344.0,815.0,3398.0,1147.0,3444.0,777.0,3602.0,1131.0,3665.0,763.0,3694.0,1107.0,3737.0,722.0,3930.0,1086.0,3973.0,700.0,4032.0,1060.0,4065.0,655.0,4198.0,1032.0,4257.0
936.0,1132.0,1172.0,1107.0,949.0,1209.0,1164.0,1195.0,946.0,1248.0,1164.0,1238.0,961.0,1344.0,1165.0,1337.0,967.0,1392.0,1173.0,1376.0,983.0,1487.0,1188.0,1468.0,990.0,1543.0,1183.0,1513.0,1014.0,1649.0,1200.0,1631.0,1010.0,1703.0,1200.0,1703.0,993.0,1843.0,1211.0,1832.0,1003.0,1884.0,1218.0,1868.0,1003.0,2013.0,1225.0,1995.0,1008.0,2069.0,1215.0,2029.0,1017.0,2188.0,1245.0,2163.0,1017.0,2226.0,1243.0,2185.0,1028.0,2348.0,1269.0,2305.0,1032.0,2380.0,1273.0,2353.0,1053.0,2515.0,1304.0,2485.0,1051.0,2543.0,1309.0,2521.0,1055.0,2694.0,1331.0,2679.0,1057.0,2735.0,1333.0,2712.0,1064.0,2901.0,1342.0,2897.0,1055.0,2944.0,1338.0,2947.0,1048.0,3117.0,1337.0,3145.0,1042.0,3153.0,1334.0,3195.0,1021.0,3345.0,1295.0,3383.0,1010.0,3385.0,1287.0,3442.0,978.0,3572.0,1256.0,3625.0,951.0,3621.0,1240.0,3686.0,899.0,3816.0,1213.0,3873.0,882.0,3905.0,1207.0,3953.0,839.0,4107.0,1184.0,4132.0,833.0,4174.0,1182.0,4202.0,810.0,4379.0,1184.0,4421.0
704.0,675.0,935.0,630.0,740.0,803.0,966.0,762.0,746.0,833.0,972.0,788.0,780.0,942.0,1001.0,903.0,820.0,1008.0,1009.0,974.0,831.0,1108.0,1047.0,1076.0,841.0,1139.0,1040.0,1152.0,821.0,1215.0,1005.0,1266.0,809.0,1243.0,986.0,1317.0,741.0,1344.0,925.0,1438.0,718.0,1375.0,905.0,1466.0,641.0,1475.0,822.0,1567.0,608.0,1512.0,808.0,1592.0,563.0,1617.0,780.0,1683.0,544.0,1663.0,772.0,1708.0,521.0,1801.0,762.0,1837.0,515.0,1850.0,760.0,1860.0,526.0,1993.0,762.0,1984.0,541.0,2047.0,765.0,2018.0,560.0,2221.0,814.0,2157.0,572.0,2264.0,824.0,2200.0,612.0,2422.0,895.0,2345.0,637.0,2475.0,896.0,2399.0,676.0,2648.0,967.0,2568.0,688.0,2698.0,988.0,2639.0,721.0,2878.0,1043.0,2813.0,723.0,2933.0,1048.0,2910.0,737.0,3129.0,1072.0,3120.0,730.0,3182.0,1079.0,3204.0,712.0,3376.0,1061.0,3404.0,708.0,3436.0,1044.0,3520.0,641.0,3620.0,998.0,3702.0,638.0,3661.0,982.0,3744.0,571.0,3884.0,923.0,4003.0
563.0,469.0,769.0,461.0,571.0,563.0,765.0,560.0,565.0,599.0,776.0,592.0,565.0,693.0,785.0,693.0,575.0,746.0,769.0,732.0,576.0,836.0,781.0,827.0,585.0,864.0,755.0,872.0,569.0,981.0,753.0,982.0,567.0,1002.0,752.0,1021.0,548.0,1106.0,739.0,1132.0,546.0,1134.0,725.0,1168.0,517.0,1259.0,692.0,1293.0,521.0,1289.0,689.0,1319.0,488.0,1415.0,678.0,1447.0,484.0,1459.0,675.0,1472.0,473.0,1583.0,659.0,1581.0,469.0,1615.0,669.0,1614.0,471.0,1758.0,675.0,1737.0,469.0,1789.0,675.0,1771.0,472.0,1931.0,710.0,1898.0,482.0,1972.0,705.0,1930.0,494.0,2114.0,719.0,2075.0,501.0,2155.0,726.0,2117.0,518.0,2304.0,765.0,2270.0,528.0,2350.0,761.0,2322.0,548.0,2533.0,800.0,2495.0,546.0,2562.0,806.0,2549.0,559.0,2739.0,822.0,2726.0,557.0,2788.0,822.0,2792.0,534.0,2959.0,829.0,2963.0,526.0,3018.0,823.0,3051.0,501.0,3208.0,807.0,3238.0,485.0,3262.0,785.0,3293.0,450.0,3454.0,771.0,3496.0
704.0,658.0,923.0,643.0,710.0,768.0,930.0,752.0,707.0,810.0,944.0,785.0,741.0,920.0,978.0,880.0,749.0,954.0,963.0,928.0,771.0,1060.0,988.0,1042.0,783.0,1123.0,997.0,1099.0,786.0,1232.0,1008.0,1221.0,804.0,1275.0,1023.0,1264.0,789.0,1378.0,1021.0,1388.0,781.0,1413.0,1002.0,1439.0,757.0,1561.0,981.0,1570.0,754.0,1594.0,984.0,1604.0,752.0,1728.0,981.0,1734.0,756.0,1753.0,977.0,1767.0,735.0,1896.0,960.0,1901.0,728.0,1923.0,953.0,1944.0,719.0,2072.0,944.0,2080.0,719.0,2097.0,950.0,2111.0,695.0,2236.0,941.0,2260.0,692.0,2278.0,942.0,2293.0,674.0,2427.0,930.0,2451.0,667.0,2457.0,924.0,2489.0,634.0,2629.0,905.0,2659.0,623.0,2665.0,917.0,2708.0,600.0,2859.0,878.0,2907.0,583.0,2887.0,877.0,2944.0,549.0,3097.0,820.0,3151.0,528.0,3126.0,827.0,3203.0,486.0,3333.0,786.0,3391.0,470.0,3404.0,784.0,3443.0,424.0,3616.0,772.0,3646.0,416.0,3687.0,765.0,3693.0,412.0,3939.0,798.0,3923.0
